step,system_total_stopped,system_total_waiting_time,system_mean_waiting_time,system_mean_speed,J1_stopped,J1_accumulated_waiting_time,J1_average_speed,agents_total_stopped,agents_total_accumulated_waiting_time
5.0,0,0.0,0.0,5.427030076410505,0,0.0,0.39067673820917137,0,0.0
10.0,2,6.0,0.5,5.9299354293602775,2,6.0,0.3121877161612423,2,6.0
15.0,6,30.0,3.0,2.1642738472455876,6,30.0,0.042708490991567864,6,30.0
20.0,6,60.0,7.5,2.0095364272828915,6,60.0,1.2635023430100289e-06,6,60.0
25.0,6,90.0,15.0,0.0,6,90.0,0.0,6,90.0
30.0,0,0.0,0.0,3.6899893181628323,0,68.0,0.15922587480529787,0,68.0
35.0,4,8.0,2.0,0.03435740315991449,4,76.0,0.002337609816782955,4,76.0
40.0,8,28.0,2.3333333333333335,1.620842765657032,8,96.0,0.1360558668221002,8,96.0
45.0,7,57.0,4.071428571428571,3.661444115295653,7,125.0,0.23116213976101582,7,125.0
50.0,8,97.0,7.461538461538462,2.7896188410427003,8,165.0,0.12084836274017412,8,165.0
55.0,8,137.0,13.7,1.6122502752154724,8,205.0,0.0,8,205.0
60.0,8,177.0,22.125,0.0,8,245.0,0.0,8,245.0
65.0,4,44.0,4.888888888888889,1.5234361281501974,3,180.0,0.08056724885799042,3,180.0
70.0,3,5.0,0.5,2.8237951762563798,3,186.0,0.029544679620647163,3,186.0
75.0,8,36.0,3.6,0.9056446108485586,8,217.0,0.06408039043727637,8,217.0
80.0,2,13.0,0.8666666666666667,3.394921765335506,2,135.0,0.2486676692638345,2,135.0
85.0,3,6.0,0.375,4.5230902102484745,3,142.0,0.19918121795627472,3,142.0
90.0,8,38.0,2.923076923076923,3.0615978668937753,8,174.0,0.00014622991891002286,8,174.0
95.0,2,14.0,1.4,3.2218003439813323,2,121.0,0.08969392900090235,2,121.0
100.0,4,8.0,1.0,0.6949007077195175,4,130.0,0.047487189359089604,4,130.0
105.0,8,43.0,5.375,0.0010088053058013903,8,165.0,6.666329987860828e-05,8,165.0
110.0,2,16.0,1.4545454545454546,1.9340507797681348,2,98.0,0.11679602737514415,2,98.0
115.0,4,7.0,0.4375,4.020453265283749,4,106.0,0.21239494898375816,4,106.0
120.0,8,39.0,2.7857142857142856,4.060313052059129,8,138.0,0.13680087396972704,8,138.0
125.0,6,18.0,1.5,2.1758074861692625,5,101.0,0.06361310862037516,5,101.0
130.0,3,5.0,0.4166666666666667,3.006650010342511,3,105.0,0.04166213032542334,3,105.0
135.0,8,35.0,3.888888888888889,1.1527533744048024,8,135.0,0.001067532597824006,8,135.0
140.0,2,14.0,1.5555555555555556,2.6693934022761354,2,95.0,0.10108093144923942,2,95.0
145.0,4,4.0,0.36363636363636365,2.4914016453158845,3,34.0,0.12180499801036655,3,34.0
150.0,2,3.0,0.2,3.76667841811358,2,42.0,0.2053215170650171,2,42.0
155.0,7,29.0,2.0714285714285716,4.368614826954535,7,68.0,0.22359016993542039,7,68.0
160.0,2,11.0,0.9166666666666666,2.7539038347801807,2,52.0,0.10876797422560407,2,52.0
165.0,2,8.0,0.7272727272727273,5.768461773260232,2,22.0,0.20362073036635495,2,22.0
170.0,4,7.0,0.6363636363636364,3.596770266698804,3,20.0,0.06112512775143099,3,20.0
175.0,7,34.0,4.25,1.237119710297156,7,48.0,0.0003532785843910878,7,48.0
180.0,7,69.0,9.857142857142858,0.0,7,83.0,0.0,7,83.0
185.0,7,104.0,8.666666666666666,1.6247139691184476,7,118.0,0.11621669711553073,7,118.0
190.0,2,23.0,1.5333333333333334,3.464603475858212,2,94.0,0.2244828250114856,2,94.0
195.0,5,12.0,0.75,3.881011409773235,5,35.0,0.12818410984820466,5,35.0
200.0,3,4.0,0.26666666666666666,2.282810686665847,3,42.0,0.04431298230655827,3,42.0
205.0,6,28.0,2.1538461538461537,4.0690056942996655,6,54.0,0.03482295433305788,6,54.0
210.0,7,63.0,7.0,1.9659451681612188,7,86.0,0.0,7,86.0
215.0,1,10.0,1.4285714285714286,2.928583491386419,1,59.0,0.11426339757234545,1,59.0
220.0,6,6.0,0.46153846153846156,2.5158715057894123,6,65.0,0.11876766470877216,6,65.0
225.0,8,36.0,2.5714285714285716,4.030761383330784,8,95.0,0.1733716973442109,8,95.0
230.0,8,76.0,6.333333333333333,2.3913607990971806,8,135.0,0.12637906357742262,8,135.0
235.0,4,25.0,2.272727272727273,2.8164226873087355,4,110.0,0.08430932077477363,4,110.0
240.0,3,6.0,0.6,2.2398717861758706,3,116.0,0.033617421884466016,3,116.0
245.0,8,39.0,4.875,0.003497558925608923,8,149.0,0.0002650582601676434,8,149.0
250.0,8,79.0,9.875,3.5828944092953415e-05,8,189.0,2.7985850662512978e-06,8,189.0
255.0,2,25.0,2.272727272727273,1.9692005424412669,2,138.0,0.12417159740135937,2,138.0
260.0,3,8.0,0.5,5.003047190397464,2,83.0,0.28973096534577053,2,83.0
265.0,4,7.0,0.4666666666666667,2.5671564875475927,4,99.0,0.12895431671929422,4,99.0
270.0,7,32.0,2.2857142857142856,3.2428433042183284,7,127.0,0.023933000576546577,7,127.0
275.0,8,72.0,7.2,1.625623419358072,8,167.0,3.8030912535191723e-06,8,167.0
280.0,3,24.0,2.6666666666666665,1.3553168155866215,2,125.0,0.06723696140083665,2,125.0
285.0,4,12.0,1.3333333333333333,2.411847640677646,3,61.0,0.09890651946755057,3,61.0
290.0,2,2.0,0.16666666666666666,2.5455958661422953,2,72.0,0.07869318979722008,2,72.0
295.0,10,30.0,2.142857142857143,2.501554951407759,10,101.0,0.16331803447782647,10,101.0
300.0,8,70.0,5.0,4.705960401523854,8,141.0,0.15130129467160405,8,141.0
305.0,3,23.0,1.9166666666666667,2.3300024846657563,3,111.0,0.06214929655276286,3,111.0
310.0,2,4.0,0.36363636363636365,2.3117479056826507,2,115.0,0.04393433019850034,2,115.0
315.0,8,32.0,3.5555555555555554,1.0856929122532013,8,143.0,0.0008102399332799152,8,143.0
320.0,3,13.0,1.4444444444444444,2.074599873392712,3,110.0,0.07336084139691305,3,110.0
325.0,4,1.0,0.08333333333333333,2.134700331633386,3,55.0,0.07190979032749431,3,55.0
330.0,3,5.0,0.35714285714285715,3.9582687769008706,3,60.0,0.19730118095176233,3,60.0
335.0,3,5.0,0.3333333333333333,3.143501701093741,3,32.0,0.18030083311388745,3,32.0
340.0,3,8.0,0.5714285714285714,1.7700018616990538,3,42.0,0.07103355291000713,3,42.0
345.0,8,40.0,2.857142857142857,3.632912500039106,8,72.0,0.00036708631845904513,8,72.0
350.0,2,15.0,1.5,2.5296069710245357,2,60.0,0.06921650171297618,2,60.0
355.0,2,3.0,0.3333333333333333,2.996766075445553,1,37.0,0.1261555456653888,1,37.0
360.0,3,5.0,0.5555555555555556,2.7355507369994627,3,45.0,0.012871286093975573,3,45.0
365.0,1,3.0,0.23076923076923078,3.175843143992708,1,35.0,0.18781154468929256,1,35.0
370.0,3,6.0,0.4,5.169894907327271,3,41.0,0.2472235546812088,3,41.0
375.0,4,9.0,0.6428571428571429,2.658649311180464,4,34.0,0.09334001036876961,4,34.0
380.0,4,7.0,0.5833333333333334,1.3008241912971004,3,41.0,0.07308368993024925,3,41.0
385.0,8,37.0,3.3636363636363638,1.4344897956327374,8,69.0,0.0005946469740755735,8,69.0
390.0,3,15.0,1.6666666666666667,2.741905684016352,2,63.0,0.08312218923633669,2,63.0
395.0,3,6.0,0.6666666666666666,2.7755843832683995,3,69.0,0.026702108807550754,3,69.0
400.0,4,4.0,0.3076923076923077,2.687475589658062,4,54.0,0.14971167601760024,4,54.0
405.0,1,0.0,0.0,5.844537923291556,1,4.0,0.3652509726749717,1,4.0
410.0,4,4.0,0.26666666666666666,2.590662575295966,4,8.0,0.10058546309258518,4,8.0
415.0,6,28.0,2.1538461538461537,3.5361749082828067,6,32.0,0.04135862457131083,6,32.0
420.0,2,8.0,0.8888888888888888,3.951034229882819,2,37.0,0.13470252220346043,2,37.0
425.0,3,7.0,1.0,2.7886595152055236,3,41.0,0.006982074524733315,3,41.0
430.0,5,30.0,6.0,0.0008893472526415279,5,64.0,6.384175518784513e-05,5,64.0
435.0,6,56.0,6.222222222222222,1.1425592747130808,6,90.0,0.07756425286838892,6,90.0
440.0,7,88.0,6.285714285714286,3.0739659033867537,7,122.0,0.2210423909260679,7,122.0
445.0,8,127.0,9.071428571428571,3.9437045490298877,8,161.0,0.14960994604912162,8,161.0
450.0,4,27.0,2.25,1.9450483800290064,4,125.0,0.04686983308836265,4,125.0
455.0,4,6.0,0.5454545454545454,1.8372623030385584,3,128.0,0.029363365528348978,3,128.0
460.0,3,4.0,0.4444444444444444,2.853935029411004,2,78.0,0.09762269390271283,2,78.0
465.0,2,2.0,0.2222222222222222,2.8870625721838477,2,80.0,0.03316350656402036,2,80.0
470.0,7,26.0,2.6,0.6423645436471974,7,104.0,0.04654578053705223,7,104.0
475.0,10,62.0,4.428571428571429,2.542354222542454,10,140.0,0.18135279834984486,10,140.0
480.0,4,19.0,1.2666666666666666,2.701044560135141,4,99.0,0.17478791775172733,4,99.0
485.0,3,7.0,0.4666666666666667,2.4270412117518703,3,110.0,0.07404796542670802,3,110.0
490.0,6,13.0,0.8666666666666667,3.43183183055202,6,75.0,0.06929416526937149,6,75.0
495.0,5,10.0,0.8333333333333334,1.2721687357569322,4,82.0,0.07770541917224814,4,82.0
500.0,9,43.0,3.909090909090909,1.320205334473634,8,106.0,0.0004532204417671619,8,106.0
505.0,6,15.0,1.25,1.2346853876881434,5,79.0,0.05041026150665738,5,79.0
510.0,4,7.0,0.5,3.4104928301815045,3,60.0,0.22303502833260438,3,60.0
515.0,2,3.0,0.1875,4.9979925508854794,2,70.0,0.23332379384571902,2,70.0
520.0,8,31.0,2.3846153846153846,2.9985457929698347,8,99.0,0.0009368993449069072,8,99.0
525.0,2,12.0,1.2,2.197100803620248,2,78.0,0.058196800634177634,2,78.0
530.0,2,1.0,0.1111111111111111,3.2637385061508475,1,23.0,0.1926282630305949,1,23.0
535.0,4,4.0,0.4444444444444444,1.3679803309162246,3,20.0,0.033244156117493324,3,20.0
540.0,4,20.0,2.5,4.272799266514736,3,22.0,0.11655747161914734,3,22.0
545.0,2,2.0,0.15384615384615385,4.1088110792152674,2,33.0,0.1975741624512211,2,33.0
550.0,1,1.0,0.06666666666666667,3.3725843833731632,1,19.0,0.22122972307363503,1,19.0
555.0,4,8.0,0.5714285714285714,2.5729602292936744,4,29.0,0.07904997062339057,4,29.0
560.0,7,36.0,2.769230769230769,3.987266882534387,7,56.0,0.00035079258359439075,7,56.0
565.0,7,71.0,8.875,1.0421673976736845,7,91.0,0.0,7,91.0
570.0,1,12.0,1.5,3.1541860887076405,1,74.0,0.15201556403852173,1,74.0
575.0,4,9.0,1.2857142857142858,1.9889271540447668,4,84.0,0.01936015764052448,4,84.0
580.0,9,34.0,2.8333333333333335,1.2416453279781192,9,109.0,0.0934469328226461,9,109.0
585.0,8,70.0,5.0,3.646304314196503,8,145.0,0.14841402908994122,8,145.0
590.0,2,18.0,1.2857142857142858,3.1196299237801908,2,108.0,0.16451074060767845,2,108.0
595.0,5,9.0,0.6428571428571429,2.971486499988667,4,118.0,0.07965564208658076,4,118.0
600.0,4,10.0,0.8333333333333334,2.72874697299142,4,81.0,0.08541936746101979,4,81.0
605.0,2,14.0,1.2727272727272727,4.541431066876524,2,24.0,0.17720785474659886,2,24.0
610.0,2,2.0,0.25,3.3867164602438025,1,9.0,0.04308866592159642,1,9.0
615.0,4,14.0,1.5555555555555556,2.8569642959678836,4,22.0,0.15817651397362226,4,22.0
620.0,6,37.0,2.642857142857143,3.1883200169691057,6,45.0,0.25651760302638965,6,45.0
625.0,8,74.0,5.285714285714286,3.872077995693352,8,82.0,0.15979663903688057,8,82.0
630.0,4,23.0,1.9166666666666667,2.7855790654061328,4,71.0,0.08115933158054162,4,71.0
635.0,3,13.0,1.1818181818181819,4.858676947224179,3,34.0,0.18829842869713898,3,34.0
640.0,3,4.0,0.5,3.627750771320448,2,24.0,0.05779660015625254,2,24.0
645.0,3,17.0,3.4,1.8853251816334988,3,38.0,0.0018062788078009305,3,38.0
650.0,0,0.0,0.0,3.117271617681334,0,12.0,0.1427779482578899,0,12.0
655.0,4,1.0,0.07142857142857142,4.007458100750595,4,13.0,0.2547292984932414,4,13.0
660.0,6,19.0,1.4615384615384615,4.766453921868467,6,31.0,0.1731275010462688,6,31.0
665.0,7,53.0,5.3,1.0953797833621237,7,65.0,1.2391388431116287e-05,7,65.0
670.0,1,12.0,1.3333333333333333,3.1301900463155428,1,57.0,0.0939197003414029,1,57.0
675.0,1,3.0,0.5,2.6078403257201352,0,33.0,0.16831795887694817,0,33.0
680.0,2,6.0,1.0,3.775114590496982,2,42.0,0.02375147557837172,2,42.0
685.0,4,0.0,0.0,2.1133203799182008,4,18.0,0.07062144176334377,4,18.0
690.0,1,3.0,0.3,3.947929887522718,1,21.0,0.28121608199483406,1,21.0
695.0,6,21.0,1.6153846153846154,5.382762216982455,6,39.0,0.28168755212816826,6,39.0
700.0,7,56.0,5.090909090909091,2.0484493358176485,7,74.0,1.991458928418279e-05,7,74.0
705.0,2,12.0,1.2,3.464752260978604,2,58.0,0.08689041586316894,2,58.0
710.0,2,5.0,0.625,2.9195896048805126,2,64.0,0.020529623815817438,2,64.0
715.0,6,31.0,5.166666666666667,0.00013050053610128327,6,90.0,8.901716545879551e-06,6,90.0
720.0,6,61.0,10.166666666666666,0.0,6,120.0,0.0,6,120.0
725.0,2,14.0,1.0769230769230769,2.091536921461581,1,85.0,0.17970976127564883,1,85.0
730.0,3,2.0,0.125,4.419516053016923,3,90.0,0.22767189713646507,3,90.0
735.0,3,5.0,0.3333333333333333,3.627803727833218,3,50.0,0.11118957251276834,3,50.0
740.0,4,9.0,0.75,2.3260340041490855,3,59.0,0.06586827137152412,3,59.0
745.0,7,39.0,3.9,1.8525106811504322,7,86.0,0.00014611115767635148,7,86.0
750.0,1,8.0,0.8888888888888888,3.2387008914870465,1,62.0,0.07511483516693702,1,62.0
755.0,1,1.0,0.14285714285714285,2.8353447004004013,0,28.0,0.11324098255959895,0,28.0
760.0,6,11.0,0.8461538461538461,3.041686005421584,5,25.0,0.15535562972421507,5,25.0
765.0,2,4.0,0.2857142857142857,4.4947452924406,2,38.0,0.20549658689150674,2,38.0
770.0,1,1.0,0.07142857142857142,4.121598531958424,1,27.0,0.1717153265223219,1,27.0
775.0,4,6.0,0.6,1.507406484247508,3,33.0,0.0834898083784708,3,33.0
780.0,6,31.0,3.4444444444444446,2.045087606360353,6,59.0,0.00023627557172478206,6,59.0
785.0,2,8.0,1.0,2.965787355710683,1,43.0,0.1082109537930471,1,43.0
790.0,2,4.0,0.5714285714285714,3.183913297822116,2,47.0,0.02812706997651465,2,47.0
795.0,5,26.0,3.25,1.5596634236768259,5,69.0,0.11450183076654319,5,69.0
800.0,5,51.0,3.642857142857143,3.3912855998305935,5,94.0,0.13011056485135722,5,94.0
805.0,8,83.0,5.928571428571429,3.9843047568483803,8,126.0,0.16968676223148244,8,126.0
810.0,4,26.0,2.1666666666666665,2.1013474283745293,3,95.0,0.0893543906964434,3,95.0
815.0,4,8.0,0.7272727272727273,2.5793423206000052,3,102.0,0.0277544539799326,3,102.0
820.0,7,36.0,4.5,1.3341277534368676,7,131.0,0.0003910407294428695,7,131.0
825.0,1,7.0,0.875,2.6628709862903985,1,97.0,0.11301227915792617,1,97.0
830.0,1,0.0,0.0,2.491048525927451,1,22.0,0.14042680381484665,1,22.0
835.0,4,2.0,0.125,3.8230894371770536,4,24.0,0.22282506114480533,4,24.0
840.0,8,26.0,1.8571428571428572,4.0474456825642715,8,48.0,0.13787811783477386,8,48.0
845.0,2,12.0,1.0,2.1348626953320142,2,38.0,0.0587545694468079,2,38.0
850.0,3,10.0,0.9090909090909091,4.8536096133723285,3,23.0,0.175187090351691,3,23.0
855.0,2,2.0,0.25,3.5664134806168724,1,14.0,0.03799944763454406,1,14.0
860.0,0,0.0,0.0,5.529523323247608,0,3.0,0.16590282500715614,0,3.0
865.0,6,4.0,0.6666666666666666,0.009218680112444007,6,7.0,0.0005876060546679591,6,7.0
870.0,2,14.0,1.4,4.011533852506937,2,17.0,0.3144602708555259,2,17.0
875.0,6,36.0,2.769230769230769,4.667383694637952,6,39.0,0.2595821301760851,6,39.0
880.0,2,11.0,1.0,1.9996491088175246,2,42.0,0.08505617090888301,2,42.0
885.0,3,6.0,0.6,2.4265563099958163,2,47.0,0.06312584339365973,2,47.0
890.0,6,31.0,3.875,1.67787129243216,6,70.0,0.0002595544255570891,6,70.0
895.0,1,8.0,1.3333333333333333,1.9627665726473655,1,50.0,0.10529194840177808,1,50.0
900.0,2,5.0,0.8333333333333334,3.986837850714469,2,55.0,0.019894207265558364,2,55.0
905.0,0,0.0,0.0,4.106288744605842,0,30.0,0.2729875522281403,0,30.0
910.0,2,3.0,0.21428571428571427,5.756693938309238,2,33.0,0.2871174244994981,2,33.0
915.0,3,4.0,0.3333333333333333,2.056857484571382,3,24.0,0.09803555807490333,3,24.0
920.0,5,9.0,0.8181818181818182,2.2372351340923444,4,33.0,0.06794037813509055,4,33.0
925.0,7,36.0,4.0,1.4494303129525594,6,57.0,8.090326945571361e-05,6,57.0
930.0,1,7.0,1.0,2.4141636762163627,1,40.0,0.08667911380584975,1,40.0
935.0,2,5.0,0.8333333333333334,2.6757247448261103,1,31.0,0.01391011945888604,1,31.0
940.0,4,1.0,0.08333333333333333,3.6435868151786104,4,37.0,0.1431503685790189,4,37.0
945.0,4,14.0,1.0769230769230769,4.463381872341627,4,50.0,0.203774306762476,4,50.0
950.0,7,45.0,3.75,3.3650395406304323,7,81.0,0.1476654582603932,7,81.0
955.0,7,80.0,8.88888888888889,1.141530782594975,7,116.0,1.1710311027800102e-06,7,116.0
960.0,1,16.0,1.7777777777777777,3.8373442883784685,1,95.0,0.1151405726106172,1,95.0
965.0,2,3.0,0.42857142857142855,2.916677935835968,1,27.0,0.1787181177541952,1,27.0
970.0,3,7.0,1.1666666666666667,2.010216663921144,2,19.0,0.02744494643608893,2,19.0
975.0,1,1.0,0.1,4.9199576377943215,1,28.0,0.20463789232420404,1,28.0
980.0,4,17.0,1.3076923076923077,3.8249319299213735,4,44.0,0.29206725912824083,4,44.0
985.0,6,45.0,3.4615384615384617,4.352912761196311,6,72.0,0.18798616092137677,6,72.0
990.0,3,15.0,1.3636363636363635,2.7174472969445924,3,58.0,0.06871151211439269,3,58.0
995.0,5,7.0,0.875,0.9347284102393946,4,62.0,0.030560004232616247,4,62.0
1000.0,2,4.0,0.5,2.8622083833074865,2,48.0,0.1418608876880477,2,48.0
1005.0,3,9.0,1.2857142857142858,3.2677037628500822,3,58.0,0.015379419393753114,3,58.0
1010.0,5,32.0,4.0,0.7846237654382711,5,82.0,0.054106095814982,5,82.0
1015.0,4,8.0,0.5333333333333333,3.4395727079925233,4,50.0,0.2569630247995794,4,50.0
1020.0,5,10.0,0.6666666666666666,3.7483392303787126,4,57.0,0.1763302850666289,4,57.0
1025.0,2,4.0,0.3076923076923077,3.4877544379772023,2,71.0,0.09535418850321153,2,71.0
1030.0,5,25.0,2.272727272727273,4.8295805183729845,5,89.0,0.0011480550356722243,5,89.0
1035.0,5,50.0,8.333333333333334,1.3202190623001733,5,114.0,9.061082667457522e-06,5,114.0
1040.0,1,12.0,2.0,2.5367859322850688,1,73.0,0.07314922687075873,1,73.0
1045.0,5,5.0,0.625,1.8246979139739892,5,79.0,0.026163511617406245,5,79.0
1050.0,4,22.0,2.2,3.6326920680162167,4,96.0,0.26912597146262673,4,96.0
1055.0,5,44.0,3.3846153846153846,4.962375279089595,5,118.0,0.26584789342447296,5,118.0
1060.0,7,78.0,7.090909090909091,2.32688518873543,7,152.0,1.2339528371107324e-05,7,152.0
1065.0,2,19.0,1.9,3.188558676520356,2,116.0,0.061093945318109216,2,116.0
1070.0,2,2.0,0.2222222222222222,3.895913327668432,1,62.0,0.09673803576752069,1,62.0
1075.0,2,5.0,0.7142857142857143,3.59467040059113,2,62.0,0.034430560372166644,2,62.0
1080.0,3,8.0,1.6,2.778085655987943,3,73.0,0.005311644611148624,3,73.0
1085.0,4,27.0,2.7,2.936897172783664,4,92.0,0.21816381695529358,4,92.0
1090.0,1,9.0,0.6428571428571429,4.1895099234807605,1,59.0,0.2802396541926165,1,59.0
1095.0,4,9.0,0.75,2.194831076967501,4,68.0,0.0982117982019382,4,68.0
1100.0,6,37.0,3.0833333333333335,4.060171643352628,6,96.0,0.00025516139038827943,6,96.0
1105.0,3,10.0,1.25,2.7533203844178296,2,63.0,0.11287900403322797,2,63.0
1110.0,3,7.0,1.0,1.0425032316781722,2,43.0,0.07466555350960748,2,43.0
1115.0,2,5.0,0.7142857142857143,3.9067669878214804,2,40.0,0.03789409741375088,2,40.0
1120.0,3,0.0,0.0,5.061859948856851,3,7.0,0.26275280655438005,3,7.0
1125.0,2,4.0,0.3076923076923077,4.552104649519203,2,11.0,0.22986529937069883,2,11.0
1130.0,3,4.0,0.2857142857142857,3.943985075762956,3,16.0,0.17064165100657477,3,16.0
1135.0,7,26.0,2.3636363636363638,1.5805070656520603,6,31.0,0.014634899205718973,6,31.0
1140.0,2,3.0,0.3,3.7215184589006527,1,33.0,0.10192287956358381,1,33.0
1145.0,4,19.0,2.7142857142857144,2.3409321916701282,4,40.0,0.0015864139744524877,4,40.0
1150.0,4,39.0,7.8,2.1161316690100813,4,60.0,9.222893038880759e-06,4,60.0
1155.0,2,14.0,1.75,2.499636345006856,2,51.0,0.14605547561654378,2,51.0
1160.0,2,3.0,0.23076923076923078,4.346707290243648,2,55.0,0.3126061316022693,2,55.0
1165.0,6,25.0,1.9230769230769231,4.402715774663214,6,77.0,0.1863441403933973,6,77.0
1170.0,4,10.0,1.0,2.100128081946698,4,67.0,0.09561339233039107,4,67.0
1175.0,4,6.0,0.6666666666666666,2.234256071562983,3,71.0,0.01783478429439264,3,71.0
1180.0,6,31.0,4.428571428571429,1.4020021892300696,6,97.0,0.00014627399391950878,6,97.0
1185.0,2,8.0,1.1428571428571428,1.840722796969682,2,69.0,0.07895207520555288,2,69.0
1190.0,3,6.0,0.6,3.202981954572639,3,76.0,0.074326227708308,3,76.0
1195.0,3,1.0,0.06666666666666667,4.003824795212803,3,35.0,0.24645472719307995,3,35.0
1200.0,3,7.0,0.5384615384615384,4.746183623831813,3,42.0,0.2094114597247735,3,42.0
1205.0,7,38.0,3.8,1.4927193766590423,7,73.0,0.00023382705493976607,7,73.0
1210.0,2,8.0,0.8888888888888888,3.6076523119273194,2,57.0,0.10579356941396696,2,57.0
1215.0,1,2.0,0.25,3.227765462621954,0,29.0,0.09956967161498373,0,29.0
1220.0,2,5.0,0.7142857142857143,3.3919461569937535,2,34.0,0.026062890268779733,2,34.0
1225.0,7,22.0,2.75,0.017445628673600975,7,51.0,0.0011114404267095347,7,51.0
1230.0,5,47.0,4.2727272727272725,3.008567300523895,5,76.0,0.2198834525272413,5,76.0
1235.0,2,11.0,0.7333333333333333,3.133759715468473,2,48.0,0.20246227183768853,2,48.0
1240.0,4,7.0,0.5,2.6077577429088303,4,56.0,0.07270888488503059,4,56.0
1245.0,4,7.0,0.5,3.3517729793876505,4,49.0,0.057298243899750544,4,49.0
1250.0,5,9.0,0.8181818181818182,2.438697763718489,4,60.0,0.07937418337440068,4,60.0
1255.0,3,6.0,0.6,2.4258364099787637,3,46.0,0.06581867609629517,3,46.0
1260.0,3,6.0,0.6666666666666666,3.3923325244809037,2,41.0,0.027770842635005892,2,41.0
1265.0,1,1.0,0.07692307692307693,4.114538205329634,1,15.0,0.2207319185484043,1,15.0
1270.0,0,0.0,0.0,6.202221433088967,0,2.0,0.3794793464977431,0,2.0
1275.0,1,2.0,0.15384615384615385,2.7377503889605856,1,4.0,0.08266404959943444,1,4.0
1280.0,4,15.0,1.25,4.796861032875264,4,17.0,0.04358051927057649,4,17.0
1285.0,5,39.0,5.571428571428571,2.896064535064333,5,41.0,2.5235562454519247e-05,5,41.0
1290.0,1,9.0,1.5,2.8990994544094963,1,30.0,0.09283049582891068,1,30.0
1295.0,1,0.0,0.0,6.6563690836257825,1,10.0,0.28107534367936693,1,10.0
1300.0,3,0.0,0.0,5.112642263082245,3,0.0,0.22828795164158164,3,0.0
1305.0,1,3.0,0.21428571428571427,6.110209735480881,1,3.0,0.2948963732108554,1,3.0
1310.0,7,29.0,2.6363636363636362,1.7977128056030092,7,29.0,0.11635108965702866,7,29.0
1315.0,2,8.0,0.8,2.2945536513776803,2,37.0,0.07708446974188533,2,37.0
1320.0,5,8.0,1.0,2.158868930548431,4,42.0,0.0236464735529681,4,42.0
1325.0,5,29.0,4.833333333333333,1.7238733172603826,5,64.0,0.0004201720203934261,5,64.0
1330.0,5,54.0,10.8,0.0,5,89.0,0.0,5,89.0
1335.0,0,0.0,0.0,3.2742556544467516,0,59.0,0.24755638572354743,0,59.0
1340.0,3,4.0,0.26666666666666666,3.3377216055820327,3,63.0,0.228315858081631,3,63.0
1345.0,7,30.0,2.0,4.111233185025321,7,89.0,0.15491523709335925,7,89.0
1350.0,8,69.0,6.2727272727272725,1.75834508254255,8,128.0,1.1558269046694064e-05,8,128.0
1355.0,2,22.0,2.4444444444444446,2.2502029244965374,2,87.0,0.08628015820632677,2,87.0
1360.0,1,3.0,0.375,5.650915426248362,0,36.0,0.26668598763334117,0,36.0
1365.0,1,1.0,0.2,3.8669046522009,1,16.0,0.04571453705256583,1,16.0
1370.0,0,0.0,0.0,3.09045338016494,0,16.0,0.0954840662808405,0,16.0
1375.0,5,8.0,0.6153846153846154,3.5203253291164547,5,24.0,0.26498925710337895,5,24.0
1380.0,6,29.0,2.230769230769231,4.76817894109538,6,45.0,0.20858421431593008,6,45.0
1385.0,7,64.0,6.4,1.8327502322694034,7,80.0,1.2472326400551422e-06,7,80.0
1390.0,1,12.0,1.3333333333333333,3.3931694699549237,1,61.0,0.12607868585928805,1,61.0
1395.0,1,3.0,0.42857142857142855,3.058156026376661,0,33.0,0.10814848583549112,0,33.0
1400.0,1,3.0,0.5,4.390092923589142,1,30.0,0.06332748325758211,1,30.0
1405.0,4,0.0,0.0,4.377688639719782,4,1.0,0.08667208474422834,4,1.0
1410.0,1,4.0,0.4,5.578959904511467,1,5.0,0.3324690079727403,1,5.0
1415.0,4,17.0,1.3076923076923077,5.185535047550374,4,18.0,0.23580866977623122,4,18.0
1420.0,7,49.0,4.9,1.7760574105468527,7,50.0,7.93177824898627e-05,7,50.0
1425.0,2,17.0,2.125,2.052189070901156,2,49.0,0.05393350072291662,2,49.0
1430.0,1,2.0,0.3333333333333333,1.542895406989061,1,52.0,0.03688574873098896,1,52.0
1435.0,5,19.0,3.1666666666666665,1.9624899123234856,5,69.0,0.0005860614218314791,5,69.0
1440.0,1,1.0,0.2,2.4638295282313925,0,45.0,0.177651271589546,0,45.0
1445.0,3,5.0,0.4166666666666667,3.374748749331312,3,51.0,0.20705122421837877,3,51.0
1450.0,7,31.0,2.2142857142857144,4.383813905557038,7,77.0,0.22348037329027273,7,77.0
1455.0,8,71.0,5.916666666666667,1.6796171355369258,8,117.0,0.023886682470275984,8,117.0
1460.0,8,111.0,11.1,1.400537914925487,8,157.0,0.0,8,157.0
1465.0,3,33.0,3.6666666666666665,2.065833551240122,3,116.0,0.06607087015988641,3,116.0
1470.0,1,2.0,0.2222222222222222,6.2454161815331775,0,52.0,0.21318339563124217,0,52.0
1475.0,2,5.0,0.8333333333333334,5.189910474989384,2,46.0,0.036209960611937216,2,46.0
1480.0,4,0.0,0.0,4.739475732365856,4,5.0,0.24094519051158844,4,5.0
1485.0,1,2.0,0.15384615384615385,4.336128678698118,1,7.0,0.28244582154870435,1,7.0
1490.0,7,28.0,2.1538461538461537,3.7030434932794143,7,33.0,0.13502137148093718,7,33.0
1495.0,3,10.0,1.0,2.5191951162567503,3,38.0,0.08328306607610712,3,38.0
1500.0,3,8.0,1.0,1.8879225006236342,2,42.0,0.03277835424320073,2,42.0
1505.0,4,26.0,3.7142857142857144,2.982375680882843,4,61.0,0.0017777572442164778,4,61.0
1510.0,0,0.0,0.0,2.4763664328630535,0,43.0,0.1441690074636457,0,43.0
1515.0,0,0.0,0.0,4.484403781831936,0,0.0,0.29352331004625337,0,0.0
1520.0,0,0.0,0.0,5.9199517597300595,0,0.0,0.3651903310941131,0,0.0
1525.0,5,15.0,1.1538461538461537,5.357370071659566,5,15.0,0.20669756067999748,5,15.0
1530.0,6,45.0,5.0,2.2923658293747766,6,45.0,4.541054152260386e-06,6,45.0
1535.0,0,0.0,0.0,4.288027022787735,0,40.0,0.143833368634242,0,40.0
1540.0,0,0.0,0.0,5.251740184978537,0,0.0,1.0,0,0.0
1545.0,0,0.0,0.0,9.25431659612048,0,0.0,1.0,0,0.0
1550.0,0,0.0,0.0,3.675445026896976,0,0.0,0.18763666066005555,0,0.0
1555.0,4,0.0,0.0,4.0468789063478114,4,0.0,0.3016335009847207,4,0.0
1560.0,4,12.0,1.0,4.709925099077656,4,12.0,0.15611085991756599,4,12.0
1565.0,6,42.0,4.666666666666667,1.5295714330113634,6,42.0,6.241047227314032e-06,6,42.0
1570.0,1,10.0,1.4285714285714286,3.224780079179222,1,38.0,0.08284464297704996,1,38.0
1575.0,2,4.0,0.8,2.535152064015929,2,42.0,0.009659937307150505,2,42.0
1580.0,4,24.0,6.0,2.6973415799559355e-05,4,62.0,1.6110258695218382e-06,4,62.0
1585.0,5,1.0,0.125,1.6039535663461255,4,35.0,0.07953775671973191,4,35.0
1590.0,3,6.0,0.46153846153846156,5.097499882532334,3,41.0,0.27916081536452986,3,41.0
1595.0,0,0.0,0.0,3.0425362309060615,0,5.0,0.22719953388645422,0,5.0
1600.0,4,8.0,0.5714285714285714,3.306846185341786,4,16.0,0.08158226880923068,4,16.0
1605.0,6,36.0,3.0,4.230080718687817,6,41.0,0.00014129575426248127,6,41.0
1610.0,0,0.0,0.0,3.0820746765226232,0,36.0,0.09089355318733917,0,36.0
1615.0,0,0.0,0.0,4.976895488667082,0,9.0,0.2613421924262828,0,9.0
1620.0,1,5.0,1.6666666666666667,9.195407962823884,1,14.0,0.0,1,14.0
1625.0,1,10.0,1.1111111111111112,3.6601360982617135,1,19.0,0.2674642075641137,1,19.0
1630.0,4,22.0,1.6923076923076923,5.303290682006706,4,31.0,0.28390737676203587,4,31.0
1635.0,2,5.0,0.4166666666666667,3.8554695277903352,2,21.0,0.1291346921947061,2,21.0
1640.0,3,7.0,0.7777777777777778,2.4565637151174715,3,29.0,0.051441415890099235,3,29.0
1645.0,5,31.0,4.428571428571429,2.6008489087496143,5,51.0,2.9433999039951543e-06,5,51.0
1650.0,0,0.0,0.0,3.646356687535868,0,36.0,0.16622235261932475,0,36.0
1655.0,3,7.0,1.75,3.2964535417085488,3,43.0,0.0012711344104725801,3,43.0
1660.0,7,22.0,2.0,1.9234697146389494,7,58.0,0.1263844586676459,7,58.0
1665.0,6,44.0,3.142857142857143,4.494654178316528,6,80.0,0.21433050230387166,6,80.0
1670.0,8,80.0,6.666666666666667,1.9767850014196044,8,116.0,0.11121308675835458,8,116.0
1675.0,3,20.0,2.0,2.578179679167631,3,82.0,0.07461718904639818,3,82.0
1680.0,1,2.0,0.2,3.2545750254159755,1,83.0,0.027108122057132977,1,83.0
1685.0,7,29.0,4.142857142857143,0.010660584764398875,7,110.0,0.0007285054462730447,7,110.0
1690.0,1,8.0,1.1428571428571428,3.221960358946841,1,75.0,0.14069428512378038,1,75.0
1695.0,0,0.0,0.0,6.067251285147289,0,8.0,0.2785930975711482,0,8.0
1700.0,3,3.0,0.2,5.259055960678058,3,11.0,0.3135030634561749,3,11.0
1705.0,7,27.0,2.076923076923077,4.590990835311295,7,35.0,0.19377904293702294,7,35.0
1710.0,7,62.0,6.888888888888889,0.9488667519034293,7,70.0,1.1789614519383351e-06,7,70.0
1715.0,1,12.0,1.5,3.8777410052318575,1,58.0,0.11389090219906992,1,58.0
1720.0,0,0.0,0.0,8.28403590708942,0,12.0,0.3658947848147736,0,12.0
1725.0,0,0.0,0.0,8.802458931836833,0,0.0,1.0,0,0.0
1730.0,0,0.0,0.0,4.091953048892373,0,0.0,0.14180125008191383,0,0.0
1735.0,4,0.0,0.0,4.537622010307438,4,0.0,0.3161043120386179,4,0.0
1740.0,0,0.0,0.0,6.631380122894723,0,0.0,0.3665947569900538,0,0.0
1745.0,2,6.0,0.75,3.4600555242978626,2,6.0,0.015927077615105416,2,6.0
1750.0,1,1.0,0.16666666666666666,5.21796326446606,0,6.0,0.17881210481597337,0,6.0
1755.0,0,0.0,0.0,5.963190491534743,0,0.0,1.0,0,0.0
1760.0,0,0.0,0.0,13.535934203063091,0,0.0,1.0,0,0.0
1765.0,4,0.0,0.0,0.0,4,0.0,0.0,4,0.0
1770.0,0,0.0,0.0,5.767189523690963,0,0.0,0.407527280557786,0,0.0
1775.0,0,0.0,0.0,4.709363663335236,0,0.0,0.3109655337376225,0,0.0
1780.0,1,2.0,0.2,3.230874842916939,1,4.0,0.09819348256224046,1,4.0
1785.0,3,17.0,1.8888888888888888,5.230036181741606,3,17.0,4.975996881229701e-06,3,17.0
1790.0,3,32.0,6.4,3.4027872894308286,3,32.0,0.0,3,32.0
1795.0,0,0.0,0.0,5.097276783858547,0,13.0,0.31751081979181406,0,13.0
1800.0,1,4.0,1.3333333333333333,8.74719413358104,1,17.0,1.0499724521950462e-05,1,17.0
1805.0,1,9.0,1.0,4.4433601696308385,1,22.0,0.3349559804618949,1,22.0
1810.0,0,0.0,0.0,4.361086280501599,0,0.0,0.33402604726652363,0,0.0
1815.0,3,9.0,0.75,2.961800101048473,3,9.0,0.10291360718718034,3,9.0
1820.0,5,31.0,2.8181818181818183,4.117936124279895,5,31.0,0.0003080099379268316,5,31.0
1825.0,0,0.0,0.0,3.2201951074990918,0,25.0,0.11053703519111646,0,25.0
1830.0,1,2.0,0.4,4.758031713444636,1,20.0,0.1811298807045799,1,20.0
1835.0,2,6.0,2.0,3.8968299641627397,2,26.0,0.0008624581611902157,2,26.0
1840.0,6,16.0,1.6,2.489190691371914,6,36.0,0.16744821014758066,6,36.0
1845.0,4,30.0,2.142857142857143,4.4489887919663085,4,50.0,0.21614977007256295,4,50.0
1850.0,2,5.0,0.4166666666666667,2.1775171419212094,2,22.0,0.15400893005572175,2,22.0
1855.0,4,7.0,0.5833333333333334,3.0555650210560983,3,28.0,0.08912851635771264,3,28.0
1860.0,7,33.0,3.6666666666666665,1.7268876568867915,6,54.0,7.449518839548206e-05,6,54.0
1865.0,0,0.0,0.0,4.4883530244430565,0,43.0,0.1470087869037602,0,43.0
1870.0,0,0.0,0.0,6.46810351538261,0,0.0,1.0,0,0.0
1875.0,0,0.0,0.0,6.296547717926546,0,0.0,0.26819936804946487,0,0.0
1880.0,0,0.0,0.0,6.684551339159067,0,0.0,0.388542839893549,0,0.0
1885.0,2,3.0,0.3,3.7901945465794724,2,3.0,0.2340177497763481,2,3.0
1890.0,4,19.0,1.9,4.734352919234885,4,19.0,0.00024032195754781666,4,19.0
1895.0,1,1.0,0.16666666666666666,4.814240273318668,0,12.0,0.20123939379501438,0,12.0
1900.0,2,6.0,1.5,5.939650861493585,2,18.0,0.0005231266687446914,2,18.0
1905.0,0,0.0,0.0,3.250595638199112,0,0.0,1.0,0,0.0
1910.0,0,0.0,0.0,5.392038416774681,0,0.0,0.13532388756728703,0,0.0
1915.0,4,0.0,0.0,4.369549319437608,4,0.0,0.3366905533226001,4,0.0
1920.0,2,3.0,0.25,4.002144603367262,2,3.0,0.26690758103561235,2,3.0
1925.0,4,10.0,1.0,2.094888995168111,4,14.0,0.08848262409055775,4,14.0
1930.0,4,30.0,3.0,4.26883867051228,4,30.0,0.031395839705088906,4,30.0
1935.0,4,50.0,8.333333333333334,2.594062595886236,4,50.0,0.0,4,50.0
1940.0,0,0.0,0.0,3.2783997935950953,0,29.0,0.21620988731736507,0,29.0
1945.0,4,0.0,0.0,3.8684159901483093,4,0.0,0.0,4,0.0
1950.0,1,0.0,0.0,5.762687982572537,1,0.0,0.3738851958382685,1,0.0
1955.0,3,7.0,0.5833333333333334,5.5844336488378845,3,7.0,0.28487145346875564,3,7.0
1960.0,6,34.0,3.4,2.0453605439259244,6,34.0,0.0432201983224741,6,34.0
1965.0,1,5.0,0.625,3.874257873555326,1,37.0,0.12643360040600926,1,37.0
1970.0,4,7.0,1.4,1.2009850562914837,4,39.0,0.0010965195161301551,4,39.0
1975.0,1,1.0,0.25,2.622622475089565,0,23.0,0.20669828950277178,0,23.0
1980.0,0,0.0,0.0,7.5623295445976755,0,0.0,1.0,0,0.0
1985.0,0,0.0,0.0,5.570259618785818,0,0.0,0.37342864912814544,0,0.0
1990.0,0,0.0,0.0,5.474157308371164,0,0.0,0.34090078144138064,0,0.0
1995.0,3,4.0,0.4,3.762501606781447,3,4.0,0.1299097795566422,3,4.0
2000.0,3,19.0,2.111111111111111,5.121463609279783,3,19.0,0.0,3,19.0
2005.0,1,1.0,0.2,3.9950768388952667,0,9.0,0.15684447442673768,0,9.0
2010.0,1,5.0,1.6666666666666667,5.573309383365902,0,0.0,1.0,0,0.0
2015.0,0,0.0,0.0,11.525719655403996,0,0.0,1.0,0,0.0
2020.0,4,0.0,0.0,2.8700768160051666,4,0.0,0.22426926856253876,4,0.0
2025.0,2,3.0,0.25,5.280584037666345,2,3.0,0.2606546784767184,2,3.0
2030.0,1,1.0,0.09090909090909091,4.136533261508769,1,6.0,0.19270492747315882,1,6.0
2035.0,5,9.0,1.125,1.467113416863353,4,14.0,0.07533153666050875,4,14.0
2040.0,5,29.0,4.142857142857143,2.0946917272526426,4,33.0,4.028837494438463e-06,4,33.0
2045.0,0,0.0,0.0,4.358148383516573,0,19.0,0.16560778520983735,0,19.0
2050.0,0,0.0,0.0,7.672905467511967,0,0.0,1.0,0,0.0
2055.0,0,0.0,0.0,6.073311177393207,0,0.0,0.2727350951309203,0,0.0
2060.0,1,1.0,0.08333333333333333,5.451929204637413,1,1.0,0.4017178486282446,1,1.0
2065.0,5,19.0,1.5833333333333333,4.614027183383148,5,19.0,0.20329449176304976,5,19.0
2070.0,1,1.0,0.1111111111111111,3.9893219938240616,1,23.0,0.1436486656101262,1,23.0
2075.0,5,12.0,2.0,1.0998262957504477,4,33.0,0.0005778758347530897,4,33.0
2080.0,1,1.0,0.2,4.036091618063654,0,19.0,0.21637318063625946,0,19.0
2085.0,0,0.0,0.0,7.897188867302055,0,0.0,1.0,0,0.0
2090.0,0,0.0,0.0,5.484629818405654,0,0.0,0.11978847709180984,0,0.0
2095.0,4,0.0,0.0,5.703082217129018,4,0.0,0.2990032685052577,4,0.0
2100.0,1,2.0,0.2,6.587319793423146,1,2.0,0.3437118883914474,1,2.0
2105.0,5,20.0,2.857142857142857,1.1286835834798723,4,19.0,3.3047699132219074e-05,4,19.0
2110.0,1,1.0,0.16666666666666666,5.039621791313838,0,13.0,0.24043542128565887,0,13.0
2115.0,0,0.0,0.0,8.084447492500455,0,0.0,1.0,0,0.0
2120.0,0,0.0,0.0,11.096568582727588,0,0.0,1.0,0,0.0
2125.0,4,0.0,0.0,0.0,4,0.0,0.0,4,0.0
2130.0,0,0.0,0.0,6.053944689614033,0,0.0,0.42401837130268827,0,0.0
2135.0,1,1.0,0.08333333333333333,4.797305646740882,1,1.0,0.32319810409989824,1,1.0
2140.0,3,5.0,0.5,2.2314527539615865,3,6.0,0.09538983573797216,3,6.0
2145.0,4,25.0,2.5,4.464843350418024,4,25.0,1.556922021832498e-05,4,25.0
2150.0,1,1.0,0.16666666666666666,4.640077659114284,0,17.0,0.24265683308510266,0,17.0
2155.0,1,3.0,0.75,6.6428056213004965,0,0.0,1.0,0,0.0
2160.0,0,0.0,0.0,10.029377567553821,0,0.0,1.0,0,0.0
2165.0,0,0.0,0.0,4.9069218177523,0,0.0,0.3665708560727609,0,0.0
2170.0,0,0.0,0.0,5.671411377940765,0,0.0,0.40731274478590607,0,0.0
2175.0,4,12.0,1.2,2.6566504101584316,4,12.0,0.013447828724387526,4,12.0
2180.0,0,0.0,0.0,4.163642198348583,0,16.0,0.08159900272830245,0,16.0
2185.0,0,0.0,0.0,7.4984492522596575,0,3.0,0.07030523868086436,0,3.0
2190.0,0,0.0,0.0,7.046102038603537,0,0.0,1.0,0,0.0
2195.0,0,0.0,0.0,0.0,0,0.0,1.0,0,0.0
2200.0,4,0.0,0.0,2.9491435359086613,4,0.0,0.20979082697255666,4,0.0
2205.0,0,0.0,0.0,6.862155756532914,0,0.0,0.4161068121096272,0,0.0
2210.0,1,2.0,0.2,4.351490540435136,1,2.0,0.19626240071195505,1,2.0
2215.0,4,9.0,1.125,3.5227153707150807,4,12.0,0.056568958444812155,4,12.0
2220.0,1,4.0,0.5714285714285714,5.4193830326046974,1,15.0,0.1269480797019858,1,15.0
2225.0,1,9.0,2.25,4.58223267724347,1,12.0,0.0,1,12.0
2230.0,0,0.0,0.0,7.794167061176307,0,0.0,1.0,0,0.0
2235.0,0,0.0,0.0,5.580130892680009,0,0.0,0.24865514285789242,0,0.0
2240.0,0,0.0,0.0,6.991371427518256,0,0.0,0.4246700525250907,0,0.0
2245.0,2,5.0,0.5,4.149719612904017,2,5.0,0.2516241907927724,2,5.0
2250.0,4,9.0,0.9,3.6370159401793423,3,14.0,0.0671820337961395,3,14.0
2255.0,2,5.0,0.625,3.945333239565668,1,17.0,0.07157367364653491,1,17.0
2260.0,2,14.0,2.8,3.7846650282604832,2,20.0,0.0,2,20.0
2265.0,1,1.0,0.5,2.4501095404499216,0,0.0,1.0,0,0.0
2270.0,0,0.0,0.0,4.634805995924083,0,0.0,0.11612947753406319,0,0.0
2275.0,4,0.0,0.0,5.861166266055079,4,0.0,0.330670449628315,4,0.0
2280.0,2,3.0,0.3,3.972653381079703,1,2.0,0.32795713969656487,1,2.0
2285.0,1,4.0,0.4,3.8679250634595164,1,6.0,0.08579688682350384,1,6.0
2290.0,2,14.0,1.75,6.066363632932888,2,14.0,0.06951158086207694,2,14.0
2295.0,2,24.0,6.0,3.5126049785232984,2,24.0,0.0,2,24.0
2300.0,0,0.0,0.0,2.959160243795733,0,0.0,1.0,0,0.0
2305.0,4,0.0,0.0,3.9629029148339825,4,0.0,0.0,4,0.0
2310.0,0,0.0,0.0,5.966398647305265,0,0.0,0.45363210226268375,0,0.0
2315.0,0,0.0,0.0,5.158218616328244,0,0.0,0.3609519560241798,0,0.0
2320.0,2,5.0,0.5,3.2011332687837495,2,6.0,0.09390819617563173,2,6.0
2325.0,3,20.0,2.2222222222222223,4.912528966927833,3,20.0,0.0,3,20.0
2330.0,0,0.0,0.0,5.474174099622699,0,10.0,0.21517106496949437,0,10.0
2335.0,0,0.0,0.0,8.895994508244891,0,0.0,1.0,0,0.0
2340.0,0,0.0,0.0,12.596373716562047,0,0.0,1.0,0,0.0
2345.0,0,0.0,0.0,4.588619597261609,0,0.0,0.32901152396413835,0,0.0
2350.0,1,2.0,0.16666666666666666,5.959598729675256,1,2.0,0.33710167522379886,1,2.0
2355.0,6,23.0,2.3,2.11943438514946,6,24.0,0.07315265101484074,6,24.0
2360.0,1,3.0,0.3333333333333333,4.351814925114443,1,29.0,0.12066390850700745,1,29.0
2365.0,4,8.0,1.6,0.9689703016027691,4,34.0,0.0032039999538912125,4,34.0
2370.0,1,1.0,0.25,2.961013918962712,0,20.0,0.2890928925474424,0,20.0
2375.0,0,0.0,0.0,7.235408683877529,0,0.0,1.0,0,0.0
2380.0,4,0.0,0.0,4.445724238683962,4,0.0,0.21684850449330217,4,0.0
2385.0,1,1.0,0.08333333333333333,5.64334433210001,1,1.0,0.2884565915742844,1,1.0
2390.0,5,20.0,1.8181818181818181,4.277123502843005,5,20.0,0.16734215918503265,5,20.0
2395.0,1,2.0,0.25,3.557131254886565,1,25.0,0.09660355578802826,1,25.0
2400.0,2,4.0,0.8,1.1174087090959965,2,27.0,0.010631489027070569,2,27.0
2405.0,1,1.0,0.25,2.71993307156958,0,15.0,0.17596451943301938,0,15.0
2410.0,1,1.0,0.25,6.424048143918444,0,0.0,1.0,0,0.0
2415.0,0,0.0,0.0,6.5971193944180975,0,0.0,0.2994334496255914,0,0.0
2420.0,0,0.0,0.0,4.790782245679655,0,0.0,0.21798407231929243,0,0.0
2425.0,5,17.0,1.5454545454545454,4.333392531228307,5,17.0,0.19488433290859067,5,17.0
2430.0,7,48.0,5.333333333333333,1.815138255918268,6,47.0,0.0,6,47.0
2435.0,0,0.0,0.0,4.387033778135872,0,41.0,0.16814917674573393,0,41.0
2440.0,0,0.0,0.0,4.327429674244117,0,0.0,1.0,0,0.0
2445.0,0,0.0,0.0,9.662379340267057,0,0.0,1.0,0,0.0
2450.0,0,0.0,0.0,4.235775209692082,0,0.0,0.12869853424170039,0,0.0
2455.0,4,0.0,0.0,5.803428912189111,4,0.0,0.3348266020523338,4,0.0
2460.0,2,3.0,0.3,6.1529296026771405,2,3.0,0.39984874920397806,2,3.0
2465.0,2,3.0,0.42857142857142855,2.552997118488565,1,5.0,0.10969217414396142,1,5.0
2470.0,3,5.0,1.0,2.6727054969510453,2,7.0,0.0009841179863468393,2,7.0
2475.0,1,1.0,0.3333333333333333,4.922972124594999,0,0.0,1.0,0,0.0
2480.0,0,0.0,0.0,12.3200559193152,0,0.0,1.0,0,0.0
2485.0,4,0.0,0.0,0.0,4,0.0,0.0,4,0.0
2490.0,0,0.0,0.0,6.937680420570958,0,0.0,0.4320023540309088,0,0.0
2495.0,1,1.0,0.1,7.365709223282378,1,1.0,0.432126564379742,1,1.0
2500.0,4,18.0,2.25,3.3218037361387625,4,18.0,0.00010752951164957872,4,18.0
2505.0,1,1.0,0.2,3.6065836210962416,0,13.0,0.19793077334903011,0,13.0
2510.0,1,2.0,0.5,6.061254747503311,0,0.0,1.0,0,0.0
2515.0,0,0.0,0.0,10.915555940244555,0,0.0,1.0,0,0.0
2520.0,0,0.0,0.0,0.0,0,0.0,1.0,0,0.0
2525.0,0,0.0,0.0,4.795048019400565,0,0.0,0.37918013234110004,0,0.0
2530.0,1,2.0,0.16666666666666666,6.916557592516541,1,2.0,0.38074073490978766,1,2.0
2535.0,2,3.0,0.3333333333333333,1.8429005407238372,2,7.0,0.10822159609395497,2,7.0
2540.0,2,3.0,0.375,2.331081918774154,1,10.0,0.09283404727225342,1,10.0
2545.0,4,17.0,2.8333333333333335,2.4385757406363524,3,20.0,3.389035019550687e-05,3,20.0
2550.0,0,0.0,0.0,6.354140177169613,0,9.0,0.2664841563577771,0,9.0
2555.0,0,0.0,0.0,13.023238701895236,0,0.0,1.0,0,0.0
2560.0,3,0.0,0.0,2.9528163977868447,3,0.0,0.21556354411346293,3,0.0
2565.0,1,1.0,0.08333333333333333,5.667737725281835,1,1.0,0.32471836767512496,1,1.0
2570.0,1,1.0,0.09090909090909091,3.828285569387366,1,6.0,0.18061754024577104,1,6.0
2575.0,5,6.0,0.75,1.3697506156847308,4,11.0,0.0854979374956385,4,11.0
2580.0,3,4.0,0.5714285714285714,2.953133117065503,2,13.0,0.11869262913193834,2,13.0
2585.0,3,6.0,1.0,4.561923236245443,2,14.0,0.0002388510487791951,2,14.0
2590.0,1,1.0,0.3333333333333333,5.132166831101112,0,0.0,1.0,0,0.0
2595.0,0,0.0,0.0,6.071529710052375,0,0.0,0.2864143086989639,0,0.0
2600.0,0,0.0,0.0,7.293696638277098,0,0.0,0.4617028056092459,0,0.0
2605.0,2,4.0,0.4,3.4067094274407723,2,4.0,0.18991784280428897,2,4.0
2610.0,1,5.0,0.5555555555555556,4.300467544048896,1,14.0,0.09052013315730334,1,14.0
2615.0,1,10.0,1.4285714285714286,5.975937514013268,1,12.0,0.06249062646275806,1,12.0
2620.0,1,15.0,5.0,4.076492283571949,1,15.0,0.0,1,15.0
2625.0,0,0.0,0.0,5.968744126060679,0,0.0,1.0,0,0.0
2630.0,0,0.0,0.0,4.175755509042769,0,0.0,0.14651133713209552,0,0.0
2635.0,4,0.0,0.0,4.3755326609436525,4,0.0,0.30450360651800856,4,0.0
2640.0,1,1.0,0.08333333333333333,4.9219964090723165,1,1.0,0.26438466089751594,1,1.0
2645.0,3,7.0,0.7777777777777778,1.8897374837801262,3,9.0,0.06599301547146798,3,9.0
2650.0,5,28.0,3.5,3.775883059761001,4,27.0,0.0,4,27.0
2655.0,1,1.0,0.2,4.397701499902993,0,18.0,0.2571973803686654,0,18.0
2660.0,0,0.0,0.0,7.010662392834503,0,0.0,1.0,0,0.0
2665.0,4,0.0,0.0,3.5795384442397995,4,0.0,0.0,4,0.0
2670.0,1,0.0,0.0,6.541837965433175,1,0.0,0.4309157930232575,1,0.0
2675.0,1,1.0,0.1,7.175087636624129,1,1.0,0.3886724149459641,1,1.0
2680.0,1,1.0,0.14285714285714285,2.962012617242784,0,2.0,0.14472429426928884,0,2.0
2685.0,3,6.0,1.0,4.857975078035427,2,7.0,0.0003069195483463961,2,7.0
2690.0,1,1.0,0.3333333333333333,4.689643503616875,0,0.0,1.0,0,0.0
2695.0,0,0.0,0.0,11.450810174877308,0,0.0,1.0,0,0.0
2700.0,0,0.0,0.0,0.0,0,0.0,1.0,0,0.0
2705.0,0,0.0,0.0,4.866523042856715,0,0.0,0.36910137269389887,0,0.0
2710.0,2,3.0,0.25,6.037997798525775,2,3.0,0.3789054054886026,2,3.0
2715.0,2,5.0,0.5,2.405129882595188,2,12.0,0.11101114616123971,2,12.0
2720.0,4,9.0,1.125,1.4556565286270287,3,17.0,0.09193319728201789,3,17.0
2725.0,4,28.0,4.0,2.776116599055992,4,35.0,1.551514692271628e-06,4,35.0
2730.0,1,1.0,0.2,3.976696719690909,0,22.0,0.19744933177235985,0,22.0
2735.0,0,0.0,0.0,7.185840481344941,0,0.0,1.0,0,0.0
2740.0,4,0.0,0.0,4.226951124818607,4,0.0,0.22131809769770205,4,0.0
2745.0,0,0.0,0.0,7.217732883023804,0,0.0,0.4781929420580664,0,0.0
2750.0,4,8.0,0.8,3.4339619073127103,4,8.0,0.08532553349339955,4,8.0
2755.0,6,34.0,3.7777777777777777,3.690782545324,6,34.0,0.000121845045474176,6,34.0
2760.0,0,0.0,0.0,3.235294886933365,0,32.0,0.16474847583253133,0,32.0
2765.0,0,0.0,0.0,6.788704093761408,0,6.0,0.15665048210722357,0,6.0
2770.0,0,0.0,0.0,7.050955083853566,0,0.0,1.0,0,0.0
2775.0,0,0.0,0.0,4.413448489212897,0,0.0,0.3224926137524062,0,0.0
2780.0,1,1.0,0.08333333333333333,5.120060193841626,1,1.0,0.31136490866861966,1,1.0
2785.0,4,16.0,1.4545454545454546,3.859387029654812,4,16.0,0.20182083682152557,4,16.0
2790.0,2,3.0,0.3333333333333333,3.513219965357425,2,21.0,0.11014685280391723,2,21.0
2795.0,4,8.0,1.3333333333333333,0.9698924947003179,3,25.0,0.005253706816753648,3,25.0
2800.0,4,27.0,5.4,1.7523364529712127,4,45.0,0.0,4,45.0
2805.0,1,1.0,0.25,2.8463787420615203,0,24.0,0.21616234397948247,0,24.0
2810.0,1,3.0,0.375,5.01564692580128,0,0.0,0.149477469500673,0,0.0
2815.0,4,0.0,0.0,4.3522327357897,4,0.0,0.2805115009109398,4,0.0
2820.0,2,2.0,0.16666666666666666,3.9535625173826907,2,2.0,0.25397908026214117,2,2.0
2825.0,6,23.0,2.3,1.4942087638862045,6,23.0,0.02104310075145658,6,23.0
2830.0,1,4.0,0.4444444444444444,4.363658473023602,1,29.0,0.09804951226284005,1,29.0
2835.0,2,4.0,0.5714285714285714,4.7161619221282844,2,29.0,0.005379940408965321,2,29.0
2840.0,1,1.0,0.2,5.39333455718647,0,18.0,0.1876921959310279,0,18.0
2845.0,5,1.0,0.14285714285714285,2.3246816409209834,4,0.0,0.0,4,0.0
2850.0,0,0.0,0.0,6.009722425686216,0,0.0,0.42505743904354476,0,0.0
2855.0,1,1.0,0.08333333333333333,4.698653255615642,1,1.0,0.3217110662309698,1,1.0
2860.0,3,5.0,0.5,2.0667032195321258,3,6.0,0.0896363630983264,3,6.0
2865.0,5,9.0,0.9,3.6926346033190547,4,16.0,0.07804047863623197,4,16.0
2870.0,3,6.0,0.75,3.4953836413774724,2,20.0,0.07901900379898397,2,20.0
2875.0,2,15.0,3.0,2.7447152441683556,2,22.0,0.0,2,22.0
2880.0,1,1.0,0.3333333333333333,5.050748430228716,0,0.0,1.0,0,0.0
2885.0,0,0.0,0.0,6.359085213579978,0,0.0,0.3608890197548953,0,0.0
2890.0,1,1.0,0.08333333333333333,5.817518206210429,1,1.0,0.401962852650407,1,1.0
2895.0,4,16.0,1.6,2.295160563936005,4,16.0,0.020222303809646888,4,16.0
2900.0,0,0.0,0.0,5.115566450733549,0,18.0,0.08226391846645044,0,18.0
2905.0,0,0.0,0.0,7.797565157968223,0,4.0,0.2369992797749458,0,4.0
2910.0,0,0.0,0.0,7.276584247937581,0,0.0,1.0,0,0.0
2915.0,0,0.0,0.0,0.0,0,0.0,1.0,0,0.0
2920.0,4,0.0,0.0,2.750469502422493,4,0.0,0.18542018162210014,4,0.0
2925.0,0,0.0,0.0,7.5180794119319465,0,0.0,0.4304761348790258,0,0.0
2930.0,0,0.0,0.0,3.102410860663835,0,0.0,0.12574152652819465,0,0.0
2935.0,2,9.0,1.0,5.79227531348169,2,9.0,0.14432091074643313,2,9.0
2940.0,3,6.0,1.2,3.2366594040743424,2,5.0,0.002385025624418561,2,5.0
2945.0,1,1.0,0.25,6.970005628241706,0,0.0,1.0,0,0.0
2950.0,0,0.0,0.0,10.033518188073918,0,0.0,1.0,0,0.0
2955.0,0,0.0,0.0,4.138316139776726,0,0.0,0.27537518542864814,0,0.0
2960.0,0,0.0,0.0,5.007540364962235,0,0.0,0.35501601226080354,0,0.0
2965.0,0,0.0,0.0,6.090214294474102,0,3.0,0.3196746643748193,0,3.0
2970.0,3,6.0,0.75,1.290660118300885,2,8.0,0.06827458314429004,2,8.0
2975.0,5,27.0,3.857142857142857,2.0362587549562003,4,28.0,6.001469896073218e-05,4,28.0
2980.0,0,0.0,0.0,3.9035482453648727,0,16.0,0.21861749708071493,0,16.0
2985.0,0,0.0,0.0,6.464721563675978,0,0.0,1.0,0,0.0
2990.0,0,0.0,0.0,4.887889639307594,0,0.0,0.14304801916091991,0,0.0
2995.0,4,0.0,0.0,4.365395672242595,4,0.0,0.3187948495711015,4,0.0
3000.0,2,2.0,0.16666666666666666,3.7808521671810404,2,2.0,0.2619156035370839,2,2.0
3005.0,3,5.0,0.5,2.037510724205622,3,9.0,0.08935404943909818,3,9.0
3010.0,4,25.0,2.5,4.430676703898516,4,25.0,0.046061658946175345,4,25.0
3015.0,4,45.0,7.5,2.736086530136589,4,45.0,0.0,4,45.0
3020.0,0,0.0,0.0,2.7370352486095535,0,27.0,0.19486740905883965,0,27.0
3025.0,4,0.0,0.0,3.807566346542872,4,0.0,0.0,4,0.0
3030.0,0,0.0,0.0,7.6971679069417736,0,0.0,0.4607899219516181,0,0.0
3035.0,2,5.0,0.45454545454545453,7.035325145096402,2,5.0,0.3787920904793173,2,5.0
3040.0,5,27.0,3.375,2.0025261365754137,5,27.0,8.143567755738022e-05,5,27.0
3045.0,0,0.0,0.0,2.7602805460594584,0,22.0,0.07797815377640635,0,22.0
3050.0,0,0.0,0.0,4.494693333328288,0,7.0,0.12644914613755517,0,7.0
3055.0,0,0.0,0.0,9.22855576641525,0,0.0,1.0,0,0.0
3060.0,0,0.0,0.0,12.393949026445286,0,0.0,1.0,0,0.0
3065.0,0,0.0,0.0,5.075817201088648,0,0.0,0.34761041975382395,0,0.0
3070.0,0,0.0,0.0,5.587886369333254,0,0.0,0.4093132708779226,0,0.0
3075.0,1,1.0,0.1,3.1845155023128133,1,2.0,0.04808599504553649,1,2.0
3080.0,2,11.0,1.375,5.424348923232944,2,11.0,0.05770742231883998,2,11.0
3085.0,2,5.0,1.25,4.280387683085817,1,4.0,0.00018504027370981336,1,4.0
3090.0,0,0.0,0.0,8.68567246906854,0,0.0,1.0,0,0.0
3095.0,0,0.0,0.0,0.0,0,0.0,1.0,0,0.0
3100.0,4,0.0,0.0,3.1118487442494374,4,0.0,0.23231919436376605,4,0.0
3105.0,0,0.0,0.0,7.0405091112940745,0,0.0,0.4315385427373563,0,0.0
3110.0,2,8.0,0.8,3.4082932083706132,2,8.0,0.0995784649317437,2,8.0
3115.0,0,0.0,0.0,3.88601757558079,0,9.0,0.06841306372158223,0,9.0
3120.0,0,0.0,0.0,7.659509169482722,0,2.0,0.28142153025412825,0,2.0
3125.0,0,0.0,0.0,8.636619509107522,0,0.0,1.0,0,0.0
3130.0,0,0.0,0.0,0.0,0,0.0,1.0,0,0.0
3135.0,0,0.0,0.0,3.973803843255155,0,0.0,0.26563039997028953,0,0.0
3140.0,0,0.0,0.0,5.5760034334811595,0,0.0,0.3580939097267661,0,0.0
3145.0,5,16.0,1.4545454545454546,3.912527826413951,5,16.0,0.18338330154660068,5,16.0
3150.0,1,1.0,0.1111111111111111,1.565043633070453,1,21.0,0.03861171407971609,1,21.0
3155.0,2,11.0,1.5714285714285714,4.188710795736536,2,16.0,0.04121498589270981,2,16.0
3160.0,2,3.0,0.6,5.33881050748518,1,7.0,0.0007034010829443573,1,7.0
3165.0,0,0.0,0.0,6.973090234781511,0,0.0,1.0,0,0.0
3170.0,0,0.0,0.0,3.9615182739562007,0,0.0,0.1573334514627931,0,0.0
3175.0,4,0.0,0.0,4.2105570473603,4,0.0,0.2713562897925798,4,0.0
3180.0,2,2.0,0.16666666666666666,3.790279114896991,2,2.0,0.23814379602969749,2,2.0
3185.0,3,6.0,0.6,2.0380233105131893,3,10.0,0.07892495687515173,3,10.0
3190.0,4,6.0,0.6,4.316126295325075,3,16.0,0.07700103448253669,3,16.0
3195.0,3,4.0,0.5,4.334195107632957,2,17.0,0.11463145882258459,2,17.0
3200.0,2,13.0,2.6,3.686677397885206,2,20.0,6.979765335885009e-06,2,20.0
3205.0,5,1.0,0.14285714285714285,2.34024306845205,4,0.0,0.0,4,0.0
3210.0,1,6.0,0.6,6.594427259685014,0,0.0,0.46592447660415043,0,0.0
3215.0,3,15.0,1.25,3.8008155467781073,2,4.0,0.29622445828092675,2,4.0
3220.0,2,2.0,0.16666666666666666,3.616144078024737,2,14.0,0.09579371058733945,2,14.0
3225.0,4,21.0,2.1,4.952927773504245,4,30.0,7.372124057940653e-05,4,30.0
3230.0,4,41.0,8.2,1.5692148527609144,4,50.0,0.0,4,50.0
3235.0,0,0.0,0.0,4.300840735419798,0,32.0,0.2109746246267409,0,32.0
3240.0,0,0.0,0.0,9.611388529404351,0,0.0,1.0,0,0.0
3245.0,0,0.0,0.0,5.788886818140822,0,0.0,0.3624903244934992,0,0.0
3250.0,0,0.0,0.0,5.983026330737485,0,0.0,0.3763519865977558,0,0.0
3255.0,4,12.0,1.2,2.9410487751092407,4,12.0,0.023085147353335292,4,12.0
3260.0,0,0.0,0.0,4.5310303079572884,0,15.0,0.17307226748859084,0,15.0
3265.0,0,0.0,0.0,7.593969908112519,0,0.0,1.0,0,0.0
3270.0,0,0.0,0.0,7.929555966992688,0,0.0,1.0,0,0.0
3275.0,0,0.0,0.0,0.0,0,0.0,1.0,0,0.0
3280.0,4,0.0,0.0,2.5565794921596536,4,0.0,0.18091190316332229,4,0.0
3285.0,0,0.0,0.0,7.337628215496821,0,0.0,0.48438684025204576,0,0.0
3290.0,1,1.0,0.1,2.3743336973801745,1,1.0,0.11800179165755528,1,1.0
3295.0,2,9.0,1.0,4.594597756897705,2,9.0,0.11597525343101775,2,9.0
3300.0,2,19.0,3.8,2.8932055708948243,2,19.0,0.0,2,19.0
3305.0,1,1.0,0.3333333333333333,4.982431190550375,0,0.0,1.0,0,0.0
3310.0,0,0.0,0.0,11.09346677145717,0,0.0,1.0,0,0.0
3315.0,0,0.0,0.0,4.193215023120866,0,0.0,0.31362232973581256,0,0.0
3320.0,0,0.0,0.0,6.632778626671436,0,0.0,0.38337617210807273,0,0.0
3325.0,3,6.0,0.6,3.946760887531326,3,6.0,0.23431997250631356,3,6.0
3330.0,5,11.0,1.1,3.6980022502260623,4,16.0,0.08385828624943616,4,16.0
3335.0,4,30.0,3.75,3.7477780221631223,4,30.0,1.8672300325773681e-06,4,30.0
3340.0,1,1.0,0.16666666666666666,6.2150749428602055,0,19.0,0.18047651117789273,0,19.0
3345.0,0,0.0,0.0,6.261520401329782,0,0.0,1.0,0,0.0
3350.0,0,0.0,0.0,3.936827634992658,0,0.0,0.15608524099763477,0,0.0
3355.0,4,0.0,0.0,5.96017674375033,4,0.0,0.34490178038555197,4,0.0
3360.0,1,1.0,0.1,4.578756003117869,1,1.0,0.3103380665453508,1,1.0
3365.0,1,3.0,0.3333333333333333,4.680803320258876,1,5.0,0.13284650990027216,1,5.0
3370.0,1,8.0,1.1428571428571428,6.388858738310217,1,8.0,0.0,1,8.0
3375.0,0,0.0,0.0,7.4855587586724015,0,0.0,1.0,0,0.0
3380.0,0,0.0,0.0,15.93952225712128,0,0.0,1.0,0,0.0
3385.0,4,0.0,0.0,0.0,4,0.0,0.0,4,0.0
3390.0,0,0.0,0.0,6.288002806511432,0,0.0,0.42419903132500447,0,0.0
3395.0,1,1.0,0.1,4.592834743071345,1,1.0,0.3373888590841551,1,1.0
3400.0,5,16.0,1.6,2.546785186639724,4,14.0,0.007394593649169734,4,14.0
3405.0,0,0.0,0.0,4.717332063663752,0,17.0,0.10414007466781611,0,17.0
3410.0,0,0.0,0.0,8.443553743452854,0,0.0,1.0,0,0.0
3415.0,0,0.0,0.0,8.048908450060804,0,0.0,1.0,0,0.0
3420.0,0,0.0,0.0,0.0,0,0.0,1.0,0,0.0
3425.0,0,0.0,0.0,4.863574201875599,0,0.0,0.35785736201084606,0,0.0
3430.0,0,0.0,0.0,5.773001146377123,0,0.0,0.4055196116699574,0,0.0
3435.0,4,11.0,1.1,2.4840465885333662,4,11.0,0.017712716563193228,4,11.0
3440.0,0,0.0,0.0,4.7650003726162815,0,15.0,0.13970371601765186,0,15.0
3445.0,0,0.0,0.0,7.413026747372261,0,3.0,0.1694365819254251,0,3.0
3450.0,0,0.0,0.0,9.16241393360649,0,0.0,1.0,0,0.0
3455.0,0,0.0,0.0,0.0,0,0.0,1.0,0,0.0
3460.0,4,0.0,0.0,2.676320031937212,4,0.0,0.19653715319999704,4,0.0
3465.0,0,0.0,0.0,6.932225684566785,0,0.0,0.46520390829886593,0,0.0
3470.0,2,3.0,0.3,3.6325866871705346,2,3.0,0.15640999288441132,2,3.0
3475.0,3,18.0,2.0,5.608086498437261,3,18.0,2.5276412009579105e-06,3,18.0
3480.0,0,0.0,0.0,6.461062956539452,0,9.0,0.22281147990551894,0,9.0
3485.0,0,0.0,0.0,11.131895731372692,0,0.0,1.0,0,0.0
3490.0,0,0.0,0.0,0.0,0,0.0,1.0,0,0.0
3495.0,0,0.0,0.0,3.696027574699838,0,0.0,0.3297056743664658,0,0.0
3500.0,1,1.0,0.08333333333333333,4.673174924221843,1,1.0,0.3626705070194207,1,1.0
3505.0,5,16.0,1.3333333333333333,4.6299983145458725,5,16.0,0.20432318938234267,5,16.0
3510.0,2,3.0,0.375,2.4977085908921337,2,22.0,0.10838566663794508,2,22.0
3515.0,2,13.0,2.1666666666666665,2.5686732979416007,2,18.0,0.034067010126300805,2,18.0
3520.0,2,5.0,1.0,6.192319649684302,1,9.0,2.3678300584739312e-05,1,9.0
3525.0,0,0.0,0.0,8.190373502892909,0,0.0,1.0,0,0.0
3530.0,0,0.0,0.0,4.435864338125102,0,0.0,0.15005299709576744,0,0.0
3535.0,4,0.0,0.0,6.057810390619678,4,0.0,0.366080248766126,4,0.0
3540.0,2,4.0,0.4,4.024768407122271,2,4.0,0.2979420921653253,2,4.0
3545.0,1,2.0,0.2,4.9478890830586995,1,8.0,0.1070463228900042,1,8.0
3550.0,1,7.0,1.0,6.198313214356652,1,7.0,0.1107437694124709,1,7.0
3555.0,1,5.0,1.6666666666666667,5.512876321877481,1,5.0,0.0,1,5.0
3560.0,0,0.0,0.0,8.614987509676718,0,0.0,1.0,0,0.0
3565.0,4,0.0,0.0,0.0,4,0.0,0.0,4,0.0
3570.0,0,0.0,0.0,5.581266034410917,0,0.0,0.41111416821089586,0,0.0
3575.0,0,0.0,0.0,4.408386489403619,0,0.0,0.28646336257235794,0,0.0
3580.0,4,7.0,0.7,2.109597824595099,4,7.0,0.08590001310310577,4,7.0
3585.0,4,7.0,0.7,3.629111173262532,3,14.0,0.06479583746720112,3,14.0
3590.0,4,26.0,3.25,4.279473192867197,4,26.0,2.3497642857614156e-05,4,26.0
3595.0,1,1.0,0.2,4.404195925558865,0,17.0,0.21606798712417943,0,17.0
3600.0,0,0.0,0.0,6.476632466005687,0,0.0,1.0,0,0.0
3605.0,0,0.0,0.0,10.644729402089347,0,0.0,1.0,0,0.0
3610.0,0,0.0,0.0,0.0,0,0.0,1.0,0,0.0
3615.0,0,0.0,0.0,0.0,0,0.0,1.0,0,0.0
3620.0,0,0.0,0.0,0.0,0,0.0,1.0,0,0.0
3625.0,0,0.0,0.0,0.0,0,0.0,1.0,0,0.0
3630.0,0,0.0,0.0,0.0,0,0.0,1.0,0,0.0
3635.0,0,0.0,0.0,0.0,0,0.0,1.0,0,0.0
3640.0,0,0.0,0.0,0.0,0,0.0,1.0,0,0.0
3645.0,0,0.0,0.0,0.0,0,0.0,1.0,0,0.0
3650.0,0,0.0,0.0,0.0,0,0.0,1.0,0,0.0
3655.0,0,0.0,0.0,0.0,0,0.0,1.0,0,0.0
3660.0,0,0.0,0.0,0.0,0,0.0,1.0,0,0.0
3665.0,0,0.0,0.0,0.0,0,0.0,1.0,0,0.0
3670.0,0,0.0,0.0,0.0,0,0.0,1.0,0,0.0
3675.0,0,0.0,0.0,0.0,0,0.0,1.0,0,0.0
3680.0,0,0.0,0.0,0.0,0,0.0,1.0,0,0.0
3685.0,0,0.0,0.0,0.0,0,0.0,1.0,0,0.0
3690.0,0,0.0,0.0,0.0,0,0.0,1.0,0,0.0
3695.0,0,0.0,0.0,0.0,0,0.0,1.0,0,0.0
3700.0,0,0.0,0.0,0.0,0,0.0,1.0,0,0.0
3705.0,0,0.0,0.0,0.0,0,0.0,1.0,0,0.0
3710.0,0,0.0,0.0,0.0,0,0.0,1.0,0,0.0
3715.0,0,0.0,0.0,0.0,0,0.0,1.0,0,0.0
3720.0,0,0.0,0.0,0.0,0,0.0,1.0,0,0.0
3725.0,0,0.0,0.0,0.0,0,0.0,1.0,0,0.0
3730.0,0,0.0,0.0,0.0,0,0.0,1.0,0,0.0
3735.0,0,0.0,0.0,0.0,0,0.0,1.0,0,0.0
3740.0,0,0.0,0.0,0.0,0,0.0,1.0,0,0.0
3745.0,0,0.0,0.0,0.0,0,0.0,1.0,0,0.0
3750.0,0,0.0,0.0,0.0,0,0.0,1.0,0,0.0
3755.0,0,0.0,0.0,0.0,0,0.0,1.0,0,0.0
3760.0,0,0.0,0.0,0.0,0,0.0,1.0,0,0.0
3765.0,0,0.0,0.0,0.0,0,0.0,1.0,0,0.0
3770.0,0,0.0,0.0,0.0,0,0.0,1.0,0,0.0
3775.0,0,0.0,0.0,0.0,0,0.0,1.0,0,0.0
3780.0,0,0.0,0.0,0.0,0,0.0,1.0,0,0.0
3785.0,0,0.0,0.0,0.0,0,0.0,1.0,0,0.0
3790.0,0,0.0,0.0,0.0,0,0.0,1.0,0,0.0
3795.0,0,0.0,0.0,0.0,0,0.0,1.0,0,0.0
3800.0,0,0.0,0.0,0.0,0,0.0,1.0,0,0.0
3805.0,0,0.0,0.0,0.0,0,0.0,1.0,0,0.0
3810.0,0,0.0,0.0,0.0,0,0.0,1.0,0,0.0
3815.0,0,0.0,0.0,0.0,0,0.0,1.0,0,0.0
3820.0,0,0.0,0.0,0.0,0,0.0,1.0,0,0.0
3825.0,0,0.0,0.0,0.0,0,0.0,1.0,0,0.0
3830.0,0,0.0,0.0,0.0,0,0.0,1.0,0,0.0
3835.0,0,0.0,0.0,0.0,0,0.0,1.0,0,0.0
3840.0,0,0.0,0.0,0.0,0,0.0,1.0,0,0.0
3845.0,0,0.0,0.0,0.0,0,0.0,1.0,0,0.0
3850.0,0,0.0,0.0,0.0,0,0.0,1.0,0,0.0
3855.0,0,0.0,0.0,0.0,0,0.0,1.0,0,0.0
3860.0,0,0.0,0.0,0.0,0,0.0,1.0,0,0.0
3865.0,0,0.0,0.0,0.0,0,0.0,1.0,0,0.0
3870.0,0,0.0,0.0,0.0,0,0.0,1.0,0,0.0
3875.0,0,0.0,0.0,0.0,0,0.0,1.0,0,0.0
3880.0,0,0.0,0.0,0.0,0,0.0,1.0,0,0.0
3885.0,0,0.0,0.0,0.0,0,0.0,1.0,0,0.0
3890.0,0,0.0,0.0,0.0,0,0.0,1.0,0,0.0
3895.0,0,0.0,0.0,0.0,0,0.0,1.0,0,0.0
3900.0,0,0.0,0.0,0.0,0,0.0,1.0,0,0.0
3905.0,0,0.0,0.0,0.0,0,0.0,1.0,0,0.0
3910.0,0,0.0,0.0,0.0,0,0.0,1.0,0,0.0
3915.0,0,0.0,0.0,0.0,0,0.0,1.0,0,0.0
3920.0,0,0.0,0.0,0.0,0,0.0,1.0,0,0.0
3925.0,0,0.0,0.0,0.0,0,0.0,1.0,0,0.0
3930.0,0,0.0,0.0,0.0,0,0.0,1.0,0,0.0
3935.0,0,0.0,0.0,0.0,0,0.0,1.0,0,0.0
3940.0,0,0.0,0.0,0.0,0,0.0,1.0,0,0.0
3945.0,0,0.0,0.0,0.0,0,0.0,1.0,0,0.0
3950.0,0,0.0,0.0,0.0,0,0.0,1.0,0,0.0
3955.0,0,0.0,0.0,0.0,0,0.0,1.0,0,0.0
3960.0,0,0.0,0.0,0.0,0,0.0,1.0,0,0.0
3965.0,0,0.0,0.0,0.0,0,0.0,1.0,0,0.0
3970.0,0,0.0,0.0,0.0,0,0.0,1.0,0,0.0
3975.0,0,0.0,0.0,0.0,0,0.0,1.0,0,0.0
3980.0,0,0.0,0.0,0.0,0,0.0,1.0,0,0.0
3985.0,0,0.0,0.0,0.0,0,0.0,1.0,0,0.0
3990.0,0,0.0,0.0,0.0,0,0.0,1.0,0,0.0
3995.0,0,0.0,0.0,0.0,0,0.0,1.0,0,0.0
4000.0,0,0.0,0.0,0.0,0,0.0,1.0,0,0.0
4005.0,0,0.0,0.0,0.0,0,0.0,1.0,0,0.0
4010.0,0,0.0,0.0,0.0,0,0.0,1.0,0,0.0
4015.0,0,0.0,0.0,0.0,0,0.0,1.0,0,0.0
4020.0,0,0.0,0.0,0.0,0,0.0,1.0,0,0.0
4025.0,0,0.0,0.0,0.0,0,0.0,1.0,0,0.0
4030.0,0,0.0,0.0,0.0,0,0.0,1.0,0,0.0
4035.0,0,0.0,0.0,0.0,0,0.0,1.0,0,0.0
4040.0,0,0.0,0.0,0.0,0,0.0,1.0,0,0.0
4045.0,0,0.0,0.0,0.0,0,0.0,1.0,0,0.0
4050.0,0,0.0,0.0,0.0,0,0.0,1.0,0,0.0
4055.0,0,0.0,0.0,0.0,0,0.0,1.0,0,0.0
4060.0,0,0.0,0.0,0.0,0,0.0,1.0,0,0.0
4065.0,0,0.0,0.0,0.0,0,0.0,1.0,0,0.0
4070.0,0,0.0,0.0,0.0,0,0.0,1.0,0,0.0
4075.0,0,0.0,0.0,0.0,0,0.0,1.0,0,0.0
4080.0,0,0.0,0.0,0.0,0,0.0,1.0,0,0.0
4085.0,0,0.0,0.0,0.0,0,0.0,1.0,0,0.0
4090.0,0,0.0,0.0,0.0,0,0.0,1.0,0,0.0
4095.0,0,0.0,0.0,0.0,0,0.0,1.0,0,0.0
4100.0,0,0.0,0.0,0.0,0,0.0,1.0,0,0.0
4105.0,0,0.0,0.0,0.0,0,0.0,1.0,0,0.0
4110.0,0,0.0,0.0,0.0,0,0.0,1.0,0,0.0
4115.0,0,0.0,0.0,0.0,0,0.0,1.0,0,0.0
4120.0,0,0.0,0.0,0.0,0,0.0,1.0,0,0.0
4125.0,0,0.0,0.0,0.0,0,0.0,1.0,0,0.0
4130.0,0,0.0,0.0,0.0,0,0.0,1.0,0,0.0
4135.0,0,0.0,0.0,0.0,0,0.0,1.0,0,0.0
4140.0,0,0.0,0.0,0.0,0,0.0,1.0,0,0.0
4145.0,0,0.0,0.0,0.0,0,0.0,1.0,0,0.0
4150.0,0,0.0,0.0,0.0,0,0.0,1.0,0,0.0
4155.0,0,0.0,0.0,0.0,0,0.0,1.0,0,0.0
4160.0,0,0.0,0.0,0.0,0,0.0,1.0,0,0.0
4165.0,0,0.0,0.0,0.0,0,0.0,1.0,0,0.0
4170.0,0,0.0,0.0,0.0,0,0.0,1.0,0,0.0
4175.0,0,0.0,0.0,0.0,0,0.0,1.0,0,0.0
4180.0,0,0.0,0.0,0.0,0,0.0,1.0,0,0.0
4185.0,0,0.0,0.0,0.0,0,0.0,1.0,0,0.0
4190.0,0,0.0,0.0,0.0,0,0.0,1.0,0,0.0
4195.0,0,0.0,0.0,0.0,0,0.0,1.0,0,0.0
4200.0,0,0.0,0.0,0.0,0,0.0,1.0,0,0.0
4205.0,0,0.0,0.0,0.0,0,0.0,1.0,0,0.0
4210.0,0,0.0,0.0,0.0,0,0.0,1.0,0,0.0
4215.0,0,0.0,0.0,0.0,0,0.0,1.0,0,0.0
4220.0,0,0.0,0.0,0.0,0,0.0,1.0,0,0.0
4225.0,0,0.0,0.0,0.0,0,0.0,1.0,0,0.0
4230.0,0,0.0,0.0,0.0,0,0.0,1.0,0,0.0
4235.0,0,0.0,0.0,0.0,0,0.0,1.0,0,0.0
4240.0,0,0.0,0.0,0.0,0,0.0,1.0,0,0.0
4245.0,0,0.0,0.0,0.0,0,0.0,1.0,0,0.0
4250.0,0,0.0,0.0,0.0,0,0.0,1.0,0,0.0
4255.0,0,0.0,0.0,0.0,0,0.0,1.0,0,0.0
4260.0,0,0.0,0.0,0.0,0,0.0,1.0,0,0.0
4265.0,0,0.0,0.0,0.0,0,0.0,1.0,0,0.0
4270.0,0,0.0,0.0,0.0,0,0.0,1.0,0,0.0
4275.0,0,0.0,0.0,0.0,0,0.0,1.0,0,0.0
4280.0,0,0.0,0.0,0.0,0,0.0,1.0,0,0.0
4285.0,0,0.0,0.0,0.0,0,0.0,1.0,0,0.0
4290.0,0,0.0,0.0,0.0,0,0.0,1.0,0,0.0
4295.0,0,0.0,0.0,0.0,0,0.0,1.0,0,0.0
4300.0,0,0.0,0.0,0.0,0,0.0,1.0,0,0.0
4305.0,0,0.0,0.0,0.0,0,0.0,1.0,0,0.0
4310.0,0,0.0,0.0,0.0,0,0.0,1.0,0,0.0
4315.0,0,0.0,0.0,0.0,0,0.0,1.0,0,0.0
4320.0,0,0.0,0.0,0.0,0,0.0,1.0,0,0.0
4325.0,0,0.0,0.0,0.0,0,0.0,1.0,0,0.0
4330.0,0,0.0,0.0,0.0,0,0.0,1.0,0,0.0
4335.0,0,0.0,0.0,0.0,0,0.0,1.0,0,0.0
4340.0,0,0.0,0.0,0.0,0,0.0,1.0,0,0.0
4345.0,0,0.0,0.0,0.0,0,0.0,1.0,0,0.0
4350.0,0,0.0,0.0,0.0,0,0.0,1.0,0,0.0
4355.0,0,0.0,0.0,0.0,0,0.0,1.0,0,0.0
4360.0,0,0.0,0.0,0.0,0,0.0,1.0,0,0.0
4365.0,0,0.0,0.0,0.0,0,0.0,1.0,0,0.0
4370.0,0,0.0,0.0,0.0,0,0.0,1.0,0,0.0
4375.0,0,0.0,0.0,0.0,0,0.0,1.0,0,0.0
4380.0,0,0.0,0.0,0.0,0,0.0,1.0,0,0.0
4385.0,0,0.0,0.0,0.0,0,0.0,1.0,0,0.0
4390.0,0,0.0,0.0,0.0,0,0.0,1.0,0,0.0
4395.0,0,0.0,0.0,0.0,0,0.0,1.0,0,0.0
4400.0,0,0.0,0.0,0.0,0,0.0,1.0,0,0.0
4405.0,0,0.0,0.0,0.0,0,0.0,1.0,0,0.0
4410.0,0,0.0,0.0,0.0,0,0.0,1.0,0,0.0
4415.0,0,0.0,0.0,0.0,0,0.0,1.0,0,0.0
4420.0,0,0.0,0.0,0.0,0,0.0,1.0,0,0.0
4425.0,0,0.0,0.0,0.0,0,0.0,1.0,0,0.0
4430.0,0,0.0,0.0,0.0,0,0.0,1.0,0,0.0
4435.0,0,0.0,0.0,0.0,0,0.0,1.0,0,0.0
4440.0,0,0.0,0.0,0.0,0,0.0,1.0,0,0.0
4445.0,0,0.0,0.0,0.0,0,0.0,1.0,0,0.0
4450.0,0,0.0,0.0,0.0,0,0.0,1.0,0,0.0
4455.0,0,0.0,0.0,0.0,0,0.0,1.0,0,0.0
4460.0,0,0.0,0.0,0.0,0,0.0,1.0,0,0.0
4465.0,0,0.0,0.0,0.0,0,0.0,1.0,0,0.0
4470.0,0,0.0,0.0,0.0,0,0.0,1.0,0,0.0
4475.0,0,0.0,0.0,0.0,0,0.0,1.0,0,0.0
4480.0,0,0.0,0.0,0.0,0,0.0,1.0,0,0.0
4485.0,0,0.0,0.0,0.0,0,0.0,1.0,0,0.0
4490.0,0,0.0,0.0,0.0,0,0.0,1.0,0,0.0
4495.0,0,0.0,0.0,0.0,0,0.0,1.0,0,0.0
4500.0,0,0.0,0.0,0.0,0,0.0,1.0,0,0.0
4505.0,0,0.0,0.0,0.0,0,0.0,1.0,0,0.0
4510.0,0,0.0,0.0,0.0,0,0.0,1.0,0,0.0
4515.0,0,0.0,0.0,0.0,0,0.0,1.0,0,0.0
4520.0,0,0.0,0.0,0.0,0,0.0,1.0,0,0.0
4525.0,0,0.0,0.0,0.0,0,0.0,1.0,0,0.0
4530.0,0,0.0,0.0,0.0,0,0.0,1.0,0,0.0
4535.0,0,0.0,0.0,0.0,0,0.0,1.0,0,0.0
4540.0,0,0.0,0.0,0.0,0,0.0,1.0,0,0.0
4545.0,0,0.0,0.0,0.0,0,0.0,1.0,0,0.0
4550.0,0,0.0,0.0,0.0,0,0.0,1.0,0,0.0
4555.0,0,0.0,0.0,0.0,0,0.0,1.0,0,0.0
4560.0,0,0.0,0.0,0.0,0,0.0,1.0,0,0.0
4565.0,0,0.0,0.0,0.0,0,0.0,1.0,0,0.0
4570.0,0,0.0,0.0,0.0,0,0.0,1.0,0,0.0
4575.0,0,0.0,0.0,0.0,0,0.0,1.0,0,0.0
4580.0,0,0.0,0.0,0.0,0,0.0,1.0,0,0.0
4585.0,0,0.0,0.0,0.0,0,0.0,1.0,0,0.0
4590.0,0,0.0,0.0,0.0,0,0.0,1.0,0,0.0
4595.0,0,0.0,0.0,0.0,0,0.0,1.0,0,0.0
4600.0,0,0.0,0.0,0.0,0,0.0,1.0,0,0.0
4605.0,0,0.0,0.0,0.0,0,0.0,1.0,0,0.0
4610.0,0,0.0,0.0,0.0,0,0.0,1.0,0,0.0
4615.0,0,0.0,0.0,0.0,0,0.0,1.0,0,0.0
4620.0,0,0.0,0.0,0.0,0,0.0,1.0,0,0.0
4625.0,0,0.0,0.0,0.0,0,0.0,1.0,0,0.0
4630.0,0,0.0,0.0,0.0,0,0.0,1.0,0,0.0
4635.0,0,0.0,0.0,0.0,0,0.0,1.0,0,0.0
4640.0,0,0.0,0.0,0.0,0,0.0,1.0,0,0.0
4645.0,0,0.0,0.0,0.0,0,0.0,1.0,0,0.0
4650.0,0,0.0,0.0,0.0,0,0.0,1.0,0,0.0
4655.0,0,0.0,0.0,0.0,0,0.0,1.0,0,0.0
4660.0,0,0.0,0.0,0.0,0,0.0,1.0,0,0.0
4665.0,0,0.0,0.0,0.0,0,0.0,1.0,0,0.0
4670.0,0,0.0,0.0,0.0,0,0.0,1.0,0,0.0
4675.0,0,0.0,0.0,0.0,0,0.0,1.0,0,0.0
4680.0,0,0.0,0.0,0.0,0,0.0,1.0,0,0.0
4685.0,0,0.0,0.0,0.0,0,0.0,1.0,0,0.0
4690.0,0,0.0,0.0,0.0,0,0.0,1.0,0,0.0
4695.0,0,0.0,0.0,0.0,0,0.0,1.0,0,0.0
4700.0,0,0.0,0.0,0.0,0,0.0,1.0,0,0.0
4705.0,0,0.0,0.0,0.0,0,0.0,1.0,0,0.0
4710.0,0,0.0,0.0,0.0,0,0.0,1.0,0,0.0
4715.0,0,0.0,0.0,0.0,0,0.0,1.0,0,0.0
4720.0,0,0.0,0.0,0.0,0,0.0,1.0,0,0.0
4725.0,0,0.0,0.0,0.0,0,0.0,1.0,0,0.0
4730.0,0,0.0,0.0,0.0,0,0.0,1.0,0,0.0
4735.0,0,0.0,0.0,0.0,0,0.0,1.0,0,0.0
4740.0,0,0.0,0.0,0.0,0,0.0,1.0,0,0.0
4745.0,0,0.0,0.0,0.0,0,0.0,1.0,0,0.0
4750.0,0,0.0,0.0,0.0,0,0.0,1.0,0,0.0
4755.0,0,0.0,0.0,0.0,0,0.0,1.0,0,0.0
4760.0,0,0.0,0.0,0.0,0,0.0,1.0,0,0.0
4765.0,0,0.0,0.0,0.0,0,0.0,1.0,0,0.0
4770.0,0,0.0,0.0,0.0,0,0.0,1.0,0,0.0
4775.0,0,0.0,0.0,0.0,0,0.0,1.0,0,0.0
4780.0,0,0.0,0.0,0.0,0,0.0,1.0,0,0.0
4785.0,0,0.0,0.0,0.0,0,0.0,1.0,0,0.0
4790.0,0,0.0,0.0,0.0,0,0.0,1.0,0,0.0
4795.0,0,0.0,0.0,0.0,0,0.0,1.0,0,0.0
4800.0,0,0.0,0.0,0.0,0,0.0,1.0,0,0.0
4805.0,0,0.0,0.0,0.0,0,0.0,1.0,0,0.0
4810.0,0,0.0,0.0,0.0,0,0.0,1.0,0,0.0
4815.0,0,0.0,0.0,0.0,0,0.0,1.0,0,0.0
4820.0,0,0.0,0.0,0.0,0,0.0,1.0,0,0.0
4825.0,0,0.0,0.0,0.0,0,0.0,1.0,0,0.0
4830.0,0,0.0,0.0,0.0,0,0.0,1.0,0,0.0
4835.0,0,0.0,0.0,0.0,0,0.0,1.0,0,0.0
4840.0,0,0.0,0.0,0.0,0,0.0,1.0,0,0.0
4845.0,0,0.0,0.0,0.0,0,0.0,1.0,0,0.0
4850.0,0,0.0,0.0,0.0,0,0.0,1.0,0,0.0
4855.0,0,0.0,0.0,0.0,0,0.0,1.0,0,0.0
4860.0,0,0.0,0.0,0.0,0,0.0,1.0,0,0.0
4865.0,0,0.0,0.0,0.0,0,0.0,1.0,0,0.0
4870.0,0,0.0,0.0,0.0,0,0.0,1.0,0,0.0
4875.0,0,0.0,0.0,0.0,0,0.0,1.0,0,0.0
4880.0,0,0.0,0.0,0.0,0,0.0,1.0,0,0.0
4885.0,0,0.0,0.0,0.0,0,0.0,1.0,0,0.0
4890.0,0,0.0,0.0,0.0,0,0.0,1.0,0,0.0
4895.0,0,0.0,0.0,0.0,0,0.0,1.0,0,0.0
4900.0,0,0.0,0.0,0.0,0,0.0,1.0,0,0.0
4905.0,0,0.0,0.0,0.0,0,0.0,1.0,0,0.0
4910.0,0,0.0,0.0,0.0,0,0.0,1.0,0,0.0
4915.0,0,0.0,0.0,0.0,0,0.0,1.0,0,0.0
4920.0,0,0.0,0.0,0.0,0,0.0,1.0,0,0.0
4925.0,0,0.0,0.0,0.0,0,0.0,1.0,0,0.0
4930.0,0,0.0,0.0,0.0,0,0.0,1.0,0,0.0
4935.0,0,0.0,0.0,0.0,0,0.0,1.0,0,0.0
4940.0,0,0.0,0.0,0.0,0,0.0,1.0,0,0.0
4945.0,0,0.0,0.0,0.0,0,0.0,1.0,0,0.0
4950.0,0,0.0,0.0,0.0,0,0.0,1.0,0,0.0
4955.0,0,0.0,0.0,0.0,0,0.0,1.0,0,0.0
4960.0,0,0.0,0.0,0.0,0,0.0,1.0,0,0.0
4965.0,0,0.0,0.0,0.0,0,0.0,1.0,0,0.0
4970.0,0,0.0,0.0,0.0,0,0.0,1.0,0,0.0
4975.0,0,0.0,0.0,0.0,0,0.0,1.0,0,0.0
4980.0,0,0.0,0.0,0.0,0,0.0,1.0,0,0.0
4985.0,0,0.0,0.0,0.0,0,0.0,1.0,0,0.0
4990.0,0,0.0,0.0,0.0,0,0.0,1.0,0,0.0
4995.0,0,0.0,0.0,0.0,0,0.0,1.0,0,0.0
5000.0,0,0.0,0.0,0.0,0,0.0,1.0,0,0.0
5005.0,0,0.0,0.0,0.0,0,0.0,1.0,0,0.0
5010.0,0,0.0,0.0,0.0,0,0.0,1.0,0,0.0
5015.0,0,0.0,0.0,0.0,0,0.0,1.0,0,0.0
5020.0,0,0.0,0.0,0.0,0,0.0,1.0,0,0.0
5025.0,0,0.0,0.0,0.0,0,0.0,1.0,0,0.0
5030.0,0,0.0,0.0,0.0,0,0.0,1.0,0,0.0
5035.0,0,0.0,0.0,0.0,0,0.0,1.0,0,0.0
5040.0,0,0.0,0.0,0.0,0,0.0,1.0,0,0.0
5045.0,0,0.0,0.0,0.0,0,0.0,1.0,0,0.0
5050.0,0,0.0,0.0,0.0,0,0.0,1.0,0,0.0
5055.0,0,0.0,0.0,0.0,0,0.0,1.0,0,0.0
5060.0,0,0.0,0.0,0.0,0,0.0,1.0,0,0.0
5065.0,0,0.0,0.0,0.0,0,0.0,1.0,0,0.0
5070.0,0,0.0,0.0,0.0,0,0.0,1.0,0,0.0
5075.0,0,0.0,0.0,0.0,0,0.0,1.0,0,0.0
5080.0,0,0.0,0.0,0.0,0,0.0,1.0,0,0.0
5085.0,0,0.0,0.0,0.0,0,0.0,1.0,0,0.0
5090.0,0,0.0,0.0,0.0,0,0.0,1.0,0,0.0
5095.0,0,0.0,0.0,0.0,0,0.0,1.0,0,0.0
5100.0,0,0.0,0.0,0.0,0,0.0,1.0,0,0.0
5105.0,0,0.0,0.0,0.0,0,0.0,1.0,0,0.0
5110.0,0,0.0,0.0,0.0,0,0.0,1.0,0,0.0
5115.0,0,0.0,0.0,0.0,0,0.0,1.0,0,0.0
5120.0,0,0.0,0.0,0.0,0,0.0,1.0,0,0.0
5125.0,0,0.0,0.0,0.0,0,0.0,1.0,0,0.0
5130.0,0,0.0,0.0,0.0,0,0.0,1.0,0,0.0
5135.0,0,0.0,0.0,0.0,0,0.0,1.0,0,0.0
5140.0,0,0.0,0.0,0.0,0,0.0,1.0,0,0.0
5145.0,0,0.0,0.0,0.0,0,0.0,1.0,0,0.0
5150.0,0,0.0,0.0,0.0,0,0.0,1.0,0,0.0
5155.0,0,0.0,0.0,0.0,0,0.0,1.0,0,0.0
5160.0,0,0.0,0.0,0.0,0,0.0,1.0,0,0.0
5165.0,0,0.0,0.0,0.0,0,0.0,1.0,0,0.0
5170.0,0,0.0,0.0,0.0,0,0.0,1.0,0,0.0
5175.0,0,0.0,0.0,0.0,0,0.0,1.0,0,0.0
5180.0,0,0.0,0.0,0.0,0,0.0,1.0,0,0.0
5185.0,0,0.0,0.0,0.0,0,0.0,1.0,0,0.0
5190.0,0,0.0,0.0,0.0,0,0.0,1.0,0,0.0
5195.0,0,0.0,0.0,0.0,0,0.0,1.0,0,0.0
5200.0,0,0.0,0.0,0.0,0,0.0,1.0,0,0.0
5205.0,0,0.0,0.0,0.0,0,0.0,1.0,0,0.0
5210.0,0,0.0,0.0,0.0,0,0.0,1.0,0,0.0
5215.0,0,0.0,0.0,0.0,0,0.0,1.0,0,0.0
5220.0,0,0.0,0.0,0.0,0,0.0,1.0,0,0.0
5225.0,0,0.0,0.0,0.0,0,0.0,1.0,0,0.0
5230.0,0,0.0,0.0,0.0,0,0.0,1.0,0,0.0
5235.0,0,0.0,0.0,0.0,0,0.0,1.0,0,0.0
5240.0,0,0.0,0.0,0.0,0,0.0,1.0,0,0.0
5245.0,0,0.0,0.0,0.0,0,0.0,1.0,0,0.0
5250.0,0,0.0,0.0,0.0,0,0.0,1.0,0,0.0
5255.0,0,0.0,0.0,0.0,0,0.0,1.0,0,0.0
5260.0,0,0.0,0.0,0.0,0,0.0,1.0,0,0.0
5265.0,0,0.0,0.0,0.0,0,0.0,1.0,0,0.0
5270.0,0,0.0,0.0,0.0,0,0.0,1.0,0,0.0
5275.0,0,0.0,0.0,0.0,0,0.0,1.0,0,0.0
5280.0,0,0.0,0.0,0.0,0,0.0,1.0,0,0.0
5285.0,0,0.0,0.0,0.0,0,0.0,1.0,0,0.0
5290.0,0,0.0,0.0,0.0,0,0.0,1.0,0,0.0
5295.0,0,0.0,0.0,0.0,0,0.0,1.0,0,0.0
5300.0,0,0.0,0.0,0.0,0,0.0,1.0,0,0.0
5305.0,0,0.0,0.0,0.0,0,0.0,1.0,0,0.0
5310.0,0,0.0,0.0,0.0,0,0.0,1.0,0,0.0
5315.0,0,0.0,0.0,0.0,0,0.0,1.0,0,0.0
5320.0,0,0.0,0.0,0.0,0,0.0,1.0,0,0.0
5325.0,0,0.0,0.0,0.0,0,0.0,1.0,0,0.0
5330.0,0,0.0,0.0,0.0,0,0.0,1.0,0,0.0
5335.0,0,0.0,0.0,0.0,0,0.0,1.0,0,0.0
5340.0,0,0.0,0.0,0.0,0,0.0,1.0,0,0.0
5345.0,0,0.0,0.0,0.0,0,0.0,1.0,0,0.0
5350.0,0,0.0,0.0,0.0,0,0.0,1.0,0,0.0
5355.0,0,0.0,0.0,0.0,0,0.0,1.0,0,0.0
5360.0,0,0.0,0.0,0.0,0,0.0,1.0,0,0.0
5365.0,0,0.0,0.0,0.0,0,0.0,1.0,0,0.0
5370.0,0,0.0,0.0,0.0,0,0.0,1.0,0,0.0
5375.0,0,0.0,0.0,0.0,0,0.0,1.0,0,0.0
5380.0,0,0.0,0.0,0.0,0,0.0,1.0,0,0.0
5385.0,0,0.0,0.0,0.0,0,0.0,1.0,0,0.0
5390.0,0,0.0,0.0,0.0,0,0.0,1.0,0,0.0
5395.0,0,0.0,0.0,0.0,0,0.0,1.0,0,0.0
5400.0,0,0.0,0.0,0.0,0,0.0,1.0,0,0.0
5405.0,0,0.0,0.0,0.0,0,0.0,1.0,0,0.0
5410.0,0,0.0,0.0,0.0,0,0.0,1.0,0,0.0
5415.0,0,0.0,0.0,0.0,0,0.0,1.0,0,0.0
5420.0,0,0.0,0.0,0.0,0,0.0,1.0,0,0.0
5425.0,0,0.0,0.0,0.0,0,0.0,1.0,0,0.0
5430.0,0,0.0,0.0,0.0,0,0.0,1.0,0,0.0
5435.0,0,0.0,0.0,0.0,0,0.0,1.0,0,0.0
5440.0,0,0.0,0.0,0.0,0,0.0,1.0,0,0.0
5445.0,0,0.0,0.0,0.0,0,0.0,1.0,0,0.0
5450.0,0,0.0,0.0,0.0,0,0.0,1.0,0,0.0
5455.0,0,0.0,0.0,0.0,0,0.0,1.0,0,0.0
5460.0,0,0.0,0.0,0.0,0,0.0,1.0,0,0.0
5465.0,0,0.0,0.0,0.0,0,0.0,1.0,0,0.0
5470.0,0,0.0,0.0,0.0,0,0.0,1.0,0,0.0
5475.0,0,0.0,0.0,0.0,0,0.0,1.0,0,0.0
5480.0,0,0.0,0.0,0.0,0,0.0,1.0,0,0.0
5485.0,0,0.0,0.0,0.0,0,0.0,1.0,0,0.0
5490.0,0,0.0,0.0,0.0,0,0.0,1.0,0,0.0
5495.0,0,0.0,0.0,0.0,0,0.0,1.0,0,0.0
5500.0,0,0.0,0.0,0.0,0,0.0,1.0,0,0.0
5505.0,0,0.0,0.0,0.0,0,0.0,1.0,0,0.0
5510.0,0,0.0,0.0,0.0,0,0.0,1.0,0,0.0
5515.0,0,0.0,0.0,0.0,0,0.0,1.0,0,0.0
5520.0,0,0.0,0.0,0.0,0,0.0,1.0,0,0.0
5525.0,0,0.0,0.0,0.0,0,0.0,1.0,0,0.0
5530.0,0,0.0,0.0,0.0,0,0.0,1.0,0,0.0
5535.0,0,0.0,0.0,0.0,0,0.0,1.0,0,0.0
5540.0,0,0.0,0.0,0.0,0,0.0,1.0,0,0.0
5545.0,0,0.0,0.0,0.0,0,0.0,1.0,0,0.0
5550.0,0,0.0,0.0,0.0,0,0.0,1.0,0,0.0
5555.0,0,0.0,0.0,0.0,0,0.0,1.0,0,0.0
5560.0,0,0.0,0.0,0.0,0,0.0,1.0,0,0.0
5565.0,0,0.0,0.0,0.0,0,0.0,1.0,0,0.0
5570.0,0,0.0,0.0,0.0,0,0.0,1.0,0,0.0
5575.0,0,0.0,0.0,0.0,0,0.0,1.0,0,0.0
5580.0,0,0.0,0.0,0.0,0,0.0,1.0,0,0.0
5585.0,0,0.0,0.0,0.0,0,0.0,1.0,0,0.0
5590.0,0,0.0,0.0,0.0,0,0.0,1.0,0,0.0
5595.0,0,0.0,0.0,0.0,0,0.0,1.0,0,0.0
5600.0,0,0.0,0.0,0.0,0,0.0,1.0,0,0.0
5605.0,0,0.0,0.0,0.0,0,0.0,1.0,0,0.0
5610.0,0,0.0,0.0,0.0,0,0.0,1.0,0,0.0
5615.0,0,0.0,0.0,0.0,0,0.0,1.0,0,0.0
5620.0,0,0.0,0.0,0.0,0,0.0,1.0,0,0.0
5625.0,0,0.0,0.0,0.0,0,0.0,1.0,0,0.0
5630.0,0,0.0,0.0,0.0,0,0.0,1.0,0,0.0
5635.0,0,0.0,0.0,0.0,0,0.0,1.0,0,0.0
5640.0,0,0.0,0.0,0.0,0,0.0,1.0,0,0.0
5645.0,0,0.0,0.0,0.0,0,0.0,1.0,0,0.0
5650.0,0,0.0,0.0,0.0,0,0.0,1.0,0,0.0
5655.0,0,0.0,0.0,0.0,0,0.0,1.0,0,0.0
5660.0,0,0.0,0.0,0.0,0,0.0,1.0,0,0.0
5665.0,0,0.0,0.0,0.0,0,0.0,1.0,0,0.0
5670.0,0,0.0,0.0,0.0,0,0.0,1.0,0,0.0
5675.0,0,0.0,0.0,0.0,0,0.0,1.0,0,0.0
5680.0,0,0.0,0.0,0.0,0,0.0,1.0,0,0.0
5685.0,0,0.0,0.0,0.0,0,0.0,1.0,0,0.0
5690.0,0,0.0,0.0,0.0,0,0.0,1.0,0,0.0
5695.0,0,0.0,0.0,0.0,0,0.0,1.0,0,0.0
5700.0,0,0.0,0.0,0.0,0,0.0,1.0,0,0.0
5705.0,0,0.0,0.0,0.0,0,0.0,1.0,0,0.0
5710.0,0,0.0,0.0,0.0,0,0.0,1.0,0,0.0
5715.0,0,0.0,0.0,0.0,0,0.0,1.0,0,0.0
5720.0,0,0.0,0.0,0.0,0,0.0,1.0,0,0.0
5725.0,0,0.0,0.0,0.0,0,0.0,1.0,0,0.0
5730.0,0,0.0,0.0,0.0,0,0.0,1.0,0,0.0
5735.0,0,0.0,0.0,0.0,0,0.0,1.0,0,0.0
5740.0,0,0.0,0.0,0.0,0,0.0,1.0,0,0.0
5745.0,0,0.0,0.0,0.0,0,0.0,1.0,0,0.0
5750.0,0,0.0,0.0,0.0,0,0.0,1.0,0,0.0
5755.0,0,0.0,0.0,0.0,0,0.0,1.0,0,0.0
5760.0,0,0.0,0.0,0.0,0,0.0,1.0,0,0.0
5765.0,0,0.0,0.0,0.0,0,0.0,1.0,0,0.0
5770.0,0,0.0,0.0,0.0,0,0.0,1.0,0,0.0
5775.0,0,0.0,0.0,0.0,0,0.0,1.0,0,0.0
5780.0,0,0.0,0.0,0.0,0,0.0,1.0,0,0.0
5785.0,0,0.0,0.0,0.0,0,0.0,1.0,0,0.0
5790.0,0,0.0,0.0,0.0,0,0.0,1.0,0,0.0
5795.0,0,0.0,0.0,0.0,0,0.0,1.0,0,0.0
5800.0,0,0.0,0.0,0.0,0,0.0,1.0,0,0.0
5805.0,0,0.0,0.0,0.0,0,0.0,1.0,0,0.0
5810.0,0,0.0,0.0,0.0,0,0.0,1.0,0,0.0
5815.0,0,0.0,0.0,0.0,0,0.0,1.0,0,0.0
5820.0,0,0.0,0.0,0.0,0,0.0,1.0,0,0.0
5825.0,0,0.0,0.0,0.0,0,0.0,1.0,0,0.0
5830.0,0,0.0,0.0,0.0,0,0.0,1.0,0,0.0
5835.0,0,0.0,0.0,0.0,0,0.0,1.0,0,0.0
5840.0,0,0.0,0.0,0.0,0,0.0,1.0,0,0.0
5845.0,0,0.0,0.0,0.0,0,0.0,1.0,0,0.0
5850.0,0,0.0,0.0,0.0,0,0.0,1.0,0,0.0
5855.0,0,0.0,0.0,0.0,0,0.0,1.0,0,0.0
5860.0,0,0.0,0.0,0.0,0,0.0,1.0,0,0.0
5865.0,0,0.0,0.0,0.0,0,0.0,1.0,0,0.0
5870.0,0,0.0,0.0,0.0,0,0.0,1.0,0,0.0
5875.0,0,0.0,0.0,0.0,0,0.0,1.0,0,0.0
5880.0,0,0.0,0.0,0.0,0,0.0,1.0,0,0.0
5885.0,0,0.0,0.0,0.0,0,0.0,1.0,0,0.0
5890.0,0,0.0,0.0,0.0,0,0.0,1.0,0,0.0
5895.0,0,0.0,0.0,0.0,0,0.0,1.0,0,0.0
5900.0,0,0.0,0.0,0.0,0,0.0,1.0,0,0.0
5905.0,0,0.0,0.0,0.0,0,0.0,1.0,0,0.0
5910.0,0,0.0,0.0,0.0,0,0.0,1.0,0,0.0
5915.0,0,0.0,0.0,0.0,0,0.0,1.0,0,0.0
5920.0,0,0.0,0.0,0.0,0,0.0,1.0,0,0.0
5925.0,0,0.0,0.0,0.0,0,0.0,1.0,0,0.0
5930.0,0,0.0,0.0,0.0,0,0.0,1.0,0,0.0
5935.0,0,0.0,0.0,0.0,0,0.0,1.0,0,0.0
5940.0,0,0.0,0.0,0.0,0,0.0,1.0,0,0.0
5945.0,0,0.0,0.0,0.0,0,0.0,1.0,0,0.0
5950.0,0,0.0,0.0,0.0,0,0.0,1.0,0,0.0
5955.0,0,0.0,0.0,0.0,0,0.0,1.0,0,0.0
5960.0,0,0.0,0.0,0.0,0,0.0,1.0,0,0.0
5965.0,0,0.0,0.0,0.0,0,0.0,1.0,0,0.0
5970.0,0,0.0,0.0,0.0,0,0.0,1.0,0,0.0
5975.0,0,0.0,0.0,0.0,0,0.0,1.0,0,0.0
5980.0,0,0.0,0.0,0.0,0,0.0,1.0,0,0.0
5985.0,0,0.0,0.0,0.0,0,0.0,1.0,0,0.0
5990.0,0,0.0,0.0,0.0,0,0.0,1.0,0,0.0
5995.0,0,0.0,0.0,0.0,0,0.0,1.0,0,0.0
6000.0,0,0.0,0.0,0.0,0,0.0,1.0,0,0.0
6005.0,0,0.0,0.0,0.0,0,0.0,1.0,0,0.0
6010.0,0,0.0,0.0,0.0,0,0.0,1.0,0,0.0
6015.0,0,0.0,0.0,0.0,0,0.0,1.0,0,0.0
6020.0,0,0.0,0.0,0.0,0,0.0,1.0,0,0.0
6025.0,0,0.0,0.0,0.0,0,0.0,1.0,0,0.0
6030.0,0,0.0,0.0,0.0,0,0.0,1.0,0,0.0
6035.0,0,0.0,0.0,0.0,0,0.0,1.0,0,0.0
6040.0,0,0.0,0.0,0.0,0,0.0,1.0,0,0.0
6045.0,0,0.0,0.0,0.0,0,0.0,1.0,0,0.0
6050.0,0,0.0,0.0,0.0,0,0.0,1.0,0,0.0
6055.0,0,0.0,0.0,0.0,0,0.0,1.0,0,0.0
6060.0,0,0.0,0.0,0.0,0,0.0,1.0,0,0.0
6065.0,0,0.0,0.0,0.0,0,0.0,1.0,0,0.0
6070.0,0,0.0,0.0,0.0,0,0.0,1.0,0,0.0
6075.0,0,0.0,0.0,0.0,0,0.0,1.0,0,0.0
6080.0,0,0.0,0.0,0.0,0,0.0,1.0,0,0.0
6085.0,0,0.0,0.0,0.0,0,0.0,1.0,0,0.0
6090.0,0,0.0,0.0,0.0,0,0.0,1.0,0,0.0
6095.0,0,0.0,0.0,0.0,0,0.0,1.0,0,0.0
6100.0,0,0.0,0.0,0.0,0,0.0,1.0,0,0.0
6105.0,0,0.0,0.0,0.0,0,0.0,1.0,0,0.0
6110.0,0,0.0,0.0,0.0,0,0.0,1.0,0,0.0
6115.0,0,0.0,0.0,0.0,0,0.0,1.0,0,0.0
6120.0,0,0.0,0.0,0.0,0,0.0,1.0,0,0.0
6125.0,0,0.0,0.0,0.0,0,0.0,1.0,0,0.0
6130.0,0,0.0,0.0,0.0,0,0.0,1.0,0,0.0
6135.0,0,0.0,0.0,0.0,0,0.0,1.0,0,0.0
6140.0,0,0.0,0.0,0.0,0,0.0,1.0,0,0.0
6145.0,0,0.0,0.0,0.0,0,0.0,1.0,0,0.0
6150.0,0,0.0,0.0,0.0,0,0.0,1.0,0,0.0
6155.0,0,0.0,0.0,0.0,0,0.0,1.0,0,0.0
6160.0,0,0.0,0.0,0.0,0,0.0,1.0,0,0.0
6165.0,0,0.0,0.0,0.0,0,0.0,1.0,0,0.0
6170.0,0,0.0,0.0,0.0,0,0.0,1.0,0,0.0
6175.0,0,0.0,0.0,0.0,0,0.0,1.0,0,0.0
6180.0,0,0.0,0.0,0.0,0,0.0,1.0,0,0.0
6185.0,0,0.0,0.0,0.0,0,0.0,1.0,0,0.0
6190.0,0,0.0,0.0,0.0,0,0.0,1.0,0,0.0
6195.0,0,0.0,0.0,0.0,0,0.0,1.0,0,0.0
6200.0,0,0.0,0.0,0.0,0,0.0,1.0,0,0.0
6205.0,0,0.0,0.0,0.0,0,0.0,1.0,0,0.0
6210.0,0,0.0,0.0,0.0,0,0.0,1.0,0,0.0
6215.0,0,0.0,0.0,0.0,0,0.0,1.0,0,0.0
6220.0,0,0.0,0.0,0.0,0,0.0,1.0,0,0.0
6225.0,0,0.0,0.0,0.0,0,0.0,1.0,0,0.0
6230.0,0,0.0,0.0,0.0,0,0.0,1.0,0,0.0
6235.0,0,0.0,0.0,0.0,0,0.0,1.0,0,0.0
6240.0,0,0.0,0.0,0.0,0,0.0,1.0,0,0.0
6245.0,0,0.0,0.0,0.0,0,0.0,1.0,0,0.0
6250.0,0,0.0,0.0,0.0,0,0.0,1.0,0,0.0
6255.0,0,0.0,0.0,0.0,0,0.0,1.0,0,0.0
6260.0,0,0.0,0.0,0.0,0,0.0,1.0,0,0.0
6265.0,0,0.0,0.0,0.0,0,0.0,1.0,0,0.0
6270.0,0,0.0,0.0,0.0,0,0.0,1.0,0,0.0
6275.0,0,0.0,0.0,0.0,0,0.0,1.0,0,0.0
6280.0,0,0.0,0.0,0.0,0,0.0,1.0,0,0.0
6285.0,0,0.0,0.0,0.0,0,0.0,1.0,0,0.0
6290.0,0,0.0,0.0,0.0,0,0.0,1.0,0,0.0
6295.0,0,0.0,0.0,0.0,0,0.0,1.0,0,0.0
6300.0,0,0.0,0.0,0.0,0,0.0,1.0,0,0.0
6305.0,0,0.0,0.0,0.0,0,0.0,1.0,0,0.0
6310.0,0,0.0,0.0,0.0,0,0.0,1.0,0,0.0
6315.0,0,0.0,0.0,0.0,0,0.0,1.0,0,0.0
6320.0,0,0.0,0.0,0.0,0,0.0,1.0,0,0.0
6325.0,0,0.0,0.0,0.0,0,0.0,1.0,0,0.0
6330.0,0,0.0,0.0,0.0,0,0.0,1.0,0,0.0
6335.0,0,0.0,0.0,0.0,0,0.0,1.0,0,0.0
6340.0,0,0.0,0.0,0.0,0,0.0,1.0,0,0.0
6345.0,0,0.0,0.0,0.0,0,0.0,1.0,0,0.0
6350.0,0,0.0,0.0,0.0,0,0.0,1.0,0,0.0
6355.0,0,0.0,0.0,0.0,0,0.0,1.0,0,0.0
6360.0,0,0.0,0.0,0.0,0,0.0,1.0,0,0.0
6365.0,0,0.0,0.0,0.0,0,0.0,1.0,0,0.0
6370.0,0,0.0,0.0,0.0,0,0.0,1.0,0,0.0
6375.0,0,0.0,0.0,0.0,0,0.0,1.0,0,0.0
6380.0,0,0.0,0.0,0.0,0,0.0,1.0,0,0.0
6385.0,0,0.0,0.0,0.0,0,0.0,1.0,0,0.0
6390.0,0,0.0,0.0,0.0,0,0.0,1.0,0,0.0
6395.0,0,0.0,0.0,0.0,0,0.0,1.0,0,0.0
6400.0,0,0.0,0.0,0.0,0,0.0,1.0,0,0.0
6405.0,0,0.0,0.0,0.0,0,0.0,1.0,0,0.0
6410.0,0,0.0,0.0,0.0,0,0.0,1.0,0,0.0
6415.0,0,0.0,0.0,0.0,0,0.0,1.0,0,0.0
6420.0,0,0.0,0.0,0.0,0,0.0,1.0,0,0.0
6425.0,0,0.0,0.0,0.0,0,0.0,1.0,0,0.0
6430.0,0,0.0,0.0,0.0,0,0.0,1.0,0,0.0
6435.0,0,0.0,0.0,0.0,0,0.0,1.0,0,0.0
6440.0,0,0.0,0.0,0.0,0,0.0,1.0,0,0.0
6445.0,0,0.0,0.0,0.0,0,0.0,1.0,0,0.0
6450.0,0,0.0,0.0,0.0,0,0.0,1.0,0,0.0
6455.0,0,0.0,0.0,0.0,0,0.0,1.0,0,0.0
6460.0,0,0.0,0.0,0.0,0,0.0,1.0,0,0.0
6465.0,0,0.0,0.0,0.0,0,0.0,1.0,0,0.0
6470.0,0,0.0,0.0,0.0,0,0.0,1.0,0,0.0
6475.0,0,0.0,0.0,0.0,0,0.0,1.0,0,0.0
6480.0,0,0.0,0.0,0.0,0,0.0,1.0,0,0.0
6485.0,0,0.0,0.0,0.0,0,0.0,1.0,0,0.0
6490.0,0,0.0,0.0,0.0,0,0.0,1.0,0,0.0
6495.0,0,0.0,0.0,0.0,0,0.0,1.0,0,0.0
6500.0,0,0.0,0.0,0.0,0,0.0,1.0,0,0.0
6505.0,0,0.0,0.0,0.0,0,0.0,1.0,0,0.0
6510.0,0,0.0,0.0,0.0,0,0.0,1.0,0,0.0
6515.0,0,0.0,0.0,0.0,0,0.0,1.0,0,0.0
6520.0,0,0.0,0.0,0.0,0,0.0,1.0,0,0.0
6525.0,0,0.0,0.0,0.0,0,0.0,1.0,0,0.0
6530.0,0,0.0,0.0,0.0,0,0.0,1.0,0,0.0
6535.0,0,0.0,0.0,0.0,0,0.0,1.0,0,0.0
6540.0,0,0.0,0.0,0.0,0,0.0,1.0,0,0.0
6545.0,0,0.0,0.0,0.0,0,0.0,1.0,0,0.0
6550.0,0,0.0,0.0,0.0,0,0.0,1.0,0,0.0
6555.0,0,0.0,0.0,0.0,0,0.0,1.0,0,0.0
6560.0,0,0.0,0.0,0.0,0,0.0,1.0,0,0.0
6565.0,0,0.0,0.0,0.0,0,0.0,1.0,0,0.0
6570.0,0,0.0,0.0,0.0,0,0.0,1.0,0,0.0
6575.0,0,0.0,0.0,0.0,0,0.0,1.0,0,0.0
6580.0,0,0.0,0.0,0.0,0,0.0,1.0,0,0.0
6585.0,0,0.0,0.0,0.0,0,0.0,1.0,0,0.0
6590.0,0,0.0,0.0,0.0,0,0.0,1.0,0,0.0
6595.0,0,0.0,0.0,0.0,0,0.0,1.0,0,0.0
6600.0,0,0.0,0.0,0.0,0,0.0,1.0,0,0.0
6605.0,0,0.0,0.0,0.0,0,0.0,1.0,0,0.0
6610.0,0,0.0,0.0,0.0,0,0.0,1.0,0,0.0
6615.0,0,0.0,0.0,0.0,0,0.0,1.0,0,0.0
6620.0,0,0.0,0.0,0.0,0,0.0,1.0,0,0.0
6625.0,0,0.0,0.0,0.0,0,0.0,1.0,0,0.0
6630.0,0,0.0,0.0,0.0,0,0.0,1.0,0,0.0
6635.0,0,0.0,0.0,0.0,0,0.0,1.0,0,0.0
6640.0,0,0.0,0.0,0.0,0,0.0,1.0,0,0.0
6645.0,0,0.0,0.0,0.0,0,0.0,1.0,0,0.0
6650.0,0,0.0,0.0,0.0,0,0.0,1.0,0,0.0
6655.0,0,0.0,0.0,0.0,0,0.0,1.0,0,0.0
6660.0,0,0.0,0.0,0.0,0,0.0,1.0,0,0.0
6665.0,0,0.0,0.0,0.0,0,0.0,1.0,0,0.0
6670.0,0,0.0,0.0,0.0,0,0.0,1.0,0,0.0
6675.0,0,0.0,0.0,0.0,0,0.0,1.0,0,0.0
6680.0,0,0.0,0.0,0.0,0,0.0,1.0,0,0.0
6685.0,0,0.0,0.0,0.0,0,0.0,1.0,0,0.0
6690.0,0,0.0,0.0,0.0,0,0.0,1.0,0,0.0
6695.0,0,0.0,0.0,0.0,0,0.0,1.0,0,0.0
6700.0,0,0.0,0.0,0.0,0,0.0,1.0,0,0.0
6705.0,0,0.0,0.0,0.0,0,0.0,1.0,0,0.0
6710.0,0,0.0,0.0,0.0,0,0.0,1.0,0,0.0
6715.0,0,0.0,0.0,0.0,0,0.0,1.0,0,0.0
6720.0,0,0.0,0.0,0.0,0,0.0,1.0,0,0.0
6725.0,0,0.0,0.0,0.0,0,0.0,1.0,0,0.0
6730.0,0,0.0,0.0,0.0,0,0.0,1.0,0,0.0
6735.0,0,0.0,0.0,0.0,0,0.0,1.0,0,0.0
6740.0,0,0.0,0.0,0.0,0,0.0,1.0,0,0.0
6745.0,0,0.0,0.0,0.0,0,0.0,1.0,0,0.0
6750.0,0,0.0,0.0,0.0,0,0.0,1.0,0,0.0
6755.0,0,0.0,0.0,0.0,0,0.0,1.0,0,0.0
6760.0,0,0.0,0.0,0.0,0,0.0,1.0,0,0.0
6765.0,0,0.0,0.0,0.0,0,0.0,1.0,0,0.0
6770.0,0,0.0,0.0,0.0,0,0.0,1.0,0,0.0
6775.0,0,0.0,0.0,0.0,0,0.0,1.0,0,0.0
6780.0,0,0.0,0.0,0.0,0,0.0,1.0,0,0.0
6785.0,0,0.0,0.0,0.0,0,0.0,1.0,0,0.0
6790.0,0,0.0,0.0,0.0,0,0.0,1.0,0,0.0
6795.0,0,0.0,0.0,0.0,0,0.0,1.0,0,0.0
6800.0,0,0.0,0.0,0.0,0,0.0,1.0,0,0.0
6805.0,0,0.0,0.0,0.0,0,0.0,1.0,0,0.0
6810.0,0,0.0,0.0,0.0,0,0.0,1.0,0,0.0
6815.0,0,0.0,0.0,0.0,0,0.0,1.0,0,0.0
6820.0,0,0.0,0.0,0.0,0,0.0,1.0,0,0.0
6825.0,0,0.0,0.0,0.0,0,0.0,1.0,0,0.0
6830.0,0,0.0,0.0,0.0,0,0.0,1.0,0,0.0
6835.0,0,0.0,0.0,0.0,0,0.0,1.0,0,0.0
6840.0,0,0.0,0.0,0.0,0,0.0,1.0,0,0.0
6845.0,0,0.0,0.0,0.0,0,0.0,1.0,0,0.0
6850.0,0,0.0,0.0,0.0,0,0.0,1.0,0,0.0
6855.0,0,0.0,0.0,0.0,0,0.0,1.0,0,0.0
6860.0,0,0.0,0.0,0.0,0,0.0,1.0,0,0.0
6865.0,0,0.0,0.0,0.0,0,0.0,1.0,0,0.0
6870.0,0,0.0,0.0,0.0,0,0.0,1.0,0,0.0
6875.0,0,0.0,0.0,0.0,0,0.0,1.0,0,0.0
6880.0,0,0.0,0.0,0.0,0,0.0,1.0,0,0.0
6885.0,0,0.0,0.0,0.0,0,0.0,1.0,0,0.0
6890.0,0,0.0,0.0,0.0,0,0.0,1.0,0,0.0
6895.0,0,0.0,0.0,0.0,0,0.0,1.0,0,0.0
6900.0,0,0.0,0.0,0.0,0,0.0,1.0,0,0.0
6905.0,0,0.0,0.0,0.0,0,0.0,1.0,0,0.0
6910.0,0,0.0,0.0,0.0,0,0.0,1.0,0,0.0
6915.0,0,0.0,0.0,0.0,0,0.0,1.0,0,0.0
6920.0,0,0.0,0.0,0.0,0,0.0,1.0,0,0.0
6925.0,0,0.0,0.0,0.0,0,0.0,1.0,0,0.0
6930.0,0,0.0,0.0,0.0,0,0.0,1.0,0,0.0
6935.0,0,0.0,0.0,0.0,0,0.0,1.0,0,0.0
6940.0,0,0.0,0.0,0.0,0,0.0,1.0,0,0.0
6945.0,0,0.0,0.0,0.0,0,0.0,1.0,0,0.0
6950.0,0,0.0,0.0,0.0,0,0.0,1.0,0,0.0
6955.0,0,0.0,0.0,0.0,0,0.0,1.0,0,0.0
6960.0,0,0.0,0.0,0.0,0,0.0,1.0,0,0.0
6965.0,0,0.0,0.0,0.0,0,0.0,1.0,0,0.0
6970.0,0,0.0,0.0,0.0,0,0.0,1.0,0,0.0
6975.0,0,0.0,0.0,0.0,0,0.0,1.0,0,0.0
6980.0,0,0.0,0.0,0.0,0,0.0,1.0,0,0.0
6985.0,0,0.0,0.0,0.0,0,0.0,1.0,0,0.0
6990.0,0,0.0,0.0,0.0,0,0.0,1.0,0,0.0
6995.0,0,0.0,0.0,0.0,0,0.0,1.0,0,0.0
7000.0,0,0.0,0.0,0.0,0,0.0,1.0,0,0.0
7005.0,0,0.0,0.0,0.0,0,0.0,1.0,0,0.0
7010.0,0,0.0,0.0,0.0,0,0.0,1.0,0,0.0
7015.0,0,0.0,0.0,0.0,0,0.0,1.0,0,0.0
7020.0,0,0.0,0.0,0.0,0,0.0,1.0,0,0.0
7025.0,0,0.0,0.0,0.0,0,0.0,1.0,0,0.0
7030.0,0,0.0,0.0,0.0,0,0.0,1.0,0,0.0
7035.0,0,0.0,0.0,0.0,0,0.0,1.0,0,0.0
7040.0,0,0.0,0.0,0.0,0,0.0,1.0,0,0.0
7045.0,0,0.0,0.0,0.0,0,0.0,1.0,0,0.0
7050.0,0,0.0,0.0,0.0,0,0.0,1.0,0,0.0
7055.0,0,0.0,0.0,0.0,0,0.0,1.0,0,0.0
7060.0,0,0.0,0.0,0.0,0,0.0,1.0,0,0.0
7065.0,0,0.0,0.0,0.0,0,0.0,1.0,0,0.0
7070.0,0,0.0,0.0,0.0,0,0.0,1.0,0,0.0
7075.0,0,0.0,0.0,0.0,0,0.0,1.0,0,0.0
7080.0,0,0.0,0.0,0.0,0,0.0,1.0,0,0.0
7085.0,0,0.0,0.0,0.0,0,0.0,1.0,0,0.0
7090.0,0,0.0,0.0,0.0,0,0.0,1.0,0,0.0
7095.0,0,0.0,0.0,0.0,0,0.0,1.0,0,0.0
7100.0,0,0.0,0.0,0.0,0,0.0,1.0,0,0.0
7105.0,0,0.0,0.0,0.0,0,0.0,1.0,0,0.0
7110.0,0,0.0,0.0,0.0,0,0.0,1.0,0,0.0
7115.0,0,0.0,0.0,0.0,0,0.0,1.0,0,0.0
7120.0,0,0.0,0.0,0.0,0,0.0,1.0,0,0.0
7125.0,0,0.0,0.0,0.0,0,0.0,1.0,0,0.0
7130.0,0,0.0,0.0,0.0,0,0.0,1.0,0,0.0
7135.0,0,0.0,0.0,0.0,0,0.0,1.0,0,0.0
7140.0,0,0.0,0.0,0.0,0,0.0,1.0,0,0.0
7145.0,0,0.0,0.0,0.0,0,0.0,1.0,0,0.0
7150.0,0,0.0,0.0,0.0,0,0.0,1.0,0,0.0
7155.0,0,0.0,0.0,0.0,0,0.0,1.0,0,0.0
7160.0,0,0.0,0.0,0.0,0,0.0,1.0,0,0.0
7165.0,0,0.0,0.0,0.0,0,0.0,1.0,0,0.0
7170.0,0,0.0,0.0,0.0,0,0.0,1.0,0,0.0
7175.0,0,0.0,0.0,0.0,0,0.0,1.0,0,0.0
7180.0,0,0.0,0.0,0.0,0,0.0,1.0,0,0.0
7185.0,0,0.0,0.0,0.0,0,0.0,1.0,0,0.0
7190.0,0,0.0,0.0,0.0,0,0.0,1.0,0,0.0
7195.0,0,0.0,0.0,0.0,0,0.0,1.0,0,0.0
7200.0,0,0.0,0.0,0.0,0,0.0,1.0,0,0.0
7205.0,0,0.0,0.0,0.0,0,0.0,1.0,0,0.0
7210.0,0,0.0,0.0,0.0,0,0.0,1.0,0,0.0
7215.0,0,0.0,0.0,0.0,0,0.0,1.0,0,0.0
7220.0,0,0.0,0.0,0.0,0,0.0,1.0,0,0.0
7225.0,0,0.0,0.0,0.0,0,0.0,1.0,0,0.0
7230.0,0,0.0,0.0,0.0,0,0.0,1.0,0,0.0
7235.0,0,0.0,0.0,0.0,0,0.0,1.0,0,0.0
7240.0,0,0.0,0.0,0.0,0,0.0,1.0,0,0.0
7245.0,0,0.0,0.0,0.0,0,0.0,1.0,0,0.0
7250.0,0,0.0,0.0,0.0,0,0.0,1.0,0,0.0
7255.0,0,0.0,0.0,0.0,0,0.0,1.0,0,0.0
7260.0,0,0.0,0.0,0.0,0,0.0,1.0,0,0.0
7265.0,0,0.0,0.0,0.0,0,0.0,1.0,0,0.0
7270.0,0,0.0,0.0,0.0,0,0.0,1.0,0,0.0
7275.0,0,0.0,0.0,0.0,0,0.0,1.0,0,0.0
7280.0,0,0.0,0.0,0.0,0,0.0,1.0,0,0.0
7285.0,0,0.0,0.0,0.0,0,0.0,1.0,0,0.0
7290.0,0,0.0,0.0,0.0,0,0.0,1.0,0,0.0
7295.0,0,0.0,0.0,0.0,0,0.0,1.0,0,0.0
7300.0,0,0.0,0.0,0.0,0,0.0,1.0,0,0.0
7305.0,0,0.0,0.0,0.0,0,0.0,1.0,0,0.0
7310.0,0,0.0,0.0,0.0,0,0.0,1.0,0,0.0
7315.0,0,0.0,0.0,0.0,0,0.0,1.0,0,0.0
7320.0,0,0.0,0.0,0.0,0,0.0,1.0,0,0.0
7325.0,0,0.0,0.0,0.0,0,0.0,1.0,0,0.0
7330.0,0,0.0,0.0,0.0,0,0.0,1.0,0,0.0
7335.0,0,0.0,0.0,0.0,0,0.0,1.0,0,0.0
7340.0,0,0.0,0.0,0.0,0,0.0,1.0,0,0.0
7345.0,0,0.0,0.0,0.0,0,0.0,1.0,0,0.0
7350.0,0,0.0,0.0,0.0,0,0.0,1.0,0,0.0
7355.0,0,0.0,0.0,0.0,0,0.0,1.0,0,0.0
7360.0,0,0.0,0.0,0.0,0,0.0,1.0,0,0.0
7365.0,0,0.0,0.0,0.0,0,0.0,1.0,0,0.0
7370.0,0,0.0,0.0,0.0,0,0.0,1.0,0,0.0
7375.0,0,0.0,0.0,0.0,0,0.0,1.0,0,0.0
7380.0,0,0.0,0.0,0.0,0,0.0,1.0,0,0.0
7385.0,0,0.0,0.0,0.0,0,0.0,1.0,0,0.0
7390.0,0,0.0,0.0,0.0,0,0.0,1.0,0,0.0
7395.0,0,0.0,0.0,0.0,0,0.0,1.0,0,0.0
7400.0,0,0.0,0.0,0.0,0,0.0,1.0,0,0.0
7405.0,0,0.0,0.0,0.0,0,0.0,1.0,0,0.0
7410.0,0,0.0,0.0,0.0,0,0.0,1.0,0,0.0
7415.0,0,0.0,0.0,0.0,0,0.0,1.0,0,0.0
7420.0,0,0.0,0.0,0.0,0,0.0,1.0,0,0.0
7425.0,0,0.0,0.0,0.0,0,0.0,1.0,0,0.0
7430.0,0,0.0,0.0,0.0,0,0.0,1.0,0,0.0
7435.0,0,0.0,0.0,0.0,0,0.0,1.0,0,0.0
7440.0,0,0.0,0.0,0.0,0,0.0,1.0,0,0.0
7445.0,0,0.0,0.0,0.0,0,0.0,1.0,0,0.0
7450.0,0,0.0,0.0,0.0,0,0.0,1.0,0,0.0
7455.0,0,0.0,0.0,0.0,0,0.0,1.0,0,0.0
7460.0,0,0.0,0.0,0.0,0,0.0,1.0,0,0.0
7465.0,0,0.0,0.0,0.0,0,0.0,1.0,0,0.0
7470.0,0,0.0,0.0,0.0,0,0.0,1.0,0,0.0
7475.0,0,0.0,0.0,0.0,0,0.0,1.0,0,0.0
7480.0,0,0.0,0.0,0.0,0,0.0,1.0,0,0.0
7485.0,0,0.0,0.0,0.0,0,0.0,1.0,0,0.0
7490.0,0,0.0,0.0,0.0,0,0.0,1.0,0,0.0
7495.0,0,0.0,0.0,0.0,0,0.0,1.0,0,0.0
7500.0,0,0.0,0.0,0.0,0,0.0,1.0,0,0.0
7505.0,0,0.0,0.0,0.0,0,0.0,1.0,0,0.0
7510.0,0,0.0,0.0,0.0,0,0.0,1.0,0,0.0
7515.0,0,0.0,0.0,0.0,0,0.0,1.0,0,0.0
7520.0,0,0.0,0.0,0.0,0,0.0,1.0,0,0.0
7525.0,0,0.0,0.0,0.0,0,0.0,1.0,0,0.0
7530.0,0,0.0,0.0,0.0,0,0.0,1.0,0,0.0
7535.0,0,0.0,0.0,0.0,0,0.0,1.0,0,0.0
7540.0,0,0.0,0.0,0.0,0,0.0,1.0,0,0.0
7545.0,0,0.0,0.0,0.0,0,0.0,1.0,0,0.0
7550.0,0,0.0,0.0,0.0,0,0.0,1.0,0,0.0
7555.0,0,0.0,0.0,0.0,0,0.0,1.0,0,0.0
7560.0,0,0.0,0.0,0.0,0,0.0,1.0,0,0.0
7565.0,0,0.0,0.0,0.0,0,0.0,1.0,0,0.0
7570.0,0,0.0,0.0,0.0,0,0.0,1.0,0,0.0
7575.0,0,0.0,0.0,0.0,0,0.0,1.0,0,0.0
7580.0,0,0.0,0.0,0.0,0,0.0,1.0,0,0.0
7585.0,0,0.0,0.0,0.0,0,0.0,1.0,0,0.0
7590.0,0,0.0,0.0,0.0,0,0.0,1.0,0,0.0
7595.0,0,0.0,0.0,0.0,0,0.0,1.0,0,0.0
7600.0,0,0.0,0.0,0.0,0,0.0,1.0,0,0.0
7605.0,0,0.0,0.0,0.0,0,0.0,1.0,0,0.0
7610.0,0,0.0,0.0,0.0,0,0.0,1.0,0,0.0
7615.0,0,0.0,0.0,0.0,0,0.0,1.0,0,0.0
7620.0,0,0.0,0.0,0.0,0,0.0,1.0,0,0.0
7625.0,0,0.0,0.0,0.0,0,0.0,1.0,0,0.0
7630.0,0,0.0,0.0,0.0,0,0.0,1.0,0,0.0
7635.0,0,0.0,0.0,0.0,0,0.0,1.0,0,0.0
7640.0,0,0.0,0.0,0.0,0,0.0,1.0,0,0.0
7645.0,0,0.0,0.0,0.0,0,0.0,1.0,0,0.0
7650.0,0,0.0,0.0,0.0,0,0.0,1.0,0,0.0
7655.0,0,0.0,0.0,0.0,0,0.0,1.0,0,0.0
7660.0,0,0.0,0.0,0.0,0,0.0,1.0,0,0.0
7665.0,0,0.0,0.0,0.0,0,0.0,1.0,0,0.0
7670.0,0,0.0,0.0,0.0,0,0.0,1.0,0,0.0
7675.0,0,0.0,0.0,0.0,0,0.0,1.0,0,0.0
7680.0,0,0.0,0.0,0.0,0,0.0,1.0,0,0.0
7685.0,0,0.0,0.0,0.0,0,0.0,1.0,0,0.0
7690.0,0,0.0,0.0,0.0,0,0.0,1.0,0,0.0
7695.0,0,0.0,0.0,0.0,0,0.0,1.0,0,0.0
7700.0,0,0.0,0.0,0.0,0,0.0,1.0,0,0.0
7705.0,0,0.0,0.0,0.0,0,0.0,1.0,0,0.0
7710.0,0,0.0,0.0,0.0,0,0.0,1.0,0,0.0
7715.0,0,0.0,0.0,0.0,0,0.0,1.0,0,0.0
7720.0,0,0.0,0.0,0.0,0,0.0,1.0,0,0.0
7725.0,0,0.0,0.0,0.0,0,0.0,1.0,0,0.0
7730.0,0,0.0,0.0,0.0,0,0.0,1.0,0,0.0
7735.0,0,0.0,0.0,0.0,0,0.0,1.0,0,0.0
7740.0,0,0.0,0.0,0.0,0,0.0,1.0,0,0.0
7745.0,0,0.0,0.0,0.0,0,0.0,1.0,0,0.0
7750.0,0,0.0,0.0,0.0,0,0.0,1.0,0,0.0
7755.0,0,0.0,0.0,0.0,0,0.0,1.0,0,0.0
7760.0,0,0.0,0.0,0.0,0,0.0,1.0,0,0.0
7765.0,0,0.0,0.0,0.0,0,0.0,1.0,0,0.0
7770.0,0,0.0,0.0,0.0,0,0.0,1.0,0,0.0
7775.0,0,0.0,0.0,0.0,0,0.0,1.0,0,0.0
7780.0,0,0.0,0.0,0.0,0,0.0,1.0,0,0.0
7785.0,0,0.0,0.0,0.0,0,0.0,1.0,0,0.0
7790.0,0,0.0,0.0,0.0,0,0.0,1.0,0,0.0
7795.0,0,0.0,0.0,0.0,0,0.0,1.0,0,0.0
7800.0,0,0.0,0.0,0.0,0,0.0,1.0,0,0.0
7805.0,0,0.0,0.0,0.0,0,0.0,1.0,0,0.0
7810.0,0,0.0,0.0,0.0,0,0.0,1.0,0,0.0
7815.0,0,0.0,0.0,0.0,0,0.0,1.0,0,0.0
7820.0,0,0.0,0.0,0.0,0,0.0,1.0,0,0.0
7825.0,0,0.0,0.0,0.0,0,0.0,1.0,0,0.0
7830.0,0,0.0,0.0,0.0,0,0.0,1.0,0,0.0
7835.0,0,0.0,0.0,0.0,0,0.0,1.0,0,0.0
7840.0,0,0.0,0.0,0.0,0,0.0,1.0,0,0.0
7845.0,0,0.0,0.0,0.0,0,0.0,1.0,0,0.0
7850.0,0,0.0,0.0,0.0,0,0.0,1.0,0,0.0
7855.0,0,0.0,0.0,0.0,0,0.0,1.0,0,0.0
7860.0,0,0.0,0.0,0.0,0,0.0,1.0,0,0.0
7865.0,0,0.0,0.0,0.0,0,0.0,1.0,0,0.0
7870.0,0,0.0,0.0,0.0,0,0.0,1.0,0,0.0
7875.0,0,0.0,0.0,0.0,0,0.0,1.0,0,0.0
7880.0,0,0.0,0.0,0.0,0,0.0,1.0,0,0.0
7885.0,0,0.0,0.0,0.0,0,0.0,1.0,0,0.0
7890.0,0,0.0,0.0,0.0,0,0.0,1.0,0,0.0
7895.0,0,0.0,0.0,0.0,0,0.0,1.0,0,0.0
7900.0,0,0.0,0.0,0.0,0,0.0,1.0,0,0.0
7905.0,0,0.0,0.0,0.0,0,0.0,1.0,0,0.0
7910.0,0,0.0,0.0,0.0,0,0.0,1.0,0,0.0
7915.0,0,0.0,0.0,0.0,0,0.0,1.0,0,0.0
7920.0,0,0.0,0.0,0.0,0,0.0,1.0,0,0.0
7925.0,0,0.0,0.0,0.0,0,0.0,1.0,0,0.0
7930.0,0,0.0,0.0,0.0,0,0.0,1.0,0,0.0
7935.0,0,0.0,0.0,0.0,0,0.0,1.0,0,0.0
7940.0,0,0.0,0.0,0.0,0,0.0,1.0,0,0.0
7945.0,0,0.0,0.0,0.0,0,0.0,1.0,0,0.0
7950.0,0,0.0,0.0,0.0,0,0.0,1.0,0,0.0
7955.0,0,0.0,0.0,0.0,0,0.0,1.0,0,0.0
7960.0,0,0.0,0.0,0.0,0,0.0,1.0,0,0.0
7965.0,0,0.0,0.0,0.0,0,0.0,1.0,0,0.0
7970.0,0,0.0,0.0,0.0,0,0.0,1.0,0,0.0
7975.0,0,0.0,0.0,0.0,0,0.0,1.0,0,0.0
7980.0,0,0.0,0.0,0.0,0,0.0,1.0,0,0.0
7985.0,0,0.0,0.0,0.0,0,0.0,1.0,0,0.0
7990.0,0,0.0,0.0,0.0,0,0.0,1.0,0,0.0
7995.0,0,0.0,0.0,0.0,0,0.0,1.0,0,0.0
8000.0,0,0.0,0.0,0.0,0,0.0,1.0,0,0.0
8005.0,0,0.0,0.0,0.0,0,0.0,1.0,0,0.0
8010.0,0,0.0,0.0,0.0,0,0.0,1.0,0,0.0
8015.0,0,0.0,0.0,0.0,0,0.0,1.0,0,0.0
8020.0,0,0.0,0.0,0.0,0,0.0,1.0,0,0.0
8025.0,0,0.0,0.0,0.0,0,0.0,1.0,0,0.0
8030.0,0,0.0,0.0,0.0,0,0.0,1.0,0,0.0
8035.0,0,0.0,0.0,0.0,0,0.0,1.0,0,0.0
8040.0,0,0.0,0.0,0.0,0,0.0,1.0,0,0.0
8045.0,0,0.0,0.0,0.0,0,0.0,1.0,0,0.0
8050.0,0,0.0,0.0,0.0,0,0.0,1.0,0,0.0
8055.0,0,0.0,0.0,0.0,0,0.0,1.0,0,0.0
8060.0,0,0.0,0.0,0.0,0,0.0,1.0,0,0.0
8065.0,0,0.0,0.0,0.0,0,0.0,1.0,0,0.0
8070.0,0,0.0,0.0,0.0,0,0.0,1.0,0,0.0
8075.0,0,0.0,0.0,0.0,0,0.0,1.0,0,0.0
8080.0,0,0.0,0.0,0.0,0,0.0,1.0,0,0.0
8085.0,0,0.0,0.0,0.0,0,0.0,1.0,0,0.0
8090.0,0,0.0,0.0,0.0,0,0.0,1.0,0,0.0
8095.0,0,0.0,0.0,0.0,0,0.0,1.0,0,0.0
8100.0,0,0.0,0.0,0.0,0,0.0,1.0,0,0.0
8105.0,0,0.0,0.0,0.0,0,0.0,1.0,0,0.0
8110.0,0,0.0,0.0,0.0,0,0.0,1.0,0,0.0
8115.0,0,0.0,0.0,0.0,0,0.0,1.0,0,0.0
8120.0,0,0.0,0.0,0.0,0,0.0,1.0,0,0.0
8125.0,0,0.0,0.0,0.0,0,0.0,1.0,0,0.0
8130.0,0,0.0,0.0,0.0,0,0.0,1.0,0,0.0
8135.0,0,0.0,0.0,0.0,0,0.0,1.0,0,0.0
8140.0,0,0.0,0.0,0.0,0,0.0,1.0,0,0.0
8145.0,0,0.0,0.0,0.0,0,0.0,1.0,0,0.0
8150.0,0,0.0,0.0,0.0,0,0.0,1.0,0,0.0
8155.0,0,0.0,0.0,0.0,0,0.0,1.0,0,0.0
8160.0,0,0.0,0.0,0.0,0,0.0,1.0,0,0.0
8165.0,0,0.0,0.0,0.0,0,0.0,1.0,0,0.0
8170.0,0,0.0,0.0,0.0,0,0.0,1.0,0,0.0
8175.0,0,0.0,0.0,0.0,0,0.0,1.0,0,0.0
8180.0,0,0.0,0.0,0.0,0,0.0,1.0,0,0.0
8185.0,0,0.0,0.0,0.0,0,0.0,1.0,0,0.0
8190.0,0,0.0,0.0,0.0,0,0.0,1.0,0,0.0
8195.0,0,0.0,0.0,0.0,0,0.0,1.0,0,0.0
8200.0,0,0.0,0.0,0.0,0,0.0,1.0,0,0.0
8205.0,0,0.0,0.0,0.0,0,0.0,1.0,0,0.0
8210.0,0,0.0,0.0,0.0,0,0.0,1.0,0,0.0
8215.0,0,0.0,0.0,0.0,0,0.0,1.0,0,0.0
8220.0,0,0.0,0.0,0.0,0,0.0,1.0,0,0.0
8225.0,0,0.0,0.0,0.0,0,0.0,1.0,0,0.0
8230.0,0,0.0,0.0,0.0,0,0.0,1.0,0,0.0
8235.0,0,0.0,0.0,0.0,0,0.0,1.0,0,0.0
8240.0,0,0.0,0.0,0.0,0,0.0,1.0,0,0.0
8245.0,0,0.0,0.0,0.0,0,0.0,1.0,0,0.0
8250.0,0,0.0,0.0,0.0,0,0.0,1.0,0,0.0
8255.0,0,0.0,0.0,0.0,0,0.0,1.0,0,0.0
8260.0,0,0.0,0.0,0.0,0,0.0,1.0,0,0.0
8265.0,0,0.0,0.0,0.0,0,0.0,1.0,0,0.0
8270.0,0,0.0,0.0,0.0,0,0.0,1.0,0,0.0
8275.0,0,0.0,0.0,0.0,0,0.0,1.0,0,0.0
8280.0,0,0.0,0.0,0.0,0,0.0,1.0,0,0.0
8285.0,0,0.0,0.0,0.0,0,0.0,1.0,0,0.0
8290.0,0,0.0,0.0,0.0,0,0.0,1.0,0,0.0
8295.0,0,0.0,0.0,0.0,0,0.0,1.0,0,0.0
8300.0,0,0.0,0.0,0.0,0,0.0,1.0,0,0.0
8305.0,0,0.0,0.0,0.0,0,0.0,1.0,0,0.0
8310.0,0,0.0,0.0,0.0,0,0.0,1.0,0,0.0
8315.0,0,0.0,0.0,0.0,0,0.0,1.0,0,0.0
8320.0,0,0.0,0.0,0.0,0,0.0,1.0,0,0.0
8325.0,0,0.0,0.0,0.0,0,0.0,1.0,0,0.0
8330.0,0,0.0,0.0,0.0,0,0.0,1.0,0,0.0
8335.0,0,0.0,0.0,0.0,0,0.0,1.0,0,0.0
8340.0,0,0.0,0.0,0.0,0,0.0,1.0,0,0.0
8345.0,0,0.0,0.0,0.0,0,0.0,1.0,0,0.0
8350.0,0,0.0,0.0,0.0,0,0.0,1.0,0,0.0
8355.0,0,0.0,0.0,0.0,0,0.0,1.0,0,0.0
8360.0,0,0.0,0.0,0.0,0,0.0,1.0,0,0.0
8365.0,0,0.0,0.0,0.0,0,0.0,1.0,0,0.0
8370.0,0,0.0,0.0,0.0,0,0.0,1.0,0,0.0
8375.0,0,0.0,0.0,0.0,0,0.0,1.0,0,0.0
8380.0,0,0.0,0.0,0.0,0,0.0,1.0,0,0.0
8385.0,0,0.0,0.0,0.0,0,0.0,1.0,0,0.0
8390.0,0,0.0,0.0,0.0,0,0.0,1.0,0,0.0
8395.0,0,0.0,0.0,0.0,0,0.0,1.0,0,0.0
8400.0,0,0.0,0.0,0.0,0,0.0,1.0,0,0.0
8405.0,0,0.0,0.0,0.0,0,0.0,1.0,0,0.0
8410.0,0,0.0,0.0,0.0,0,0.0,1.0,0,0.0
8415.0,0,0.0,0.0,0.0,0,0.0,1.0,0,0.0
8420.0,0,0.0,0.0,0.0,0,0.0,1.0,0,0.0
8425.0,0,0.0,0.0,0.0,0,0.0,1.0,0,0.0
8430.0,0,0.0,0.0,0.0,0,0.0,1.0,0,0.0
8435.0,0,0.0,0.0,0.0,0,0.0,1.0,0,0.0
8440.0,0,0.0,0.0,0.0,0,0.0,1.0,0,0.0
8445.0,0,0.0,0.0,0.0,0,0.0,1.0,0,0.0
8450.0,0,0.0,0.0,0.0,0,0.0,1.0,0,0.0
8455.0,0,0.0,0.0,0.0,0,0.0,1.0,0,0.0
8460.0,0,0.0,0.0,0.0,0,0.0,1.0,0,0.0
8465.0,0,0.0,0.0,0.0,0,0.0,1.0,0,0.0
8470.0,0,0.0,0.0,0.0,0,0.0,1.0,0,0.0
8475.0,0,0.0,0.0,0.0,0,0.0,1.0,0,0.0
8480.0,0,0.0,0.0,0.0,0,0.0,1.0,0,0.0
8485.0,0,0.0,0.0,0.0,0,0.0,1.0,0,0.0
8490.0,0,0.0,0.0,0.0,0,0.0,1.0,0,0.0
8495.0,0,0.0,0.0,0.0,0,0.0,1.0,0,0.0
8500.0,0,0.0,0.0,0.0,0,0.0,1.0,0,0.0
8505.0,0,0.0,0.0,0.0,0,0.0,1.0,0,0.0
8510.0,0,0.0,0.0,0.0,0,0.0,1.0,0,0.0
8515.0,0,0.0,0.0,0.0,0,0.0,1.0,0,0.0
8520.0,0,0.0,0.0,0.0,0,0.0,1.0,0,0.0
8525.0,0,0.0,0.0,0.0,0,0.0,1.0,0,0.0
8530.0,0,0.0,0.0,0.0,0,0.0,1.0,0,0.0
8535.0,0,0.0,0.0,0.0,0,0.0,1.0,0,0.0
8540.0,0,0.0,0.0,0.0,0,0.0,1.0,0,0.0
8545.0,0,0.0,0.0,0.0,0,0.0,1.0,0,0.0
8550.0,0,0.0,0.0,0.0,0,0.0,1.0,0,0.0
8555.0,0,0.0,0.0,0.0,0,0.0,1.0,0,0.0
8560.0,0,0.0,0.0,0.0,0,0.0,1.0,0,0.0
8565.0,0,0.0,0.0,0.0,0,0.0,1.0,0,0.0
8570.0,0,0.0,0.0,0.0,0,0.0,1.0,0,0.0
8575.0,0,0.0,0.0,0.0,0,0.0,1.0,0,0.0
8580.0,0,0.0,0.0,0.0,0,0.0,1.0,0,0.0
8585.0,0,0.0,0.0,0.0,0,0.0,1.0,0,0.0
8590.0,0,0.0,0.0,0.0,0,0.0,1.0,0,0.0
8595.0,0,0.0,0.0,0.0,0,0.0,1.0,0,0.0
8600.0,0,0.0,0.0,0.0,0,0.0,1.0,0,0.0
8605.0,0,0.0,0.0,0.0,0,0.0,1.0,0,0.0
8610.0,0,0.0,0.0,0.0,0,0.0,1.0,0,0.0
8615.0,0,0.0,0.0,0.0,0,0.0,1.0,0,0.0
8620.0,0,0.0,0.0,0.0,0,0.0,1.0,0,0.0
8625.0,0,0.0,0.0,0.0,0,0.0,1.0,0,0.0
8630.0,0,0.0,0.0,0.0,0,0.0,1.0,0,0.0
8635.0,0,0.0,0.0,0.0,0,0.0,1.0,0,0.0
8640.0,0,0.0,0.0,0.0,0,0.0,1.0,0,0.0
8645.0,0,0.0,0.0,0.0,0,0.0,1.0,0,0.0
8650.0,0,0.0,0.0,0.0,0,0.0,1.0,0,0.0
8655.0,0,0.0,0.0,0.0,0,0.0,1.0,0,0.0
8660.0,0,0.0,0.0,0.0,0,0.0,1.0,0,0.0
8665.0,0,0.0,0.0,0.0,0,0.0,1.0,0,0.0
8670.0,0,0.0,0.0,0.0,0,0.0,1.0,0,0.0
8675.0,0,0.0,0.0,0.0,0,0.0,1.0,0,0.0
8680.0,0,0.0,0.0,0.0,0,0.0,1.0,0,0.0
8685.0,0,0.0,0.0,0.0,0,0.0,1.0,0,0.0
8690.0,0,0.0,0.0,0.0,0,0.0,1.0,0,0.0
8695.0,0,0.0,0.0,0.0,0,0.0,1.0,0,0.0
8700.0,0,0.0,0.0,0.0,0,0.0,1.0,0,0.0
8705.0,0,0.0,0.0,0.0,0,0.0,1.0,0,0.0
8710.0,0,0.0,0.0,0.0,0,0.0,1.0,0,0.0
8715.0,0,0.0,0.0,0.0,0,0.0,1.0,0,0.0
8720.0,0,0.0,0.0,0.0,0,0.0,1.0,0,0.0
8725.0,0,0.0,0.0,0.0,0,0.0,1.0,0,0.0
8730.0,0,0.0,0.0,0.0,0,0.0,1.0,0,0.0
8735.0,0,0.0,0.0,0.0,0,0.0,1.0,0,0.0
8740.0,0,0.0,0.0,0.0,0,0.0,1.0,0,0.0
8745.0,0,0.0,0.0,0.0,0,0.0,1.0,0,0.0
8750.0,0,0.0,0.0,0.0,0,0.0,1.0,0,0.0
8755.0,0,0.0,0.0,0.0,0,0.0,1.0,0,0.0
8760.0,0,0.0,0.0,0.0,0,0.0,1.0,0,0.0
8765.0,0,0.0,0.0,0.0,0,0.0,1.0,0,0.0
8770.0,0,0.0,0.0,0.0,0,0.0,1.0,0,0.0
8775.0,0,0.0,0.0,0.0,0,0.0,1.0,0,0.0
8780.0,0,0.0,0.0,0.0,0,0.0,1.0,0,0.0
8785.0,0,0.0,0.0,0.0,0,0.0,1.0,0,0.0
8790.0,0,0.0,0.0,0.0,0,0.0,1.0,0,0.0
8795.0,0,0.0,0.0,0.0,0,0.0,1.0,0,0.0
8800.0,0,0.0,0.0,0.0,0,0.0,1.0,0,0.0
8805.0,0,0.0,0.0,0.0,0,0.0,1.0,0,0.0
8810.0,0,0.0,0.0,0.0,0,0.0,1.0,0,0.0
8815.0,0,0.0,0.0,0.0,0,0.0,1.0,0,0.0
8820.0,0,0.0,0.0,0.0,0,0.0,1.0,0,0.0
8825.0,0,0.0,0.0,0.0,0,0.0,1.0,0,0.0
8830.0,0,0.0,0.0,0.0,0,0.0,1.0,0,0.0
8835.0,0,0.0,0.0,0.0,0,0.0,1.0,0,0.0
8840.0,0,0.0,0.0,0.0,0,0.0,1.0,0,0.0
8845.0,0,0.0,0.0,0.0,0,0.0,1.0,0,0.0
8850.0,0,0.0,0.0,0.0,0,0.0,1.0,0,0.0
8855.0,0,0.0,0.0,0.0,0,0.0,1.0,0,0.0
8860.0,0,0.0,0.0,0.0,0,0.0,1.0,0,0.0
8865.0,0,0.0,0.0,0.0,0,0.0,1.0,0,0.0
8870.0,0,0.0,0.0,0.0,0,0.0,1.0,0,0.0
8875.0,0,0.0,0.0,0.0,0,0.0,1.0,0,0.0
8880.0,0,0.0,0.0,0.0,0,0.0,1.0,0,0.0
8885.0,0,0.0,0.0,0.0,0,0.0,1.0,0,0.0
8890.0,0,0.0,0.0,0.0,0,0.0,1.0,0,0.0
8895.0,0,0.0,0.0,0.0,0,0.0,1.0,0,0.0
8900.0,0,0.0,0.0,0.0,0,0.0,1.0,0,0.0
8905.0,0,0.0,0.0,0.0,0,0.0,1.0,0,0.0
8910.0,0,0.0,0.0,0.0,0,0.0,1.0,0,0.0
8915.0,0,0.0,0.0,0.0,0,0.0,1.0,0,0.0
8920.0,0,0.0,0.0,0.0,0,0.0,1.0,0,0.0
8925.0,0,0.0,0.0,0.0,0,0.0,1.0,0,0.0
8930.0,0,0.0,0.0,0.0,0,0.0,1.0,0,0.0
8935.0,0,0.0,0.0,0.0,0,0.0,1.0,0,0.0
8940.0,0,0.0,0.0,0.0,0,0.0,1.0,0,0.0
8945.0,0,0.0,0.0,0.0,0,0.0,1.0,0,0.0
8950.0,0,0.0,0.0,0.0,0,0.0,1.0,0,0.0
8955.0,0,0.0,0.0,0.0,0,0.0,1.0,0,0.0
8960.0,0,0.0,0.0,0.0,0,0.0,1.0,0,0.0
8965.0,0,0.0,0.0,0.0,0,0.0,1.0,0,0.0
8970.0,0,0.0,0.0,0.0,0,0.0,1.0,0,0.0
8975.0,0,0.0,0.0,0.0,0,0.0,1.0,0,0.0
8980.0,0,0.0,0.0,0.0,0,0.0,1.0,0,0.0
8985.0,0,0.0,0.0,0.0,0,0.0,1.0,0,0.0
8990.0,0,0.0,0.0,0.0,0,0.0,1.0,0,0.0
8995.0,0,0.0,0.0,0.0,0,0.0,1.0,0,0.0
9000.0,0,0.0,0.0,0.0,0,0.0,1.0,0,0.0
9005.0,0,0.0,0.0,0.0,0,0.0,1.0,0,0.0
9010.0,0,0.0,0.0,0.0,0,0.0,1.0,0,0.0
9015.0,0,0.0,0.0,0.0,0,0.0,1.0,0,0.0
9020.0,0,0.0,0.0,0.0,0,0.0,1.0,0,0.0
9025.0,0,0.0,0.0,0.0,0,0.0,1.0,0,0.0
9030.0,0,0.0,0.0,0.0,0,0.0,1.0,0,0.0
9035.0,0,0.0,0.0,0.0,0,0.0,1.0,0,0.0
9040.0,0,0.0,0.0,0.0,0,0.0,1.0,0,0.0
9045.0,0,0.0,0.0,0.0,0,0.0,1.0,0,0.0
9050.0,0,0.0,0.0,0.0,0,0.0,1.0,0,0.0
9055.0,0,0.0,0.0,0.0,0,0.0,1.0,0,0.0
9060.0,0,0.0,0.0,0.0,0,0.0,1.0,0,0.0
9065.0,0,0.0,0.0,0.0,0,0.0,1.0,0,0.0
9070.0,0,0.0,0.0,0.0,0,0.0,1.0,0,0.0
9075.0,0,0.0,0.0,0.0,0,0.0,1.0,0,0.0
9080.0,0,0.0,0.0,0.0,0,0.0,1.0,0,0.0
9085.0,0,0.0,0.0,0.0,0,0.0,1.0,0,0.0
9090.0,0,0.0,0.0,0.0,0,0.0,1.0,0,0.0
9095.0,0,0.0,0.0,0.0,0,0.0,1.0,0,0.0
9100.0,0,0.0,0.0,0.0,0,0.0,1.0,0,0.0
9105.0,0,0.0,0.0,0.0,0,0.0,1.0,0,0.0
9110.0,0,0.0,0.0,0.0,0,0.0,1.0,0,0.0
9115.0,0,0.0,0.0,0.0,0,0.0,1.0,0,0.0
9120.0,0,0.0,0.0,0.0,0,0.0,1.0,0,0.0
9125.0,0,0.0,0.0,0.0,0,0.0,1.0,0,0.0
9130.0,0,0.0,0.0,0.0,0,0.0,1.0,0,0.0
9135.0,0,0.0,0.0,0.0,0,0.0,1.0,0,0.0
9140.0,0,0.0,0.0,0.0,0,0.0,1.0,0,0.0
9145.0,0,0.0,0.0,0.0,0,0.0,1.0,0,0.0
9150.0,0,0.0,0.0,0.0,0,0.0,1.0,0,0.0
9155.0,0,0.0,0.0,0.0,0,0.0,1.0,0,0.0
9160.0,0,0.0,0.0,0.0,0,0.0,1.0,0,0.0
9165.0,0,0.0,0.0,0.0,0,0.0,1.0,0,0.0
9170.0,0,0.0,0.0,0.0,0,0.0,1.0,0,0.0
9175.0,0,0.0,0.0,0.0,0,0.0,1.0,0,0.0
9180.0,0,0.0,0.0,0.0,0,0.0,1.0,0,0.0
9185.0,0,0.0,0.0,0.0,0,0.0,1.0,0,0.0
9190.0,0,0.0,0.0,0.0,0,0.0,1.0,0,0.0
9195.0,0,0.0,0.0,0.0,0,0.0,1.0,0,0.0
9200.0,0,0.0,0.0,0.0,0,0.0,1.0,0,0.0
9205.0,0,0.0,0.0,0.0,0,0.0,1.0,0,0.0
9210.0,0,0.0,0.0,0.0,0,0.0,1.0,0,0.0
9215.0,0,0.0,0.0,0.0,0,0.0,1.0,0,0.0
9220.0,0,0.0,0.0,0.0,0,0.0,1.0,0,0.0
9225.0,0,0.0,0.0,0.0,0,0.0,1.0,0,0.0
9230.0,0,0.0,0.0,0.0,0,0.0,1.0,0,0.0
9235.0,0,0.0,0.0,0.0,0,0.0,1.0,0,0.0
9240.0,0,0.0,0.0,0.0,0,0.0,1.0,0,0.0
9245.0,0,0.0,0.0,0.0,0,0.0,1.0,0,0.0
9250.0,0,0.0,0.0,0.0,0,0.0,1.0,0,0.0
9255.0,0,0.0,0.0,0.0,0,0.0,1.0,0,0.0
9260.0,0,0.0,0.0,0.0,0,0.0,1.0,0,0.0
9265.0,0,0.0,0.0,0.0,0,0.0,1.0,0,0.0
9270.0,0,0.0,0.0,0.0,0,0.0,1.0,0,0.0
9275.0,0,0.0,0.0,0.0,0,0.0,1.0,0,0.0
9280.0,0,0.0,0.0,0.0,0,0.0,1.0,0,0.0
9285.0,0,0.0,0.0,0.0,0,0.0,1.0,0,0.0
9290.0,0,0.0,0.0,0.0,0,0.0,1.0,0,0.0
9295.0,0,0.0,0.0,0.0,0,0.0,1.0,0,0.0
9300.0,0,0.0,0.0,0.0,0,0.0,1.0,0,0.0
9305.0,0,0.0,0.0,0.0,0,0.0,1.0,0,0.0
9310.0,0,0.0,0.0,0.0,0,0.0,1.0,0,0.0
9315.0,0,0.0,0.0,0.0,0,0.0,1.0,0,0.0
9320.0,0,0.0,0.0,0.0,0,0.0,1.0,0,0.0
9325.0,0,0.0,0.0,0.0,0,0.0,1.0,0,0.0
9330.0,0,0.0,0.0,0.0,0,0.0,1.0,0,0.0
9335.0,0,0.0,0.0,0.0,0,0.0,1.0,0,0.0
9340.0,0,0.0,0.0,0.0,0,0.0,1.0,0,0.0
9345.0,0,0.0,0.0,0.0,0,0.0,1.0,0,0.0
9350.0,0,0.0,0.0,0.0,0,0.0,1.0,0,0.0
9355.0,0,0.0,0.0,0.0,0,0.0,1.0,0,0.0
9360.0,0,0.0,0.0,0.0,0,0.0,1.0,0,0.0
9365.0,0,0.0,0.0,0.0,0,0.0,1.0,0,0.0
9370.0,0,0.0,0.0,0.0,0,0.0,1.0,0,0.0
9375.0,0,0.0,0.0,0.0,0,0.0,1.0,0,0.0
9380.0,0,0.0,0.0,0.0,0,0.0,1.0,0,0.0
9385.0,0,0.0,0.0,0.0,0,0.0,1.0,0,0.0
9390.0,0,0.0,0.0,0.0,0,0.0,1.0,0,0.0
9395.0,0,0.0,0.0,0.0,0,0.0,1.0,0,0.0
9400.0,0,0.0,0.0,0.0,0,0.0,1.0,0,0.0
9405.0,0,0.0,0.0,0.0,0,0.0,1.0,0,0.0
9410.0,0,0.0,0.0,0.0,0,0.0,1.0,0,0.0
9415.0,0,0.0,0.0,0.0,0,0.0,1.0,0,0.0
9420.0,0,0.0,0.0,0.0,0,0.0,1.0,0,0.0
9425.0,0,0.0,0.0,0.0,0,0.0,1.0,0,0.0
9430.0,0,0.0,0.0,0.0,0,0.0,1.0,0,0.0
9435.0,0,0.0,0.0,0.0,0,0.0,1.0,0,0.0
9440.0,0,0.0,0.0,0.0,0,0.0,1.0,0,0.0
9445.0,0,0.0,0.0,0.0,0,0.0,1.0,0,0.0
9450.0,0,0.0,0.0,0.0,0,0.0,1.0,0,0.0
9455.0,0,0.0,0.0,0.0,0,0.0,1.0,0,0.0
9460.0,0,0.0,0.0,0.0,0,0.0,1.0,0,0.0
9465.0,0,0.0,0.0,0.0,0,0.0,1.0,0,0.0
9470.0,0,0.0,0.0,0.0,0,0.0,1.0,0,0.0
9475.0,0,0.0,0.0,0.0,0,0.0,1.0,0,0.0
9480.0,0,0.0,0.0,0.0,0,0.0,1.0,0,0.0
9485.0,0,0.0,0.0,0.0,0,0.0,1.0,0,0.0
9490.0,0,0.0,0.0,0.0,0,0.0,1.0,0,0.0
9495.0,0,0.0,0.0,0.0,0,0.0,1.0,0,0.0
9500.0,0,0.0,0.0,0.0,0,0.0,1.0,0,0.0
9505.0,0,0.0,0.0,0.0,0,0.0,1.0,0,0.0
9510.0,0,0.0,0.0,0.0,0,0.0,1.0,0,0.0
9515.0,0,0.0,0.0,0.0,0,0.0,1.0,0,0.0
9520.0,0,0.0,0.0,0.0,0,0.0,1.0,0,0.0
9525.0,0,0.0,0.0,0.0,0,0.0,1.0,0,0.0
9530.0,0,0.0,0.0,0.0,0,0.0,1.0,0,0.0
9535.0,0,0.0,0.0,0.0,0,0.0,1.0,0,0.0
9540.0,0,0.0,0.0,0.0,0,0.0,1.0,0,0.0
9545.0,0,0.0,0.0,0.0,0,0.0,1.0,0,0.0
9550.0,0,0.0,0.0,0.0,0,0.0,1.0,0,0.0
9555.0,0,0.0,0.0,0.0,0,0.0,1.0,0,0.0
9560.0,0,0.0,0.0,0.0,0,0.0,1.0,0,0.0
9565.0,0,0.0,0.0,0.0,0,0.0,1.0,0,0.0
9570.0,0,0.0,0.0,0.0,0,0.0,1.0,0,0.0
9575.0,0,0.0,0.0,0.0,0,0.0,1.0,0,0.0
9580.0,0,0.0,0.0,0.0,0,0.0,1.0,0,0.0
9585.0,0,0.0,0.0,0.0,0,0.0,1.0,0,0.0
9590.0,0,0.0,0.0,0.0,0,0.0,1.0,0,0.0
9595.0,0,0.0,0.0,0.0,0,0.0,1.0,0,0.0
9600.0,0,0.0,0.0,0.0,0,0.0,1.0,0,0.0
9605.0,0,0.0,0.0,0.0,0,0.0,1.0,0,0.0
9610.0,0,0.0,0.0,0.0,0,0.0,1.0,0,0.0
9615.0,0,0.0,0.0,0.0,0,0.0,1.0,0,0.0
9620.0,0,0.0,0.0,0.0,0,0.0,1.0,0,0.0
9625.0,0,0.0,0.0,0.0,0,0.0,1.0,0,0.0
9630.0,0,0.0,0.0,0.0,0,0.0,1.0,0,0.0
9635.0,0,0.0,0.0,0.0,0,0.0,1.0,0,0.0
9640.0,0,0.0,0.0,0.0,0,0.0,1.0,0,0.0
9645.0,0,0.0,0.0,0.0,0,0.0,1.0,0,0.0
9650.0,0,0.0,0.0,0.0,0,0.0,1.0,0,0.0
9655.0,0,0.0,0.0,0.0,0,0.0,1.0,0,0.0
9660.0,0,0.0,0.0,0.0,0,0.0,1.0,0,0.0
9665.0,0,0.0,0.0,0.0,0,0.0,1.0,0,0.0
9670.0,0,0.0,0.0,0.0,0,0.0,1.0,0,0.0
9675.0,0,0.0,0.0,0.0,0,0.0,1.0,0,0.0
9680.0,0,0.0,0.0,0.0,0,0.0,1.0,0,0.0
9685.0,0,0.0,0.0,0.0,0,0.0,1.0,0,0.0
9690.0,0,0.0,0.0,0.0,0,0.0,1.0,0,0.0
9695.0,0,0.0,0.0,0.0,0,0.0,1.0,0,0.0
9700.0,0,0.0,0.0,0.0,0,0.0,1.0,0,0.0
9705.0,0,0.0,0.0,0.0,0,0.0,1.0,0,0.0
9710.0,0,0.0,0.0,0.0,0,0.0,1.0,0,0.0
9715.0,0,0.0,0.0,0.0,0,0.0,1.0,0,0.0
9720.0,0,0.0,0.0,0.0,0,0.0,1.0,0,0.0
9725.0,0,0.0,0.0,0.0,0,0.0,1.0,0,0.0
9730.0,0,0.0,0.0,0.0,0,0.0,1.0,0,0.0
9735.0,0,0.0,0.0,0.0,0,0.0,1.0,0,0.0
9740.0,0,0.0,0.0,0.0,0,0.0,1.0,0,0.0
9745.0,0,0.0,0.0,0.0,0,0.0,1.0,0,0.0
9750.0,0,0.0,0.0,0.0,0,0.0,1.0,0,0.0
9755.0,0,0.0,0.0,0.0,0,0.0,1.0,0,0.0
9760.0,0,0.0,0.0,0.0,0,0.0,1.0,0,0.0
9765.0,0,0.0,0.0,0.0,0,0.0,1.0,0,0.0
9770.0,0,0.0,0.0,0.0,0,0.0,1.0,0,0.0
9775.0,0,0.0,0.0,0.0,0,0.0,1.0,0,0.0
9780.0,0,0.0,0.0,0.0,0,0.0,1.0,0,0.0
9785.0,0,0.0,0.0,0.0,0,0.0,1.0,0,0.0
9790.0,0,0.0,0.0,0.0,0,0.0,1.0,0,0.0
9795.0,0,0.0,0.0,0.0,0,0.0,1.0,0,0.0
9800.0,0,0.0,0.0,0.0,0,0.0,1.0,0,0.0
9805.0,0,0.0,0.0,0.0,0,0.0,1.0,0,0.0
9810.0,0,0.0,0.0,0.0,0,0.0,1.0,0,0.0
9815.0,0,0.0,0.0,0.0,0,0.0,1.0,0,0.0
9820.0,0,0.0,0.0,0.0,0,0.0,1.0,0,0.0
9825.0,0,0.0,0.0,0.0,0,0.0,1.0,0,0.0
9830.0,0,0.0,0.0,0.0,0,0.0,1.0,0,0.0
9835.0,0,0.0,0.0,0.0,0,0.0,1.0,0,0.0
9840.0,0,0.0,0.0,0.0,0,0.0,1.0,0,0.0
9845.0,0,0.0,0.0,0.0,0,0.0,1.0,0,0.0
9850.0,0,0.0,0.0,0.0,0,0.0,1.0,0,0.0
9855.0,0,0.0,0.0,0.0,0,0.0,1.0,0,0.0
9860.0,0,0.0,0.0,0.0,0,0.0,1.0,0,0.0
9865.0,0,0.0,0.0,0.0,0,0.0,1.0,0,0.0
9870.0,0,0.0,0.0,0.0,0,0.0,1.0,0,0.0
9875.0,0,0.0,0.0,0.0,0,0.0,1.0,0,0.0
9880.0,0,0.0,0.0,0.0,0,0.0,1.0,0,0.0
9885.0,0,0.0,0.0,0.0,0,0.0,1.0,0,0.0
9890.0,0,0.0,0.0,0.0,0,0.0,1.0,0,0.0
9895.0,0,0.0,0.0,0.0,0,0.0,1.0,0,0.0
9900.0,0,0.0,0.0,0.0,0,0.0,1.0,0,0.0
9905.0,0,0.0,0.0,0.0,0,0.0,1.0,0,0.0
9910.0,0,0.0,0.0,0.0,0,0.0,1.0,0,0.0
9915.0,0,0.0,0.0,0.0,0,0.0,1.0,0,0.0
9920.0,0,0.0,0.0,0.0,0,0.0,1.0,0,0.0
9925.0,0,0.0,0.0,0.0,0,0.0,1.0,0,0.0
9930.0,0,0.0,0.0,0.0,0,0.0,1.0,0,0.0
9935.0,0,0.0,0.0,0.0,0,0.0,1.0,0,0.0
9940.0,0,0.0,0.0,0.0,0,0.0,1.0,0,0.0
9945.0,0,0.0,0.0,0.0,0,0.0,1.0,0,0.0
9950.0,0,0.0,0.0,0.0,0,0.0,1.0,0,0.0
9955.0,0,0.0,0.0,0.0,0,0.0,1.0,0,0.0
9960.0,0,0.0,0.0,0.0,0,0.0,1.0,0,0.0
9965.0,0,0.0,0.0,0.0,0,0.0,1.0,0,0.0
9970.0,0,0.0,0.0,0.0,0,0.0,1.0,0,0.0
9975.0,0,0.0,0.0,0.0,0,0.0,1.0,0,0.0
9980.0,0,0.0,0.0,0.0,0,0.0,1.0,0,0.0
9985.0,0,0.0,0.0,0.0,0,0.0,1.0,0,0.0
9990.0,0,0.0,0.0,0.0,0,0.0,1.0,0,0.0
9995.0,0,0.0,0.0,0.0,0,0.0,1.0,0,0.0
10000.0,0,0.0,0.0,0.0,0,0.0,1.0,0,0.0
