run,time,traffic_light_id,action
1,0.0,J1,1
1,0.0,J2,0
1,0.0,J3,0
1,5.0,J1,1
1,5.0,J2,0
1,5.0,J3,0
1,10.0,J1,0
1,10.0,J2,0
1,10.0,J3,0
1,15.0,J1,0
1,15.0,J2,0
1,15.0,J3,0
1,20.0,J1,0
1,20.0,J2,0
1,20.0,J3,0
1,25.0,J1,0
1,25.0,J2,0
1,25.0,J3,0
1,30.0,J1,0
1,30.0,J2,0
1,30.0,J3,1
1,35.0,J1,1
1,35.0,J2,0
1,35.0,J3,0
1,40.0,J1,0
1,40.0,J2,0
1,40.0,J3,0
1,45.0,J1,0
1,45.0,J2,0
1,45.0,J3,0
1,50.0,J1,0
1,50.0,J2,0
1,50.0,J3,0
1,55.0,J1,0
1,55.0,J2,0
1,55.0,J3,0
1,60.0,J1,0
1,60.0,J2,0
1,60.0,J3,0
1,65.0,J1,0
1,65.0,J2,1
1,65.0,J3,0
1,70.0,J1,0
1,70.0,J2,0
1,70.0,J3,0
1,75.0,J1,1
1,75.0,J2,0
1,75.0,J3,0
1,80.0,J1,0
1,80.0,J2,0
1,80.0,J3,1
1,85.0,J1,0
1,85.0,J2,0
1,85.0,J3,0
1,90.0,J1,0
1,90.0,J2,0
1,90.0,J3,0
1,95.0,J1,0
1,95.0,J2,0
1,95.0,J3,0
1,100.0,J1,1
1,100.0,J2,0
1,100.0,J3,0
1,105.0,J1,0
1,105.0,J2,0
1,105.0,J3,0
1,110.0,J1,0
1,110.0,J2,0
1,110.0,J3,1
1,115.0,J1,0
1,115.0,J2,0
1,115.0,J3,0
1,120.0,J1,0
1,120.0,J2,0
1,120.0,J3,0
1,125.0,J1,0
1,125.0,J2,1
1,125.0,J3,0
1,130.0,J1,0
1,130.0,J2,0
1,130.0,J3,1
1,135.0,J1,0
1,135.0,J2,0
1,135.0,J3,0
1,140.0,J1,0
1,140.0,J2,0
1,140.0,J3,0
1,145.0,J1,0
1,145.0,J2,0
1,145.0,J3,0
1,150.0,J1,0
1,150.0,J2,1
1,150.0,J3,0
1,155.0,J1,0
1,155.0,J2,0
1,155.0,J3,0
1,160.0,J1,0
1,160.0,J2,0
1,160.0,J3,0
1,165.0,J1,0
1,165.0,J2,0
1,165.0,J3,1
1,170.0,J1,0
1,170.0,J2,0
1,170.0,J3,0
1,175.0,J1,1
1,175.0,J2,0
1,175.0,J3,0
1,180.0,J1,0
1,180.0,J2,0
1,180.0,J3,0
1,185.0,J1,0
1,185.0,J2,0
1,185.0,J3,0
1,190.0,J1,0
1,190.0,J2,0
1,190.0,J3,0
1,195.0,J1,0
1,195.0,J2,0
1,195.0,J3,0
1,200.0,J1,0
1,200.0,J2,0
1,200.0,J3,0
1,205.0,J1,0
1,205.0,J2,0
1,205.0,J3,1
1,210.0,J1,0
1,210.0,J2,0
1,210.0,J3,0
1,215.0,J1,0
1,215.0,J2,0
1,215.0,J3,0
1,220.0,J1,0
1,220.0,J2,1
1,220.0,J3,0
1,225.0,J1,0
1,225.0,J2,0
1,225.0,J3,0
1,230.0,J1,1
1,230.0,J2,0
1,230.0,J3,0
1,235.0,J1,0
1,235.0,J2,0
1,235.0,J3,0
1,240.0,J1,0
1,240.0,J2,0
1,240.0,J3,0
1,245.0,J1,0
1,245.0,J2,0
1,245.0,J3,0
1,250.0,J1,0
1,250.0,J2,0
1,250.0,J3,1
1,255.0,J1,1
1,255.0,J2,0
1,255.0,J3,0
1,260.0,J1,0
1,260.0,J2,0
1,260.0,J3,0
1,265.0,J1,0
1,265.0,J2,0
1,265.0,J3,0
1,270.0,J1,0
1,270.0,J2,0
1,270.0,J3,0
1,275.0,J1,0
1,275.0,J2,0
1,275.0,J3,0
1,280.0,J1,0
1,280.0,J2,0
1,280.0,J3,0
1,285.0,J1,0
1,285.0,J2,0
1,285.0,J3,0
1,290.0,J1,0
1,290.0,J2,1
1,290.0,J3,0
1,295.0,J1,0
1,295.0,J2,0
1,295.0,J3,1
1,300.0,J1,0
1,300.0,J2,0
1,300.0,J3,0
1,305.0,J1,1
1,305.0,J2,0
1,305.0,J3,0
1,310.0,J1,0
1,310.0,J2,1
1,310.0,J3,0
1,315.0,J1,0
1,315.0,J2,1
1,315.0,J3,0
1,320.0,J1,0
1,320.0,J2,0
1,320.0,J3,0
1,325.0,J1,0
1,325.0,J2,0
1,325.0,J3,1
1,330.0,J1,0
1,330.0,J2,0
1,330.0,J3,0
1,335.0,J1,0
1,335.0,J2,0
1,335.0,J3,0
1,340.0,J1,0
1,340.0,J2,0
1,340.0,J3,0
1,345.0,J1,0
1,345.0,J2,0
1,345.0,J3,0
1,350.0,J1,0
1,350.0,J2,0
1,350.0,J3,0
1,355.0,J1,0
1,355.0,J2,0
1,355.0,J3,0
1,360.0,J1,1
1,360.0,J2,1
1,360.0,J3,1
1,365.0,J1,0
1,365.0,J2,0
1,365.0,J3,1
1,370.0,J1,0
1,370.0,J2,0
1,370.0,J3,0
1,375.0,J1,0
1,375.0,J2,0
1,375.0,J3,0
1,380.0,J1,0
1,380.0,J2,0
1,380.0,J3,0
1,385.0,J1,0
1,385.0,J2,1
1,385.0,J3,0
1,390.0,J1,0
1,390.0,J2,0
1,390.0,J3,0
1,395.0,J1,0
1,395.0,J2,0
1,395.0,J3,1
1,400.0,J1,0
1,400.0,J2,0
1,400.0,J3,0
1,405.0,J1,0
1,405.0,J2,0
1,405.0,J3,0
1,410.0,J1,0
1,410.0,J2,0
1,410.0,J3,0
1,415.0,J1,0
1,415.0,J2,1
1,415.0,J3,0
1,420.0,J1,0
1,420.0,J2,0
1,420.0,J3,0
1,425.0,J1,0
1,425.0,J2,1
1,425.0,J3,0
1,430.0,J1,1
1,430.0,J2,0
1,430.0,J3,0
1,435.0,J1,0
1,435.0,J2,0
1,435.0,J3,0
1,440.0,J1,0
1,440.0,J2,0
1,440.0,J3,0
1,445.0,J1,0
1,445.0,J2,1
1,445.0,J3,0
1,450.0,J1,0
1,450.0,J2,1
1,450.0,J3,0
1,455.0,J1,0
1,455.0,J2,0
1,455.0,J3,0
1,460.0,J1,1
1,460.0,J2,0
1,460.0,J3,0
1,465.0,J1,0
1,465.0,J2,0
1,465.0,J3,0
1,470.0,J1,0
1,470.0,J2,1
1,470.0,J3,0
1,475.0,J1,0
1,475.0,J2,0
1,475.0,J3,0
1,480.0,J1,0
1,480.0,J2,0
1,480.0,J3,0
1,485.0,J1,0
1,485.0,J2,0
1,485.0,J3,1
1,490.0,J1,0
1,490.0,J2,0
1,490.0,J3,0
1,495.0,J1,0
1,495.0,J2,1
1,495.0,J3,0
1,500.0,J1,0
1,500.0,J2,1
1,500.0,J3,0
1,505.0,J1,1
1,505.0,J2,0
1,505.0,J3,0
1,510.0,J1,0
1,510.0,J2,0
1,510.0,J3,0
1,515.0,J1,0
1,515.0,J2,0
1,515.0,J3,0
1,520.0,J1,0
1,520.0,J2,0
1,520.0,J3,0
1,525.0,J1,0
1,525.0,J2,0
1,525.0,J3,0
1,530.0,J1,0
1,530.0,J2,0
1,530.0,J3,0
1,535.0,J1,0
1,535.0,J2,0
1,535.0,J3,0
1,540.0,J1,0
1,540.0,J2,0
1,540.0,J3,0
1,545.0,J1,0
1,545.0,J2,0
1,545.0,J3,1
1,550.0,J1,0
1,550.0,J2,0
1,550.0,J3,0
1,555.0,J1,1
1,555.0,J2,1
1,555.0,J3,0
1,560.0,J1,0
1,560.0,J2,0
1,560.0,J3,0
1,565.0,J1,0
1,565.0,J2,0
1,565.0,J3,1
1,570.0,J1,0
1,570.0,J2,0
1,570.0,J3,0
1,575.0,J1,0
1,575.0,J2,0
1,575.0,J3,0
1,580.0,J1,0
1,580.0,J2,0
1,580.0,J3,0
1,585.0,J1,0
1,585.0,J2,0
1,585.0,J3,0
1,590.0,J1,0
1,590.0,J2,0
1,590.0,J3,0
1,595.0,J1,0
1,595.0,J2,0
1,595.0,J3,0
1,600.0,J1,0
1,600.0,J2,0
1,600.0,J3,1
1,605.0,J1,1
1,605.0,J2,1
1,605.0,J3,0
1,610.0,J1,0
1,610.0,J2,0
1,610.0,J3,0
1,615.0,J1,0
1,615.0,J2,0
1,615.0,J3,0
1,620.0,J1,0
1,620.0,J2,0
1,620.0,J3,0
1,625.0,J1,0
1,625.0,J2,0
1,625.0,J3,0
1,630.0,J1,0
1,630.0,J2,0
1,630.0,J3,1
1,635.0,J1,0
1,635.0,J2,0
1,635.0,J3,0
1,640.0,J1,1
1,640.0,J2,1
1,640.0,J3,0
1,645.0,J1,0
1,645.0,J2,0
1,645.0,J3,0
1,650.0,J1,0
1,650.0,J2,0
1,650.0,J3,0
1,655.0,J1,0
1,655.0,J2,0
1,655.0,J3,0
1,660.0,J1,0
1,660.0,J2,0
1,660.0,J3,0
1,665.0,J1,0
1,665.0,J2,0
1,665.0,J3,0
1,670.0,J1,0
1,670.0,J2,1
1,670.0,J3,0
1,675.0,J1,0
1,675.0,J2,0
1,675.0,J3,0
1,680.0,J1,1
1,680.0,J2,0
1,680.0,J3,0
1,685.0,J1,0
1,685.0,J2,0
1,685.0,J3,1
1,690.0,J1,0
1,690.0,J2,0
1,690.0,J3,0
1,695.0,J1,0
1,695.0,J2,0
1,695.0,J3,0
1,700.0,J1,0
1,700.0,J2,0
1,700.0,J3,0
1,705.0,J1,0
1,705.0,J2,0
1,705.0,J3,0
1,710.0,J1,0
1,710.0,J2,0
1,710.0,J3,0
1,715.0,J1,0
1,715.0,J2,0
1,715.0,J3,0
1,720.0,J1,0
1,720.0,J2,1
1,720.0,J3,1
1,725.0,J1,0
1,725.0,J2,0
1,725.0,J3,0
1,730.0,J1,0
1,730.0,J2,0
1,730.0,J3,0
1,735.0,J1,1
1,735.0,J2,0
1,735.0,J3,0
1,740.0,J1,0
1,740.0,J2,0
1,740.0,J3,0
1,745.0,J1,0
1,745.0,J2,1
1,745.0,J3,0
1,750.0,J1,0
1,750.0,J2,0
1,750.0,J3,1
1,755.0,J1,0
1,755.0,J2,0
1,755.0,J3,0
1,760.0,J1,0
1,760.0,J2,0
1,760.0,J3,0
1,765.0,J1,0
1,765.0,J2,0
1,765.0,J3,0
1,770.0,J1,0
1,770.0,J2,0
1,770.0,J3,0
1,775.0,J1,0
1,775.0,J2,0
1,775.0,J3,0
1,780.0,J1,1
1,780.0,J2,0
1,780.0,J3,0
1,785.0,J1,0
1,785.0,J2,0
1,785.0,J3,1
1,790.0,J1,0
1,790.0,J2,1
1,790.0,J3,0
1,795.0,J1,0
1,795.0,J2,1
1,795.0,J3,0
1,800.0,J1,0
1,800.0,J2,0
1,800.0,J3,0
1,805.0,J1,0
1,805.0,J2,0
1,805.0,J3,0
1,810.0,J1,0
1,810.0,J2,0
1,810.0,J3,0
1,815.0,J1,1
1,815.0,J2,1
1,815.0,J3,0
1,820.0,J1,0
1,820.0,J2,0
1,820.0,J3,1
1,825.0,J1,0
1,825.0,J2,0
1,825.0,J3,1
1,830.0,J1,0
1,830.0,J2,0
1,830.0,J3,0
1,835.0,J1,0
1,835.0,J2,0
1,835.0,J3,0
1,840.0,J1,0
1,840.0,J2,0
1,840.0,J3,1
1,845.0,J1,0
1,845.0,J2,1
1,845.0,J3,0
1,850.0,J1,0
1,850.0,J2,0
1,850.0,J3,0
1,855.0,J1,0
1,855.0,J2,0
1,855.0,J3,1
1,860.0,J1,0
1,860.0,J2,0
1,860.0,J3,0
1,865.0,J1,0
1,865.0,J2,0
1,865.0,J3,0
1,870.0,J1,0
1,870.0,J2,0
1,870.0,J3,0
1,875.0,J1,0
1,875.0,J2,0
1,875.0,J3,1
1,880.0,J1,0
1,880.0,J2,0
1,880.0,J3,0
1,885.0,J1,1
1,885.0,J2,0
1,885.0,J3,0
1,890.0,J1,0
1,890.0,J2,0
1,890.0,J3,0
1,895.0,J1,0
1,895.0,J2,0
1,895.0,J3,0
1,900.0,J1,0
1,900.0,J2,1
1,900.0,J3,0
1,905.0,J1,0
1,905.0,J2,0
1,905.0,J3,0
1,910.0,J1,0
1,910.0,J2,0
1,910.0,J3,1
1,915.0,J1,0
1,915.0,J2,0
1,915.0,J3,1
1,920.0,J1,0
1,920.0,J2,0
1,920.0,J3,0
1,925.0,J1,0
1,925.0,J2,1
1,925.0,J3,0
1,930.0,J1,0
1,930.0,J2,0
1,930.0,J3,1
1,935.0,J1,0
1,935.0,J2,0
1,935.0,J3,0
1,940.0,J1,0
1,940.0,J2,0
1,940.0,J3,0
1,945.0,J1,0
1,945.0,J2,1
1,945.0,J3,0
1,950.0,J1,0
1,950.0,J2,1
1,950.0,J3,0
1,955.0,J1,0
1,955.0,J2,0
1,955.0,J3,1
1,960.0,J1,0
1,960.0,J2,0
1,960.0,J3,0
1,965.0,J1,0
1,965.0,J2,0
1,965.0,J3,0
1,970.0,J1,0
1,970.0,J2,0
1,970.0,J3,0
1,975.0,J1,0
1,975.0,J2,0
1,975.0,J3,0
1,980.0,J1,0
1,980.0,J2,0
1,980.0,J3,1
1,985.0,J1,0
1,985.0,J2,1
1,985.0,J3,0
1,990.0,J1,0
1,990.0,J2,0
1,990.0,J3,0
1,995.0,J1,0
1,995.0,J2,0
1,995.0,J3,0
1,1000.0,J1,0
1,1000.0,J2,0
1,1000.0,J3,0
1,1005.0,J1,0
1,1005.0,J2,0
1,1005.0,J3,0
1,1010.0,J1,0
1,1010.0,J2,1
1,1010.0,J3,0
1,1015.0,J1,0
1,1015.0,J2,1
1,1015.0,J3,1
1,1020.0,J1,0
1,1020.0,J2,0
1,1020.0,J3,0
1,1025.0,J1,0
1,1025.0,J2,0
1,1025.0,J3,1
1,1030.0,J1,0
1,1030.0,J2,0
1,1030.0,J3,0
1,1035.0,J1,0
1,1035.0,J2,1
1,1035.0,J3,0
1,1040.0,J1,0
1,1040.0,J2,0
1,1040.0,J3,0
1,1045.0,J1,0
1,1045.0,J2,1
1,1045.0,J3,0
1,1050.0,J1,0
1,1050.0,J2,0
1,1050.0,J3,0
1,1055.0,J1,0
1,1055.0,J2,0
1,1055.0,J3,1
1,1060.0,J1,0
1,1060.0,J2,0
1,1060.0,J3,0
1,1065.0,J1,0
1,1065.0,J2,0
1,1065.0,J3,0
1,1070.0,J1,0
1,1070.0,J2,0
1,1070.0,J3,0
1,1075.0,J1,0
1,1075.0,J2,0
1,1075.0,J3,0
1,1080.0,J1,0
1,1080.0,J2,0
1,1080.0,J3,0
1,1085.0,J1,0
1,1085.0,J2,1
1,1085.0,J3,1
1,1090.0,J1,0
1,1090.0,J2,0
1,1090.0,J3,1
1,1095.0,J1,0
1,1095.0,J2,0
1,1095.0,J3,0
1,1100.0,J1,0
1,1100.0,J2,0
1,1100.0,J3,0
1,1105.0,J1,0
1,1105.0,J2,0
1,1105.0,J3,0
1,1110.0,J1,0
1,1110.0,J2,1
1,1110.0,J3,0
1,1115.0,J1,0
1,1115.0,J2,1
1,1115.0,J3,1
1,1120.0,J1,1
1,1120.0,J2,1
1,1120.0,J3,0
1,1125.0,J1,0
1,1125.0,J2,0
1,1125.0,J3,1
1,1130.0,J1,0
1,1130.0,J2,0
1,1130.0,J3,0
1,1135.0,J1,0
1,1135.0,J2,0
1,1135.0,J3,1
1,1140.0,J1,0
1,1140.0,J2,0
1,1140.0,J3,0
1,1145.0,J1,0
1,1145.0,J2,0
1,1145.0,J3,0
1,1150.0,J1,0
1,1150.0,J2,0
1,1150.0,J3,1
1,1155.0,J1,0
1,1155.0,J2,0
1,1155.0,J3,0
1,1160.0,J1,0
1,1160.0,J2,0
1,1160.0,J3,0
1,1165.0,J1,0
1,1165.0,J2,1
1,1165.0,J3,0
1,1170.0,J1,1
1,1170.0,J2,0
1,1170.0,J3,0
1,1175.0,J1,0
1,1175.0,J2,0
1,1175.0,J3,0
1,1180.0,J1,0
1,1180.0,J2,0
1,1180.0,J3,0
1,1185.0,J1,0
1,1185.0,J2,0
1,1185.0,J3,0
1,1190.0,J1,1
1,1190.0,J2,1
1,1190.0,J3,0
1,1195.0,J1,0
1,1195.0,J2,1
1,1195.0,J3,0
1,1200.0,J1,0
1,1200.0,J2,0
1,1200.0,J3,0
1,1205.0,J1,0
1,1205.0,J2,0
1,1205.0,J3,1
1,1210.0,J1,0
1,1210.0,J2,0
1,1210.0,J3,1
1,1215.0,J1,0
1,1215.0,J2,0
1,1215.0,J3,0
1,1220.0,J1,0
1,1220.0,J2,0
1,1220.0,J3,0
1,1225.0,J1,0
1,1225.0,J2,0
1,1225.0,J3,0
1,1230.0,J1,0
1,1230.0,J2,0
1,1230.0,J3,0
1,1235.0,J1,0
1,1235.0,J2,0
1,1235.0,J3,1
1,1240.0,J1,0
1,1240.0,J2,0
1,1240.0,J3,0
1,1245.0,J1,0
1,1245.0,J2,0
1,1245.0,J3,0
1,1250.0,J1,0
1,1250.0,J2,0
1,1250.0,J3,0
1,1255.0,J1,0
1,1255.0,J2,0
1,1255.0,J3,0
1,1260.0,J1,1
1,1260.0,J2,0
1,1260.0,J3,0
1,1265.0,J1,0
1,1265.0,J2,0
1,1265.0,J3,0
1,1270.0,J1,1
1,1270.0,J2,0
1,1270.0,J3,1
1,1275.0,J1,0
1,1275.0,J2,0
1,1275.0,J3,1
1,1280.0,J1,0
1,1280.0,J2,0
1,1280.0,J3,0
1,1285.0,J1,0
1,1285.0,J2,1
1,1285.0,J3,0
1,1290.0,J1,1
1,1290.0,J2,0
1,1290.0,J3,0
1,1295.0,J1,0
1,1295.0,J2,0
1,1295.0,J3,0
1,1300.0,J1,0
1,1300.0,J2,0
1,1300.0,J3,1
1,1305.0,J1,0
1,1305.0,J2,0
1,1305.0,J3,0
1,1310.0,J1,0
1,1310.0,J2,0
1,1310.0,J3,0
1,1315.0,J1,0
1,1315.0,J2,0
1,1315.0,J3,0
1,1320.0,J1,0
1,1320.0,J2,0
1,1320.0,J3,0
1,1325.0,J1,0
1,1325.0,J2,0
1,1325.0,J3,0
1,1330.0,J1,0
1,1330.0,J2,0
1,1330.0,J3,0
1,1335.0,J1,0
1,1335.0,J2,1
1,1335.0,J3,1
1,1340.0,J1,0
1,1340.0,J2,0
1,1340.0,J3,0
1,1345.0,J1,0
1,1345.0,J2,0
1,1345.0,J3,0
1,1350.0,J1,1
1,1350.0,J2,0
1,1350.0,J3,0
1,1355.0,J1,0
1,1355.0,J2,0
1,1355.0,J3,0
1,1360.0,J1,0
1,1360.0,J2,1
1,1360.0,J3,0
1,1365.0,J1,0
1,1365.0,J2,1
1,1365.0,J3,0
1,1370.0,J1,0
1,1370.0,J2,0
1,1370.0,J3,1
1,1375.0,J1,0
1,1375.0,J2,0
1,1375.0,J3,0
1,1380.0,J1,0
1,1380.0,J2,0
1,1380.0,J3,0
1,1385.0,J1,0
1,1385.0,J2,0
1,1385.0,J3,0
1,1390.0,J1,0
1,1390.0,J2,0
1,1390.0,J3,0
1,1395.0,J1,0
1,1395.0,J2,0
1,1395.0,J3,0
1,1400.0,J1,0
1,1400.0,J2,0
1,1400.0,J3,0
1,1405.0,J1,0
1,1405.0,J2,0
1,1405.0,J3,1
1,1410.0,J1,1
1,1410.0,J2,0
1,1410.0,J3,1
1,1415.0,J1,0
1,1415.0,J2,0
1,1415.0,J3,1
1,1420.0,J1,0
1,1420.0,J2,1
1,1420.0,J3,0
1,1425.0,J1,0
1,1425.0,J2,0
1,1425.0,J3,0
1,1430.0,J1,0
1,1430.0,J2,0
1,1430.0,J3,0
1,1435.0,J1,0
1,1435.0,J2,0
1,1435.0,J3,0
1,1440.0,J1,0
1,1440.0,J2,0
1,1440.0,J3,1
1,1445.0,J1,0
1,1445.0,J2,0
1,1445.0,J3,1
1,1450.0,J1,0
1,1450.0,J2,0
1,1450.0,J3,0
1,1455.0,J1,0
1,1455.0,J2,0
1,1455.0,J3,0
1,1460.0,J1,0
1,1460.0,J2,1
1,1460.0,J3,0
1,1465.0,J1,1
1,1465.0,J2,0
1,1465.0,J3,0
1,1470.0,J1,0
1,1470.0,J2,0
1,1470.0,J3,0
1,1475.0,J1,0
1,1475.0,J2,0
1,1475.0,J3,1
1,1480.0,J1,0
1,1480.0,J2,0
1,1480.0,J3,1
1,1485.0,J1,0
1,1485.0,J2,0
1,1485.0,J3,0
1,1490.0,J1,0
1,1490.0,J2,1
1,1490.0,J3,0
1,1495.0,J1,0
1,1495.0,J2,0
1,1495.0,J3,0
1,1500.0,J1,0
1,1500.0,J2,0
1,1500.0,J3,0
1,1505.0,J1,0
1,1505.0,J2,0
1,1505.0,J3,1
1,1510.0,J1,0
1,1510.0,J2,0
1,1510.0,J3,0
1,1515.0,J1,0
1,1515.0,J2,0
1,1515.0,J3,0
1,1520.0,J1,0
1,1520.0,J2,1
1,1520.0,J3,0
1,1525.0,J1,0
1,1525.0,J2,0
1,1525.0,J3,0
1,1530.0,J1,0
1,1530.0,J2,0
1,1530.0,J3,0
1,1535.0,J1,0
1,1535.0,J2,0
1,1535.0,J3,1
1,1540.0,J1,1
1,1540.0,J2,0
1,1540.0,J3,1
1,1545.0,J1,0
1,1545.0,J2,0
1,1545.0,J3,0
1,1550.0,J1,0
1,1550.0,J2,0
1,1550.0,J3,0
1,1555.0,J1,0
1,1555.0,J2,1
1,1555.0,J3,0
1,1560.0,J1,0
1,1560.0,J2,1
1,1560.0,J3,0
1,1565.0,J1,0
1,1565.0,J2,0
1,1565.0,J3,1
1,1570.0,J1,0
1,1570.0,J2,0
1,1570.0,J3,0
1,1575.0,J1,0
1,1575.0,J2,0
1,1575.0,J3,0
1,1580.0,J1,0
1,1580.0,J2,0
1,1580.0,J3,0
1,1585.0,J1,1
1,1585.0,J2,0
1,1585.0,J3,1
1,1590.0,J1,0
1,1590.0,J2,0
1,1590.0,J3,0
1,1595.0,J1,0
1,1595.0,J2,0
1,1595.0,J3,0
1,1600.0,J1,0
1,1600.0,J2,1
1,1600.0,J3,0
1,1605.0,J1,0
1,1605.0,J2,0
1,1605.0,J3,0
1,1610.0,J1,0
1,1610.0,J2,0
1,1610.0,J3,0
1,1615.0,J1,0
1,1615.0,J2,1
1,1615.0,J3,0
1,1620.0,J1,1
1,1620.0,J2,0
1,1620.0,J3,1
1,1625.0,J1,0
1,1625.0,J2,0
1,1625.0,J3,1
1,1630.0,J1,0
1,1630.0,J2,0
1,1630.0,J3,0
1,1635.0,J1,0
1,1635.0,J2,1
1,1635.0,J3,0
1,1640.0,J1,0
1,1640.0,J2,0
1,1640.0,J3,0
1,1645.0,J1,0
1,1645.0,J2,0
1,1645.0,J3,1
1,1650.0,J1,0
1,1650.0,J2,0
1,1650.0,J3,0
1,1655.0,J1,0
1,1655.0,J2,0
1,1655.0,J3,0
1,1660.0,J1,0
1,1660.0,J2,0
1,1660.0,J3,0
1,1665.0,J1,0
1,1665.0,J2,0
1,1665.0,J3,0
1,1670.0,J1,0
1,1670.0,J2,0
1,1670.0,J3,0
1,1675.0,J1,0
1,1675.0,J2,0
1,1675.0,J3,0
1,1680.0,J1,0
1,1680.0,J2,1
1,1680.0,J3,0
1,1685.0,J1,0
1,1685.0,J2,0
1,1685.0,J3,0
1,1690.0,J1,1
1,1690.0,J2,1
1,1690.0,J3,0
1,1695.0,J1,0
1,1695.0,J2,0
1,1695.0,J3,0
1,1700.0,J1,0
1,1700.0,J2,0
1,1700.0,J3,1
1,1705.0,J1,0
1,1705.0,J2,0
1,1705.0,J3,0
1,1710.0,J1,0
1,1710.0,J2,0
1,1710.0,J3,0
1,1715.0,J1,0
1,1715.0,J2,1
1,1715.0,J3,0
1,1720.0,J1,0
1,1720.0,J2,0
1,1720.0,J3,0
1,1725.0,J1,0
1,1725.0,J2,0
1,1725.0,J3,0
1,1730.0,J1,0
1,1730.0,J2,0
1,1730.0,J3,0
1,1735.0,J1,0
1,1735.0,J2,0
1,1735.0,J3,1
1,1740.0,J1,0
1,1740.0,J2,0
1,1740.0,J3,1
1,1745.0,J1,0
1,1745.0,J2,0
1,1745.0,J3,0
1,1750.0,J1,0
1,1750.0,J2,0
1,1750.0,J3,0
1,1755.0,J1,0
1,1755.0,J2,0
1,1755.0,J3,0
1,1760.0,J1,1
1,1760.0,J2,0
1,1760.0,J3,0
1,1765.0,J1,0
1,1765.0,J2,1
1,1765.0,J3,0
1,1770.0,J1,0
1,1770.0,J2,0
1,1770.0,J3,0
1,1775.0,J1,0
1,1775.0,J2,1
1,1775.0,J3,0
1,1780.0,J1,1
1,1780.0,J2,0
1,1780.0,J3,1
1,1785.0,J1,0
1,1785.0,J2,0
1,1785.0,J3,0
1,1790.0,J1,0
1,1790.0,J2,0
1,1790.0,J3,1
1,1795.0,J1,0
1,1795.0,J2,0
1,1795.0,J3,0
1,1800.0,J1,1
1,1800.0,J2,1
1,1800.0,J3,0
1,1805.0,J1,0
1,1805.0,J2,0
1,1805.0,J3,0
1,1810.0,J1,0
1,1810.0,J2,0
1,1810.0,J3,0
1,1815.0,J1,0
1,1815.0,J2,0
1,1815.0,J3,1
1,1820.0,J1,0
1,1820.0,J2,0
1,1820.0,J3,1
1,1825.0,J1,0
1,1825.0,J2,0
1,1825.0,J3,0
1,1830.0,J1,0
1,1830.0,J2,0
1,1830.0,J3,0
1,1835.0,J1,1
1,1835.0,J2,0
1,1835.0,J3,0
1,1840.0,J1,0
1,1840.0,J2,0
1,1840.0,J3,0
1,1845.0,J1,0
1,1845.0,J2,0
1,1845.0,J3,0
1,1850.0,J1,0
1,1850.0,J2,0
1,1850.0,J3,0
1,1855.0,J1,0
1,1855.0,J2,0
1,1855.0,J3,0
1,1860.0,J1,1
1,1860.0,J2,0
1,1860.0,J3,0
1,1865.0,J1,0
1,1865.0,J2,0
1,1865.0,J3,0
1,1870.0,J1,0
1,1870.0,J2,1
1,1870.0,J3,0
1,1875.0,J1,0
1,1875.0,J2,0
1,1875.0,J3,0
1,1880.0,J1,0
1,1880.0,J2,0
1,1880.0,J3,0
1,1885.0,J1,0
1,1885.0,J2,0
1,1885.0,J3,0
1,1890.0,J1,0
1,1890.0,J2,0
1,1890.0,J3,0
1,1895.0,J1,1
1,1895.0,J2,1
1,1895.0,J3,0
1,1900.0,J1,0
1,1900.0,J2,0
1,1900.0,J3,0
1,1905.0,J1,0
1,1905.0,J2,0
1,1905.0,J3,0
1,1910.0,J1,0
1,1910.0,J2,0
1,1910.0,J3,0
1,1915.0,J1,0
1,1915.0,J2,0
1,1915.0,J3,0
1,1920.0,J1,0
1,1920.0,J2,0
1,1920.0,J3,0
1,1925.0,J1,0
1,1925.0,J2,0
1,1925.0,J3,1
1,1930.0,J1,0
1,1930.0,J2,1
1,1930.0,J3,0
1,1935.0,J1,0
1,1935.0,J2,1
1,1935.0,J3,0
1,1940.0,J1,0
1,1940.0,J2,0
1,1940.0,J3,0
1,1945.0,J1,1
1,1945.0,J2,0
1,1945.0,J3,0
1,1950.0,J1,0
1,1950.0,J2,0
1,1950.0,J3,0
1,1955.0,J1,0
1,1955.0,J2,0
1,1955.0,J3,1
1,1960.0,J1,0
1,1960.0,J2,1
1,1960.0,J3,0
1,1965.0,J1,0
1,1965.0,J2,0
1,1965.0,J3,1
1,1970.0,J1,0
1,1970.0,J2,0
1,1970.0,J3,0
1,1975.0,J1,0
1,1975.0,J2,0
1,1975.0,J3,0
1,1980.0,J1,1
1,1980.0,J2,0
1,1980.0,J3,0
1,1985.0,J1,0
1,1985.0,J2,1
1,1985.0,J3,0
1,1990.0,J1,0
1,1990.0,J2,0
1,1990.0,J3,1
1,1995.0,J1,0
1,1995.0,J2,0
1,1995.0,J3,1
1,2000.0,J1,0
1,2000.0,J2,0
1,2000.0,J3,1
1,2005.0,J1,0
1,2005.0,J2,0
1,2005.0,J3,0
1,2010.0,J1,0
1,2010.0,J2,0
1,2010.0,J3,1
1,2015.0,J1,1
1,2015.0,J2,0
1,2015.0,J3,0
1,2020.0,J1,0
1,2020.0,J2,0
1,2020.0,J3,0
1,2025.0,J1,0
1,2025.0,J2,0
1,2025.0,J3,0
1,2030.0,J1,0
1,2030.0,J2,0
1,2030.0,J3,1
1,2035.0,J1,0
1,2035.0,J2,0
1,2035.0,J3,0
1,2040.0,J1,1
1,2040.0,J2,0
1,2040.0,J3,0
1,2045.0,J1,0
1,2045.0,J2,0
1,2045.0,J3,0
1,2050.0,J1,1
1,2050.0,J2,0
1,2050.0,J3,1
1,2055.0,J1,0
1,2055.0,J2,0
1,2055.0,J3,0
1,2060.0,J1,0
1,2060.0,J2,1
1,2060.0,J3,0
1,2065.0,J1,0
1,2065.0,J2,0
1,2065.0,J3,0
1,2070.0,J1,0
1,2070.0,J2,0
1,2070.0,J3,0
1,2075.0,J1,0
1,2075.0,J2,0
1,2075.0,J3,0
1,2080.0,J1,0
1,2080.0,J2,1
1,2080.0,J3,0
1,2085.0,J1,0
1,2085.0,J2,1
1,2085.0,J3,0
1,2090.0,J1,0
1,2090.0,J2,0
1,2090.0,J3,0
1,2095.0,J1,1
1,2095.0,J2,0
1,2095.0,J3,0
1,2100.0,J1,0
1,2100.0,J2,0
1,2100.0,J3,0
1,2105.0,J1,0
1,2105.0,J2,0
1,2105.0,J3,0
1,2110.0,J1,0
1,2110.0,J2,0
1,2110.0,J3,0
1,2115.0,J1,0
1,2115.0,J2,0
1,2115.0,J3,0
1,2120.0,J1,0
1,2120.0,J2,0
1,2120.0,J3,1
1,2125.0,J1,1
1,2125.0,J2,1
1,2125.0,J3,0
1,2130.0,J1,0
1,2130.0,J2,0
1,2130.0,J3,0
1,2135.0,J1,0
1,2135.0,J2,0
1,2135.0,J3,0
1,2140.0,J1,0
1,2140.0,J2,0
1,2140.0,J3,0
1,2145.0,J1,0
1,2145.0,J2,0
1,2145.0,J3,0
1,2150.0,J1,0
1,2150.0,J2,0
1,2150.0,J3,0
1,2155.0,J1,0
1,2155.0,J2,0
1,2155.0,J3,0
1,2160.0,J1,0
1,2160.0,J2,0
1,2160.0,J3,1
1,2165.0,J1,0
1,2165.0,J2,0
1,2165.0,J3,0
1,2170.0,J1,0
1,2170.0,J2,1
1,2170.0,J3,0
1,2175.0,J1,0
1,2175.0,J2,0
1,2175.0,J3,0
1,2180.0,J1,1
1,2180.0,J2,0
1,2180.0,J3,0
1,2185.0,J1,0
1,2185.0,J2,1
1,2185.0,J3,0
1,2190.0,J1,0
1,2190.0,J2,0
1,2190.0,J3,0
1,2195.0,J1,0
1,2195.0,J2,0
1,2195.0,J3,1
1,2200.0,J1,0
1,2200.0,J2,1
1,2200.0,J3,0
1,2205.0,J1,1
1,2205.0,J2,0
1,2205.0,J3,0
1,2210.0,J1,0
1,2210.0,J2,0
1,2210.0,J3,0
1,2215.0,J1,0
1,2215.0,J2,0
1,2215.0,J3,0
1,2220.0,J1,0
1,2220.0,J2,0
1,2220.0,J3,1
1,2225.0,J1,0
1,2225.0,J2,0
1,2225.0,J3,0
1,2230.0,J1,0
1,2230.0,J2,1
1,2230.0,J3,1
1,2235.0,J1,1
1,2235.0,J2,0
1,2235.0,J3,0
1,2240.0,J1,0
1,2240.0,J2,0
1,2240.0,J3,0
1,2245.0,J1,0
1,2245.0,J2,0
1,2245.0,J3,0
1,2250.0,J1,0
1,2250.0,J2,0
1,2250.0,J3,0
1,2255.0,J1,0
1,2255.0,J2,0
1,2255.0,J3,0
1,2260.0,J1,0
1,2260.0,J2,0
1,2260.0,J3,1
1,2265.0,J1,0
1,2265.0,J2,0
1,2265.0,J3,0
1,2270.0,J1,0
1,2270.0,J2,0
1,2270.0,J3,1
1,2275.0,J1,0
1,2275.0,J2,1
1,2275.0,J3,0
1,2280.0,J1,0
1,2280.0,J2,0
1,2280.0,J3,0
1,2285.0,J1,0
1,2285.0,J2,0
1,2285.0,J3,0
1,2290.0,J1,1
1,2290.0,J2,0
1,2290.0,J3,0
1,2295.0,J1,0
1,2295.0,J2,0
1,2295.0,J3,0
1,2300.0,J1,0
1,2300.0,J2,0
1,2300.0,J3,0
1,2305.0,J1,0
1,2305.0,J2,0
1,2305.0,J3,0
1,2310.0,J1,1
1,2310.0,J2,0
1,2310.0,J3,0
1,2315.0,J1,0
1,2315.0,J2,0
1,2315.0,J3,0
1,2320.0,J1,0
1,2320.0,J2,0
1,2320.0,J3,1
1,2325.0,J1,0
1,2325.0,J2,1
1,2325.0,J3,1
1,2330.0,J1,0
1,2330.0,J2,0
1,2330.0,J3,0
1,2335.0,J1,1
1,2335.0,J2,0
1,2335.0,J3,1
1,2340.0,J1,0
1,2340.0,J2,1
1,2340.0,J3,0
1,2345.0,J1,0
1,2345.0,J2,1
1,2345.0,J3,0
1,2350.0,J1,0
1,2350.0,J2,0
1,2350.0,J3,0
1,2355.0,J1,0
1,2355.0,J2,0
1,2355.0,J3,0
1,2360.0,J1,0
1,2360.0,J2,0
1,2360.0,J3,0
1,2365.0,J1,0
1,2365.0,J2,0
1,2365.0,J3,0
1,2370.0,J1,0
1,2370.0,J2,0
1,2370.0,J3,0
1,2375.0,J1,0
1,2375.0,J2,0
1,2375.0,J3,0
1,2380.0,J1,0
1,2380.0,J2,0
1,2380.0,J3,1
1,2385.0,J1,0
1,2385.0,J2,0
1,2385.0,J3,0
1,2390.0,J1,1
1,2390.0,J2,0
1,2390.0,J3,0
1,2395.0,J1,0
1,2395.0,J2,0
1,2395.0,J3,0
1,2400.0,J1,0
1,2400.0,J2,0
1,2400.0,J3,0
1,2405.0,J1,0
1,2405.0,J2,0
1,2405.0,J3,0
1,2410.0,J1,0
1,2410.0,J2,0
1,2410.0,J3,0
1,2415.0,J1,0
1,2415.0,J2,1
1,2415.0,J3,0
1,2420.0,J1,1
1,2420.0,J2,0
1,2420.0,J3,0
1,2425.0,J1,0
1,2425.0,J2,0
1,2425.0,J3,0
1,2430.0,J1,0
1,2430.0,J2,0
1,2430.0,J3,0
1,2435.0,J1,0
1,2435.0,J2,1
1,2435.0,J3,1
1,2440.0,J1,0
1,2440.0,J2,1
1,2440.0,J3,1
1,2445.0,J1,0
1,2445.0,J2,0
1,2445.0,J3,1
1,2450.0,J1,0
1,2450.0,J2,0
1,2450.0,J3,0
1,2455.0,J1,0
1,2455.0,J2,1
1,2455.0,J3,0
1,2460.0,J1,0
1,2460.0,J2,1
1,2460.0,J3,0
1,2465.0,J1,0
1,2465.0,J2,0
1,2465.0,J3,1
1,2470.0,J1,0
1,2470.0,J2,0
1,2470.0,J3,0
1,2475.0,J1,0
1,2475.0,J2,0
1,2475.0,J3,0
1,2480.0,J1,0
1,2480.0,J2,0
1,2480.0,J3,0
1,2485.0,J1,1
1,2485.0,J2,1
1,2485.0,J3,0
1,2490.0,J1,0
1,2490.0,J2,0
1,2490.0,J3,0
1,2495.0,J1,1
1,2495.0,J2,0
1,2495.0,J3,0
1,2500.0,J1,0
1,2500.0,J2,0
1,2500.0,J3,0
1,2505.0,J1,0
1,2505.0,J2,0
1,2505.0,J3,0
1,2510.0,J1,0
1,2510.0,J2,0
1,2510.0,J3,1
1,2515.0,J1,0
1,2515.0,J2,0
1,2515.0,J3,0
1,2520.0,J1,0
1,2520.0,J2,1
1,2520.0,J3,0
1,2525.0,J1,0
1,2525.0,J2,1
1,2525.0,J3,0
1,2530.0,J1,1
1,2530.0,J2,1
1,2530.0,J3,0
1,2535.0,J1,0
1,2535.0,J2,0
1,2535.0,J3,1
1,2540.0,J1,0
1,2540.0,J2,0
1,2540.0,J3,0
1,2545.0,J1,0
1,2545.0,J2,0
1,2545.0,J3,0
1,2550.0,J1,0
1,2550.0,J2,1
1,2550.0,J3,0
1,2555.0,J1,0
1,2555.0,J2,0
1,2555.0,J3,0
1,2560.0,J1,0
1,2560.0,J2,1
1,2560.0,J3,0
1,2565.0,J1,0
1,2565.0,J2,0
1,2565.0,J3,0
1,2570.0,J1,0
1,2570.0,J2,0
1,2570.0,J3,0
1,2575.0,J1,1
1,2575.0,J2,0
1,2575.0,J3,0
1,2580.0,J1,0
1,2580.0,J2,0
1,2580.0,J3,0
1,2585.0,J1,1
1,2585.0,J2,0
1,2585.0,J3,0
1,2590.0,J1,0
1,2590.0,J2,0
1,2590.0,J3,1
1,2595.0,J1,0
1,2595.0,J2,0
1,2595.0,J3,0
1,2600.0,J1,0
1,2600.0,J2,1
1,2600.0,J3,0
1,2605.0,J1,0
1,2605.0,J2,0
1,2605.0,J3,0
1,2610.0,J1,0
1,2610.0,J2,0
1,2610.0,J3,0
1,2615.0,J1,0
1,2615.0,J2,0
1,2615.0,J3,1
1,2620.0,J1,1
1,2620.0,J2,1
1,2620.0,J3,1
1,2625.0,J1,0
1,2625.0,J2,0
1,2625.0,J3,1
1,2630.0,J1,0
1,2630.0,J2,0
1,2630.0,J3,0
1,2635.0,J1,0
1,2635.0,J2,0
1,2635.0,J3,0
1,2640.0,J1,0
1,2640.0,J2,0
1,2640.0,J3,0
1,2645.0,J1,0
1,2645.0,J2,0
1,2645.0,J3,0
1,2650.0,J1,0
1,2650.0,J2,1
1,2650.0,J3,0
1,2655.0,J1,0
1,2655.0,J2,0
1,2655.0,J3,0
1,2660.0,J1,1
1,2660.0,J2,0
1,2660.0,J3,0
1,2665.0,J1,0
1,2665.0,J2,0
1,2665.0,J3,0
1,2670.0,J1,0
1,2670.0,J2,0
1,2670.0,J3,0
1,2675.0,J1,0
1,2675.0,J2,1
1,2675.0,J3,0
1,2680.0,J1,0
1,2680.0,J2,0
1,2680.0,J3,1
1,2685.0,J1,0
1,2685.0,J2,0
1,2685.0,J3,0
1,2690.0,J1,1
1,2690.0,J2,0
1,2690.0,J3,1
1,2695.0,J1,0
1,2695.0,J2,0
1,2695.0,J3,0
1,2700.0,J1,0
1,2700.0,J2,0
1,2700.0,J3,0
1,2705.0,J1,0
1,2705.0,J2,0
1,2705.0,J3,0
1,2710.0,J1,0
1,2710.0,J2,0
1,2710.0,J3,0
1,2715.0,J1,0
1,2715.0,J2,0
1,2715.0,J3,1
1,2720.0,J1,0
1,2720.0,J2,0
1,2720.0,J3,1
1,2725.0,J1,0
1,2725.0,J2,0
1,2725.0,J3,0
1,2730.0,J1,0
1,2730.0,J2,0
1,2730.0,J3,0
1,2735.0,J1,0
1,2735.0,J2,1
1,2735.0,J3,0
1,2740.0,J1,1
1,2740.0,J2,1
1,2740.0,J3,0
1,2745.0,J1,0
1,2745.0,J2,0
1,2745.0,J3,1
1,2750.0,J1,0
1,2750.0,J2,0
1,2750.0,J3,0
1,2755.0,J1,0
1,2755.0,J2,0
1,2755.0,J3,0
1,2760.0,J1,1
1,2760.0,J2,0
1,2760.0,J3,0
1,2765.0,J1,0
1,2765.0,J2,0
1,2765.0,J3,0
1,2770.0,J1,0
1,2770.0,J2,1
1,2770.0,J3,1
1,2775.0,J1,0
1,2775.0,J2,0
1,2775.0,J3,0
1,2780.0,J1,0
1,2780.0,J2,0
1,2780.0,J3,1
1,2785.0,J1,0
1,2785.0,J2,0
1,2785.0,J3,0
1,2790.0,J1,1
1,2790.0,J2,0
1,2790.0,J3,0
1,2795.0,J1,0
1,2795.0,J2,0
1,2795.0,J3,0
1,2800.0,J1,0
1,2800.0,J2,0
1,2800.0,J3,1
1,2805.0,J1,0
1,2805.0,J2,0
1,2805.0,J3,1
1,2810.0,J1,0
1,2810.0,J2,0
1,2810.0,J3,0
1,2815.0,J1,1
1,2815.0,J2,0
1,2815.0,J3,0
1,2820.0,J1,0
1,2820.0,J2,0
1,2820.0,J3,0
1,2825.0,J1,0
1,2825.0,J2,1
1,2825.0,J3,0
1,2830.0,J1,0
1,2830.0,J2,0
1,2830.0,J3,1
1,2835.0,J1,1
1,2835.0,J2,0
1,2835.0,J3,0
1,2840.0,J1,0
1,2840.0,J2,0
1,2840.0,J3,0
1,2845.0,J1,0
1,2845.0,J2,0
1,2845.0,J3,0
1,2850.0,J1,0
1,2850.0,J2,0
1,2850.0,J3,0
1,2855.0,J1,0
1,2855.0,J2,0
1,2855.0,J3,0
1,2860.0,J1,0
1,2860.0,J2,0
1,2860.0,J3,0
1,2865.0,J1,1
1,2865.0,J2,0
1,2865.0,J3,0
1,2870.0,J1,0
1,2870.0,J2,0
1,2870.0,J3,0
1,2875.0,J1,0
1,2875.0,J2,0
1,2875.0,J3,1
1,2880.0,J1,0
1,2880.0,J2,0
1,2880.0,J3,0
1,2885.0,J1,0
1,2885.0,J2,0
1,2885.0,J3,0
1,2890.0,J1,0
1,2890.0,J2,0
1,2890.0,J3,0
1,2895.0,J1,1
1,2895.0,J2,0
1,2895.0,J3,0
1,2900.0,J1,0
1,2900.0,J2,0
1,2900.0,J3,0
1,2905.0,J1,0
1,2905.0,J2,0
1,2905.0,J3,1
1,2910.0,J1,0
1,2910.0,J2,1
1,2910.0,J3,0
1,2915.0,J1,0
1,2915.0,J2,0
1,2915.0,J3,0
1,2920.0,J1,0
1,2920.0,J2,0
1,2920.0,J3,0
1,2925.0,J1,0
1,2925.0,J2,0
1,2925.0,J3,0
1,2930.0,J1,0
1,2930.0,J2,0
1,2930.0,J3,1
1,2935.0,J1,0
1,2935.0,J2,0
1,2935.0,J3,0
1,2940.0,J1,0
1,2940.0,J2,0
1,2940.0,J3,0
1,2945.0,J1,1
1,2945.0,J2,0
1,2945.0,J3,0
1,2950.0,J1,0
1,2950.0,J2,0
1,2950.0,J3,0
1,2955.0,J1,0
1,2955.0,J2,1
1,2955.0,J3,0
1,2960.0,J1,0
1,2960.0,J2,1
1,2960.0,J3,1
1,2965.0,J1,0
1,2965.0,J2,0
1,2965.0,J3,1
1,2970.0,J1,0
1,2970.0,J2,0
1,2970.0,J3,1
1,2975.0,J1,1
1,2975.0,J2,0
1,2975.0,J3,0
1,2980.0,J1,0
1,2980.0,J2,0
1,2980.0,J3,0
1,2985.0,J1,0
1,2985.0,J2,0
1,2985.0,J3,0
1,2990.0,J1,0
1,2990.0,J2,0
1,2990.0,J3,0
1,2995.0,J1,0
1,2995.0,J2,0
1,2995.0,J3,0
1,3000.0,J1,1
1,3000.0,J2,0
1,3000.0,J3,0
1,3005.0,J1,0
1,3005.0,J2,0
1,3005.0,J3,0
1,3010.0,J1,0
1,3010.0,J2,0
1,3010.0,J3,1
1,3015.0,J1,0
1,3015.0,J2,0
1,3015.0,J3,1
1,3020.0,J1,0
1,3020.0,J2,0
1,3020.0,J3,0
1,3025.0,J1,1
1,3025.0,J2,0
1,3025.0,J3,1
1,3030.0,J1,0
1,3030.0,J2,0
1,3030.0,J3,1
1,3035.0,J1,0
1,3035.0,J2,1
1,3035.0,J3,0
1,3040.0,J1,0
1,3040.0,J2,0
1,3040.0,J3,0
1,3045.0,J1,0
1,3045.0,J2,0
1,3045.0,J3,0
1,3050.0,J1,0
1,3050.0,J2,1
1,3050.0,J3,0
1,3055.0,J1,0
1,3055.0,J2,0
1,3055.0,J3,0
1,3060.0,J1,0
1,3060.0,J2,0
1,3060.0,J3,0
1,3065.0,J1,0
1,3065.0,J2,0
1,3065.0,J3,0
1,3070.0,J1,0
1,3070.0,J2,0
1,3070.0,J3,0
1,3075.0,J1,0
1,3075.0,J2,0
1,3075.0,J3,0
1,3080.0,J1,1
1,3080.0,J2,1
1,3080.0,J3,0
1,3085.0,J1,0
1,3085.0,J2,0
1,3085.0,J3,1
1,3090.0,J1,0
1,3090.0,J2,0
1,3090.0,J3,0
1,3095.0,J1,0
1,3095.0,J2,0
1,3095.0,J3,0
1,3100.0,J1,0
1,3100.0,J2,0
1,3100.0,J3,0
1,3105.0,J1,1
1,3105.0,J2,0
1,3105.0,J3,0
1,3110.0,J1,0
1,3110.0,J2,0
1,3110.0,J3,0
1,3115.0,J1,0
1,3115.0,J2,0
1,3115.0,J3,0
1,3120.0,J1,0
1,3120.0,J2,0
1,3120.0,J3,1
1,3125.0,J1,0
1,3125.0,J2,0
1,3125.0,J3,0
1,3130.0,J1,1
1,3130.0,J2,0
1,3130.0,J3,0
1,3135.0,J1,0
1,3135.0,J2,1
1,3135.0,J3,0
1,3140.0,J1,0
1,3140.0,J2,0
1,3140.0,J3,0
1,3145.0,J1,0
1,3145.0,J2,0
1,3145.0,J3,0
1,3150.0,J1,0
1,3150.0,J2,0
1,3150.0,J3,0
1,3155.0,J1,1
1,3155.0,J2,1
1,3155.0,J3,1
1,3160.0,J1,0
1,3160.0,J2,1
1,3160.0,J3,0
1,3165.0,J1,0
1,3165.0,J2,1
1,3165.0,J3,0
1,3170.0,J1,1
1,3170.0,J2,1
1,3170.0,J3,0
1,3175.0,J1,0
1,3175.0,J2,0
1,3175.0,J3,0
1,3180.0,J1,0
1,3180.0,J2,0
1,3180.0,J3,1
1,3185.0,J1,1
1,3185.0,J2,0
1,3185.0,J3,0
1,3190.0,J1,0
1,3190.0,J2,0
1,3190.0,J3,0
1,3195.0,J1,0
1,3195.0,J2,0
1,3195.0,J3,0
1,3200.0,J1,0
1,3200.0,J2,0
1,3200.0,J3,0
1,3205.0,J1,0
1,3205.0,J2,0
1,3205.0,J3,0
1,3210.0,J1,0
1,3210.0,J2,0
1,3210.0,J3,0
1,3215.0,J1,0
1,3215.0,J2,0
1,3215.0,J3,0
1,3220.0,J1,0
1,3220.0,J2,0
1,3220.0,J3,1
1,3225.0,J1,1
1,3225.0,J2,0
1,3225.0,J3,0
1,3230.0,J1,0
1,3230.0,J2,0
1,3230.0,J3,1
1,3235.0,J1,0
1,3235.0,J2,0
1,3235.0,J3,1
1,3240.0,J1,0
1,3240.0,J2,0
1,3240.0,J3,0
1,3245.0,J1,0
1,3245.0,J2,0
1,3245.0,J3,0
1,3250.0,J1,1
1,3250.0,J2,1
1,3250.0,J3,0
1,3255.0,J1,0
1,3255.0,J2,1
1,3255.0,J3,0
1,3260.0,J1,0
1,3260.0,J2,1
1,3260.0,J3,0
1,3265.0,J1,0
1,3265.0,J2,0
1,3265.0,J3,0
1,3270.0,J1,1
1,3270.0,J2,1
1,3270.0,J3,0
1,3275.0,J1,0
1,3275.0,J2,0
1,3275.0,J3,1
1,3280.0,J1,0
1,3280.0,J2,1
1,3280.0,J3,0
1,3285.0,J1,0
1,3285.0,J2,1
1,3285.0,J3,0
1,3290.0,J1,0
1,3290.0,J2,0
1,3290.0,J3,0
1,3295.0,J1,0
1,3295.0,J2,0
1,3295.0,J3,0
1,3300.0,J1,1
1,3300.0,J2,0
1,3300.0,J3,1
1,3305.0,J1,0
1,3305.0,J2,1
1,3305.0,J3,0
1,3310.0,J1,0
1,3310.0,J2,1
1,3310.0,J3,0
1,3315.0,J1,0
1,3315.0,J2,1
1,3315.0,J3,0
1,3320.0,J1,0
1,3320.0,J2,0
1,3320.0,J3,0
1,3325.0,J1,0
1,3325.0,J2,0
1,3325.0,J3,0
1,3330.0,J1,1
1,3330.0,J2,0
1,3330.0,J3,1
1,3335.0,J1,0
1,3335.0,J2,0
1,3335.0,J3,0
1,3340.0,J1,0
1,3340.0,J2,0
1,3340.0,J3,0
1,3345.0,J1,0
1,3345.0,J2,1
1,3345.0,J3,0
1,3350.0,J1,0
1,3350.0,J2,0
1,3350.0,J3,0
1,3355.0,J1,0
1,3355.0,J2,0
1,3355.0,J3,0
1,3360.0,J1,1
1,3360.0,J2,0
1,3360.0,J3,0
1,3365.0,J1,0
1,3365.0,J2,0
1,3365.0,J3,0
1,3370.0,J1,0
1,3370.0,J2,0
1,3370.0,J3,0
1,3375.0,J1,0
1,3375.0,J2,0
1,3375.0,J3,1
1,3380.0,J1,0
1,3380.0,J2,0
1,3380.0,J3,0
1,3385.0,J1,1
1,3385.0,J2,0
1,3385.0,J3,0
1,3390.0,J1,0
1,3390.0,J2,1
1,3390.0,J3,0
1,3395.0,J1,0
1,3395.0,J2,0
1,3395.0,J3,0
1,3400.0,J1,0
1,3400.0,J2,0
1,3400.0,J3,0
1,3405.0,J1,1
1,3405.0,J2,0
1,3405.0,J3,1
1,3410.0,J1,0
1,3410.0,J2,0
1,3410.0,J3,1
1,3415.0,J1,0
1,3415.0,J2,0
1,3415.0,J3,0
1,3420.0,J1,0
1,3420.0,J2,0
1,3420.0,J3,1
1,3425.0,J1,0
1,3425.0,J2,0
1,3425.0,J3,0
1,3430.0,J1,0
1,3430.0,J2,0
1,3430.0,J3,0
1,3435.0,J1,0
1,3435.0,J2,0
1,3435.0,J3,1
1,3440.0,J1,0
1,3440.0,J2,0
1,3440.0,J3,0
1,3445.0,J1,0
1,3445.0,J2,0
1,3445.0,J3,0
1,3450.0,J1,1
1,3450.0,J2,0
1,3450.0,J3,0
1,3455.0,J1,0
1,3455.0,J2,0
1,3455.0,J3,0
1,3460.0,J1,0
1,3460.0,J2,0
1,3460.0,J3,0
1,3465.0,J1,0
1,3465.0,J2,1
1,3465.0,J3,0
1,3470.0,J1,0
1,3470.0,J2,0
1,3470.0,J3,0
1,3475.0,J1,1
1,3475.0,J2,0
1,3475.0,J3,0
1,3480.0,J1,0
1,3480.0,J2,0
1,3480.0,J3,0
1,3485.0,J1,0
1,3485.0,J2,0
1,3485.0,J3,0
1,3490.0,J1,0
1,3490.0,J2,0
1,3490.0,J3,0
1,3495.0,J1,0
1,3495.0,J2,0
1,3495.0,J3,0
1,3500.0,J1,0
1,3500.0,J2,0
1,3500.0,J3,0
1,3505.0,J1,0
1,3505.0,J2,0
1,3505.0,J3,1
1,3510.0,J1,0
1,3510.0,J2,0
1,3510.0,J3,0
1,3515.0,J1,1
1,3515.0,J2,0
1,3515.0,J3,0
1,3520.0,J1,0
1,3520.0,J2,0
1,3520.0,J3,0
1,3525.0,J1,0
1,3525.0,J2,0
1,3525.0,J3,0
1,3530.0,J1,0
1,3530.0,J2,1
1,3530.0,J3,0
1,3535.0,J1,0
1,3535.0,J2,1
1,3535.0,J3,0
1,3540.0,J1,1
1,3540.0,J2,0
1,3540.0,J3,1
1,3545.0,J1,0
1,3545.0,J2,0
1,3545.0,J3,1
1,3550.0,J1,0
1,3550.0,J2,0
1,3550.0,J3,0
1,3555.0,J1,0
1,3555.0,J2,0
1,3555.0,J3,0
1,3560.0,J1,0
1,3560.0,J2,0
1,3560.0,J3,0
1,3565.0,J1,1
1,3565.0,J2,0
1,3565.0,J3,0
1,3570.0,J1,0
1,3570.0,J2,0
1,3570.0,J3,0
1,3575.0,J1,0
1,3575.0,J2,0
1,3575.0,J3,0
1,3580.0,J1,1
1,3580.0,J2,0
1,3580.0,J3,0
1,3585.0,J1,1
1,3585.0,J2,0
1,3585.0,J3,0
1,3590.0,J1,0
1,3590.0,J2,0
1,3590.0,J3,0
1,3595.0,J1,0
1,3595.0,J2,0
1,3595.0,J3,1
1,3600.0,J1,0
1,3600.0,J2,0
1,3600.0,J3,0
1,3605.0,J1,0
1,3605.0,J2,0
1,3605.0,J3,0
1,3610.0,J1,0
1,3610.0,J2,0
1,3610.0,J3,0
1,3615.0,J1,0
1,3615.0,J2,0
1,3615.0,J3,0
1,3620.0,J1,0
1,3620.0,J2,0
1,3620.0,J3,0
1,3625.0,J1,0
1,3625.0,J2,0
1,3625.0,J3,0
1,3630.0,J1,0
1,3630.0,J2,0
1,3630.0,J3,1
1,3635.0,J1,1
1,3635.0,J2,0
1,3635.0,J3,0
1,3640.0,J1,0
1,3640.0,J2,1
1,3640.0,J3,0
1,3645.0,J1,0
1,3645.0,J2,0
1,3645.0,J3,0
1,3650.0,J1,0
1,3650.0,J2,1
1,3650.0,J3,0
1,3655.0,J1,0
1,3655.0,J2,0
1,3655.0,J3,0
1,3660.0,J1,0
1,3660.0,J2,1
1,3660.0,J3,0
1,3665.0,J1,1
1,3665.0,J2,0
1,3665.0,J3,0
1,3670.0,J1,0
1,3670.0,J2,0
1,3670.0,J3,0
1,3675.0,J1,1
1,3675.0,J2,0
1,3675.0,J3,1
1,3680.0,J1,0
1,3680.0,J2,0
1,3680.0,J3,0
1,3685.0,J1,0
1,3685.0,J2,0
1,3685.0,J3,0
1,3690.0,J1,0
1,3690.0,J2,0
1,3690.0,J3,0
1,3695.0,J1,0
1,3695.0,J2,0
1,3695.0,J3,1
1,3700.0,J1,1
1,3700.0,J2,1
1,3700.0,J3,0
1,3705.0,J1,0
1,3705.0,J2,0
1,3705.0,J3,1
1,3710.0,J1,0
1,3710.0,J2,1
1,3710.0,J3,0
1,3715.0,J1,0
1,3715.0,J2,0
1,3715.0,J3,0
1,3720.0,J1,1
1,3720.0,J2,1
1,3720.0,J3,0
1,3725.0,J1,0
1,3725.0,J2,1
1,3725.0,J3,0
1,3730.0,J1,0
1,3730.0,J2,0
1,3730.0,J3,0
1,3735.0,J1,0
1,3735.0,J2,0
1,3735.0,J3,0
1,3740.0,J1,0
1,3740.0,J2,0
1,3740.0,J3,1
1,3745.0,J1,0
1,3745.0,J2,0
1,3745.0,J3,0
1,3750.0,J1,0
1,3750.0,J2,0
1,3750.0,J3,1
1,3755.0,J1,0
1,3755.0,J2,0
1,3755.0,J3,0
1,3760.0,J1,1
1,3760.0,J2,0
1,3760.0,J3,0
1,3765.0,J1,0
1,3765.0,J2,1
1,3765.0,J3,0
1,3770.0,J1,0
1,3770.0,J2,0
1,3770.0,J3,0
1,3775.0,J1,0
1,3775.0,J2,0
1,3775.0,J3,0
1,3780.0,J1,0
1,3780.0,J2,0
1,3780.0,J3,0
1,3785.0,J1,1
1,3785.0,J2,0
1,3785.0,J3,0
1,3790.0,J1,0
1,3790.0,J2,0
1,3790.0,J3,0
1,3795.0,J1,0
1,3795.0,J2,0
1,3795.0,J3,0
1,3800.0,J1,0
1,3800.0,J2,0
1,3800.0,J3,0
1,3805.0,J1,0
1,3805.0,J2,0
1,3805.0,J3,0
1,3810.0,J1,0
1,3810.0,J2,0
1,3810.0,J3,1
1,3815.0,J1,0
1,3815.0,J2,0
1,3815.0,J3,0
1,3820.0,J1,1
1,3820.0,J2,0
1,3820.0,J3,0
1,3825.0,J1,0
1,3825.0,J2,0
1,3825.0,J3,0
1,3830.0,J1,1
1,3830.0,J2,0
1,3830.0,J3,0
1,3835.0,J1,0
1,3835.0,J2,0
1,3835.0,J3,0
1,3840.0,J1,0
1,3840.0,J2,0
1,3840.0,J3,0
1,3845.0,J1,0
1,3845.0,J2,0
1,3845.0,J3,0
1,3850.0,J1,0
1,3850.0,J2,0
1,3850.0,J3,1
1,3855.0,J1,1
1,3855.0,J2,0
1,3855.0,J3,0
1,3860.0,J1,0
1,3860.0,J2,0
1,3860.0,J3,0
1,3865.0,J1,0
1,3865.0,J2,0
1,3865.0,J3,0
1,3870.0,J1,0
1,3870.0,J2,0
1,3870.0,J3,0
1,3875.0,J1,0
1,3875.0,J2,0
1,3875.0,J3,0
1,3880.0,J1,0
1,3880.0,J2,0
1,3880.0,J3,1
1,3885.0,J1,0
1,3885.0,J2,0
1,3885.0,J3,0
1,3890.0,J1,0
1,3890.0,J2,1
1,3890.0,J3,1
1,3895.0,J1,0
1,3895.0,J2,0
1,3895.0,J3,0
1,3900.0,J1,1
1,3900.0,J2,0
1,3900.0,J3,0
1,3905.0,J1,1
1,3905.0,J2,0
1,3905.0,J3,0
1,3910.0,J1,0
1,3910.0,J2,0
1,3910.0,J3,0
1,3915.0,J1,0
1,3915.0,J2,0
1,3915.0,J3,1
1,3920.0,J1,0
1,3920.0,J2,0
1,3920.0,J3,0
1,3925.0,J1,0
1,3925.0,J2,0
1,3925.0,J3,0
1,3930.0,J1,1
1,3930.0,J2,0
1,3930.0,J3,0
1,3935.0,J1,0
1,3935.0,J2,1
1,3935.0,J3,0
1,3940.0,J1,0
1,3940.0,J2,0
1,3940.0,J3,0
1,3945.0,J1,0
1,3945.0,J2,1
1,3945.0,J3,0
1,3950.0,J1,0
1,3950.0,J2,1
1,3950.0,J3,1
1,3955.0,J1,1
1,3955.0,J2,0
1,3955.0,J3,0
1,3960.0,J1,0
1,3960.0,J2,0
1,3960.0,J3,0
1,3965.0,J1,0
1,3965.0,J2,0
1,3965.0,J3,0
1,3970.0,J1,0
1,3970.0,J2,0
1,3970.0,J3,0
1,3975.0,J1,0
1,3975.0,J2,0
1,3975.0,J3,0
1,3980.0,J1,0
1,3980.0,J2,1
1,3980.0,J3,0
1,3985.0,J1,0
1,3985.0,J2,1
1,3985.0,J3,0
1,3990.0,J1,1
1,3990.0,J2,0
1,3990.0,J3,0
1,3995.0,J1,0
1,3995.0,J2,0
1,3995.0,J3,1
1,4000.0,J1,0
1,4000.0,J2,0
1,4000.0,J3,1
1,4005.0,J1,0
1,4005.0,J2,0
1,4005.0,J3,1
1,4010.0,J1,1
1,4010.0,J2,0
1,4010.0,J3,0
1,4015.0,J1,0
1,4015.0,J2,0
1,4015.0,J3,0
1,4020.0,J1,1
1,4020.0,J2,1
1,4020.0,J3,0
1,4025.0,J1,0
1,4025.0,J2,1
1,4025.0,J3,0
1,4030.0,J1,0
1,4030.0,J2,0
1,4030.0,J3,0
1,4035.0,J1,0
1,4035.0,J2,0
1,4035.0,J3,1
1,4040.0,J1,0
1,4040.0,J2,0
1,4040.0,J3,1
1,4045.0,J1,1
1,4045.0,J2,0
1,4045.0,J3,0
1,4050.0,J1,0
1,4050.0,J2,0
1,4050.0,J3,1
1,4055.0,J1,0
1,4055.0,J2,0
1,4055.0,J3,0
1,4060.0,J1,0
1,4060.0,J2,0
1,4060.0,J3,0
1,4065.0,J1,0
1,4065.0,J2,1
1,4065.0,J3,0
1,4070.0,J1,0
1,4070.0,J2,0
1,4070.0,J3,0
1,4075.0,J1,1
1,4075.0,J2,0
1,4075.0,J3,0
1,4080.0,J1,0
1,4080.0,J2,0
1,4080.0,J3,1
1,4085.0,J1,0
1,4085.0,J2,0
1,4085.0,J3,0
1,4090.0,J1,0
1,4090.0,J2,0
1,4090.0,J3,0
1,4095.0,J1,0
1,4095.0,J2,0
1,4095.0,J3,0
1,4100.0,J1,1
1,4100.0,J2,0
1,4100.0,J3,0
1,4105.0,J1,0
1,4105.0,J2,0
1,4105.0,J3,0
1,4110.0,J1,0
1,4110.0,J2,1
1,4110.0,J3,0
1,4115.0,J1,0
1,4115.0,J2,0
1,4115.0,J3,1
1,4120.0,J1,0
1,4120.0,J2,0
1,4120.0,J3,0
1,4125.0,J1,1
1,4125.0,J2,0
1,4125.0,J3,0
1,4130.0,J1,0
1,4130.0,J2,0
1,4130.0,J3,0
1,4135.0,J1,0
1,4135.0,J2,0
1,4135.0,J3,0
1,4140.0,J1,0
1,4140.0,J2,0
1,4140.0,J3,1
1,4145.0,J1,0
1,4145.0,J2,0
1,4145.0,J3,0
1,4150.0,J1,1
1,4150.0,J2,0
1,4150.0,J3,0
1,4155.0,J1,0
1,4155.0,J2,0
1,4155.0,J3,0
1,4160.0,J1,0
1,4160.0,J2,0
1,4160.0,J3,0
1,4165.0,J1,0
1,4165.0,J2,0
1,4165.0,J3,0
1,4170.0,J1,1
1,4170.0,J2,0
1,4170.0,J3,0
1,4175.0,J1,0
1,4175.0,J2,0
1,4175.0,J3,0
1,4180.0,J1,0
1,4180.0,J2,0
1,4180.0,J3,0
1,4185.0,J1,0
1,4185.0,J2,0
1,4185.0,J3,0
1,4190.0,J1,0
1,4190.0,J2,0
1,4190.0,J3,0
1,4195.0,J1,1
1,4195.0,J2,0
1,4195.0,J3,0
1,4200.0,J1,0
1,4200.0,J2,0
1,4200.0,J3,0
1,4205.0,J1,0
1,4205.0,J2,0
1,4205.0,J3,0
1,4210.0,J1,0
1,4210.0,J2,0
1,4210.0,J3,0
1,4215.0,J1,0
1,4215.0,J2,0
1,4215.0,J3,0
1,4220.0,J1,1
1,4220.0,J2,0
1,4220.0,J3,0
1,4225.0,J1,0
1,4225.0,J2,1
1,4225.0,J3,0
1,4230.0,J1,0
1,4230.0,J2,0
1,4230.0,J3,0
1,4235.0,J1,0
1,4235.0,J2,0
1,4235.0,J3,0
1,4240.0,J1,0
1,4240.0,J2,0
1,4240.0,J3,0
1,4245.0,J1,0
1,4245.0,J2,1
1,4245.0,J3,0
1,4250.0,J1,0
1,4250.0,J2,0
1,4250.0,J3,0
1,4255.0,J1,0
1,4255.0,J2,1
1,4255.0,J3,0
1,4260.0,J1,0
1,4260.0,J2,1
1,4260.0,J3,0
1,4265.0,J1,1
1,4265.0,J2,0
1,4265.0,J3,0
1,4270.0,J1,0
1,4270.0,J2,0
1,4270.0,J3,0
1,4275.0,J1,0
1,4275.0,J2,0
1,4275.0,J3,0
1,4280.0,J1,0
1,4280.0,J2,0
1,4280.0,J3,1
1,4285.0,J1,1
1,4285.0,J2,0
1,4285.0,J3,0
1,4290.0,J1,0
1,4290.0,J2,0
1,4290.0,J3,0
1,4295.0,J1,0
1,4295.0,J2,0
1,4295.0,J3,0
1,4300.0,J1,1
1,4300.0,J2,0
1,4300.0,J3,0
1,4305.0,J1,0
1,4305.0,J2,0
1,4305.0,J3,1
1,4310.0,J1,1
1,4310.0,J2,0
1,4310.0,J3,0
1,4315.0,J1,0
1,4315.0,J2,1
1,4315.0,J3,0
1,4320.0,J1,0
1,4320.0,J2,0
1,4320.0,J3,1
1,4325.0,J1,0
1,4325.0,J2,0
1,4325.0,J3,0
1,4330.0,J1,0
1,4330.0,J2,0
1,4330.0,J3,0
1,4335.0,J1,1
1,4335.0,J2,0
1,4335.0,J3,0
1,4340.0,J1,1
1,4340.0,J2,0
1,4340.0,J3,1
1,4345.0,J1,0
1,4345.0,J2,0
1,4345.0,J3,0
1,4350.0,J1,0
1,4350.0,J2,0
1,4350.0,J3,0
1,4355.0,J1,0
1,4355.0,J2,0
1,4355.0,J3,0
1,4360.0,J1,1
1,4360.0,J2,0
1,4360.0,J3,0
1,4365.0,J1,0
1,4365.0,J2,0
1,4365.0,J3,0
1,4370.0,J1,1
1,4370.0,J2,0
1,4370.0,J3,0
1,4375.0,J1,0
1,4375.0,J2,0
1,4375.0,J3,1
1,4380.0,J1,0
1,4380.0,J2,0
1,4380.0,J3,0
1,4385.0,J1,0
1,4385.0,J2,0
1,4385.0,J3,1
1,4390.0,J1,1
1,4390.0,J2,0
1,4390.0,J3,0
1,4395.0,J1,0
1,4395.0,J2,0
1,4395.0,J3,0
1,4400.0,J1,0
1,4400.0,J2,0
1,4400.0,J3,0
1,4405.0,J1,0
1,4405.0,J2,0
1,4405.0,J3,0
1,4410.0,J1,0
1,4410.0,J2,0
1,4410.0,J3,0
1,4415.0,J1,0
1,4415.0,J2,0
1,4415.0,J3,0
1,4420.0,J1,0
1,4420.0,J2,1
1,4420.0,J3,0
1,4425.0,J1,1
1,4425.0,J2,0
1,4425.0,J3,1
1,4430.0,J1,0
1,4430.0,J2,0
1,4430.0,J3,0
1,4435.0,J1,0
1,4435.0,J2,0
1,4435.0,J3,0
1,4440.0,J1,0
1,4440.0,J2,0
1,4440.0,J3,0
1,4445.0,J1,1
1,4445.0,J2,0
1,4445.0,J3,0
1,4450.0,J1,0
1,4450.0,J2,0
1,4450.0,J3,0
1,4455.0,J1,0
1,4455.0,J2,0
1,4455.0,J3,0
1,4460.0,J1,0
1,4460.0,J2,1
1,4460.0,J3,0
1,4465.0,J1,0
1,4465.0,J2,0
1,4465.0,J3,1
1,4470.0,J1,0
1,4470.0,J2,0
1,4470.0,J3,1
1,4475.0,J1,0
1,4475.0,J2,0
1,4475.0,J3,1
1,4480.0,J1,0
1,4480.0,J2,0
1,4480.0,J3,0
1,4485.0,J1,1
1,4485.0,J2,0
1,4485.0,J3,0
1,4490.0,J1,0
1,4490.0,J2,1
1,4490.0,J3,0
1,4495.0,J1,0
1,4495.0,J2,0
1,4495.0,J3,0
1,4500.0,J1,0
1,4500.0,J2,0
1,4500.0,J3,0
1,4505.0,J1,1
1,4505.0,J2,0
1,4505.0,J3,1
1,4510.0,J1,0
1,4510.0,J2,1
1,4510.0,J3,1
1,4515.0,J1,0
1,4515.0,J2,1
1,4515.0,J3,1
1,4520.0,J1,0
1,4520.0,J2,1
1,4520.0,J3,0
1,4525.0,J1,0
1,4525.0,J2,1
1,4525.0,J3,0
1,4530.0,J1,0
1,4530.0,J2,0
1,4530.0,J3,0
1,4535.0,J1,0
1,4535.0,J2,0
1,4535.0,J3,1
1,4540.0,J1,0
1,4540.0,J2,0
1,4540.0,J3,0
1,4545.0,J1,0
1,4545.0,J2,0
1,4545.0,J3,0
1,4550.0,J1,0
1,4550.0,J2,0
1,4550.0,J3,0
1,4555.0,J1,0
1,4555.0,J2,0
1,4555.0,J3,0
1,4560.0,J1,1
1,4560.0,J2,0
1,4560.0,J3,1
1,4565.0,J1,0
1,4565.0,J2,0
1,4565.0,J3,1
1,4570.0,J1,0
1,4570.0,J2,0
1,4570.0,J3,0
1,4575.0,J1,0
1,4575.0,J2,0
1,4575.0,J3,0
1,4580.0,J1,0
1,4580.0,J2,1
1,4580.0,J3,1
1,4585.0,J1,0
1,4585.0,J2,0
1,4585.0,J3,0
1,4590.0,J1,0
1,4590.0,J2,1
1,4590.0,J3,0
1,4595.0,J1,1
1,4595.0,J2,0
1,4595.0,J3,0
1,4600.0,J1,0
1,4600.0,J2,1
1,4600.0,J3,0
1,4605.0,J1,1
1,4605.0,J2,0
1,4605.0,J3,0
1,4610.0,J1,1
1,4610.0,J2,0
1,4610.0,J3,1
1,4615.0,J1,1
1,4615.0,J2,0
1,4615.0,J3,1
1,4620.0,J1,0
1,4620.0,J2,0
1,4620.0,J3,0
1,4625.0,J1,0
1,4625.0,J2,0
1,4625.0,J3,0
1,4630.0,J1,1
1,4630.0,J2,0
1,4630.0,J3,0
1,4635.0,J1,0
1,4635.0,J2,0
1,4635.0,J3,1
1,4640.0,J1,0
1,4640.0,J2,0
1,4640.0,J3,1
1,4645.0,J1,0
1,4645.0,J2,0
1,4645.0,J3,0
1,4650.0,J1,0
1,4650.0,J2,0
1,4650.0,J3,0
1,4655.0,J1,0
1,4655.0,J2,0
1,4655.0,J3,0
1,4660.0,J1,0
1,4660.0,J2,1
1,4660.0,J3,0
1,4665.0,J1,1
1,4665.0,J2,0
1,4665.0,J3,0
1,4670.0,J1,0
1,4670.0,J2,0
1,4670.0,J3,0
1,4675.0,J1,0
1,4675.0,J2,0
1,4675.0,J3,0
1,4680.0,J1,0
1,4680.0,J2,0
1,4680.0,J3,0
1,4685.0,J1,0
1,4685.0,J2,1
1,4685.0,J3,0
1,4690.0,J1,1
1,4690.0,J2,1
1,4690.0,J3,1
1,4695.0,J1,0
1,4695.0,J2,0
1,4695.0,J3,0
1,4700.0,J1,0
1,4700.0,J2,0
1,4700.0,J3,0
1,4705.0,J1,0
1,4705.0,J2,0
1,4705.0,J3,0
1,4710.0,J1,0
1,4710.0,J2,0
1,4710.0,J3,0
1,4715.0,J1,1
1,4715.0,J2,0
1,4715.0,J3,0
1,4720.0,J1,0
1,4720.0,J2,0
1,4720.0,J3,0
1,4725.0,J1,0
1,4725.0,J2,0
1,4725.0,J3,1
1,4730.0,J1,1
1,4730.0,J2,0
1,4730.0,J3,1
1,4735.0,J1,0
1,4735.0,J2,0
1,4735.0,J3,0
1,4740.0,J1,1
1,4740.0,J2,0
1,4740.0,J3,1
1,4745.0,J1,0
1,4745.0,J2,0
1,4745.0,J3,0
1,4750.0,J1,1
1,4750.0,J2,1
1,4750.0,J3,0
1,4755.0,J1,0
1,4755.0,J2,0
1,4755.0,J3,1
1,4760.0,J1,0
1,4760.0,J2,0
1,4760.0,J3,1
1,4765.0,J1,0
1,4765.0,J2,0
1,4765.0,J3,0
1,4770.0,J1,0
1,4770.0,J2,0
1,4770.0,J3,0
1,4775.0,J1,0
1,4775.0,J2,0
1,4775.0,J3,0
1,4780.0,J1,0
1,4780.0,J2,0
1,4780.0,J3,0
1,4785.0,J1,0
1,4785.0,J2,0
1,4785.0,J3,0
1,4790.0,J1,0
1,4790.0,J2,0
1,4790.0,J3,1
1,4795.0,J1,1
1,4795.0,J2,0
1,4795.0,J3,0
1,4800.0,J1,0
1,4800.0,J2,0
1,4800.0,J3,1
1,4805.0,J1,0
1,4805.0,J2,0
1,4805.0,J3,1
1,4810.0,J1,0
1,4810.0,J2,1
1,4810.0,J3,0
1,4815.0,J1,0
1,4815.0,J2,0
1,4815.0,J3,0
1,4820.0,J1,0
1,4820.0,J2,1
1,4820.0,J3,0
1,4825.0,J1,0
1,4825.0,J2,1
1,4825.0,J3,0
1,4830.0,J1,0
1,4830.0,J2,0
1,4830.0,J3,0
1,4835.0,J1,0
1,4835.0,J2,0
1,4835.0,J3,0
1,4840.0,J1,0
1,4840.0,J2,0
1,4840.0,J3,1
1,4845.0,J1,1
1,4845.0,J2,0
1,4845.0,J3,0
1,4850.0,J1,0
1,4850.0,J2,0
1,4850.0,J3,0
1,4855.0,J1,0
1,4855.0,J2,0
1,4855.0,J3,0
1,4860.0,J1,0
1,4860.0,J2,0
1,4860.0,J3,0
1,4865.0,J1,0
1,4865.0,J2,1
1,4865.0,J3,0
1,4870.0,J1,1
1,4870.0,J2,0
1,4870.0,J3,1
1,4875.0,J1,0
1,4875.0,J2,0
1,4875.0,J3,1
1,4880.0,J1,0
1,4880.0,J2,1
1,4880.0,J3,0
1,4885.0,J1,0
1,4885.0,J2,0
1,4885.0,J3,0
1,4890.0,J1,0
1,4890.0,J2,0
1,4890.0,J3,0
1,4895.0,J1,0
1,4895.0,J2,0
1,4895.0,J3,0
1,4900.0,J1,0
1,4900.0,J2,0
1,4900.0,J3,1
1,4905.0,J1,1
1,4905.0,J2,0
1,4905.0,J3,0
1,4910.0,J1,0
1,4910.0,J2,0
1,4910.0,J3,0
1,4915.0,J1,0
1,4915.0,J2,0
1,4915.0,J3,0
1,4920.0,J1,0
1,4920.0,J2,1
1,4920.0,J3,0
1,4925.0,J1,0
1,4925.0,J2,0
1,4925.0,J3,0
1,4930.0,J1,1
1,4930.0,J2,1
1,4930.0,J3,0
1,4935.0,J1,0
1,4935.0,J2,0
1,4935.0,J3,1
1,4940.0,J1,0
1,4940.0,J2,0
1,4940.0,J3,0
1,4945.0,J1,1
1,4945.0,J2,0
1,4945.0,J3,0
1,4950.0,J1,0
1,4950.0,J2,0
1,4950.0,J3,0
1,4955.0,J1,0
1,4955.0,J2,1
1,4955.0,J3,0
1,4960.0,J1,0
1,4960.0,J2,0
1,4960.0,J3,1
1,4965.0,J1,1
1,4965.0,J2,0
1,4965.0,J3,1
1,4970.0,J1,0
1,4970.0,J2,1
1,4970.0,J3,0
1,4975.0,J1,0
1,4975.0,J2,0
1,4975.0,J3,0
1,4980.0,J1,0
1,4980.0,J2,0
1,4980.0,J3,0
1,4985.0,J1,1
1,4985.0,J2,0
1,4985.0,J3,1
1,4990.0,J1,0
1,4990.0,J2,0
1,4990.0,J3,0
1,4995.0,J1,0
1,4995.0,J2,1
1,4995.0,J3,0
1,5000.0,J1,0
1,5000.0,J2,1
1,5000.0,J3,0
1,5005.0,J1,0
1,5005.0,J2,0
1,5005.0,J3,0
1,5010.0,J1,0
1,5010.0,J2,0
1,5010.0,J3,0
1,5015.0,J1,0
1,5015.0,J2,0
1,5015.0,J3,0
1,5020.0,J1,0
1,5020.0,J2,0
1,5020.0,J3,1
1,5025.0,J1,1
1,5025.0,J2,0
1,5025.0,J3,0
1,5030.0,J1,0
1,5030.0,J2,0
1,5030.0,J3,0
1,5035.0,J1,0
1,5035.0,J2,0
1,5035.0,J3,1
1,5040.0,J1,1
1,5040.0,J2,1
1,5040.0,J3,0
1,5045.0,J1,1
1,5045.0,J2,0
1,5045.0,J3,0
1,5050.0,J1,1
1,5050.0,J2,1
1,5050.0,J3,1
1,5055.0,J1,0
1,5055.0,J2,0
1,5055.0,J3,0
1,5060.0,J1,0
1,5060.0,J2,0
1,5060.0,J3,0
1,5065.0,J1,0
1,5065.0,J2,0
1,5065.0,J3,0
1,5070.0,J1,0
1,5070.0,J2,0
1,5070.0,J3,0
1,5075.0,J1,0
1,5075.0,J2,0
1,5075.0,J3,1
1,5080.0,J1,0
1,5080.0,J2,0
1,5080.0,J3,0
1,5085.0,J1,0
1,5085.0,J2,1
1,5085.0,J3,0
1,5090.0,J1,0
1,5090.0,J2,0
1,5090.0,J3,0
1,5095.0,J1,0
1,5095.0,J2,0
1,5095.0,J3,0
1,5100.0,J1,1
1,5100.0,J2,0
1,5100.0,J3,0
1,5105.0,J1,0
1,5105.0,J2,0
1,5105.0,J3,1
1,5110.0,J1,0
1,5110.0,J2,0
1,5110.0,J3,1
1,5115.0,J1,0
1,5115.0,J2,0
1,5115.0,J3,1
1,5120.0,J1,0
1,5120.0,J2,1
1,5120.0,J3,0
1,5125.0,J1,1
1,5125.0,J2,0
1,5125.0,J3,0
1,5130.0,J1,0
1,5130.0,J2,0
1,5130.0,J3,0
1,5135.0,J1,0
1,5135.0,J2,0
1,5135.0,J3,0
1,5140.0,J1,1
1,5140.0,J2,0
1,5140.0,J3,0
1,5145.0,J1,1
1,5145.0,J2,0
1,5145.0,J3,0
1,5150.0,J1,0
1,5150.0,J2,0
1,5150.0,J3,0
1,5155.0,J1,0
1,5155.0,J2,0
1,5155.0,J3,1
1,5160.0,J1,0
1,5160.0,J2,1
1,5160.0,J3,1
1,5165.0,J1,0
1,5165.0,J2,0
1,5165.0,J3,0
1,5170.0,J1,1
1,5170.0,J2,0
1,5170.0,J3,0
1,5175.0,J1,0
1,5175.0,J2,0
1,5175.0,J3,0
1,5180.0,J1,0
1,5180.0,J2,0
1,5180.0,J3,0
1,5185.0,J1,0
1,5185.0,J2,0
1,5185.0,J3,0
1,5190.0,J1,1
1,5190.0,J2,0
1,5190.0,J3,0
1,5195.0,J1,0
1,5195.0,J2,0
1,5195.0,J3,0
1,5200.0,J1,0
1,5200.0,J2,0
1,5200.0,J3,0
1,5205.0,J1,1
1,5205.0,J2,0
1,5205.0,J3,0
1,5210.0,J1,0
1,5210.0,J2,0
1,5210.0,J3,0
1,5215.0,J1,0
1,5215.0,J2,0
1,5215.0,J3,1
1,5220.0,J1,1
1,5220.0,J2,0
1,5220.0,J3,1
1,5225.0,J1,0
1,5225.0,J2,0
1,5225.0,J3,0
1,5230.0,J1,0
1,5230.0,J2,0
1,5230.0,J3,0
1,5235.0,J1,0
1,5235.0,J2,0
1,5235.0,J3,0
1,5240.0,J1,0
1,5240.0,J2,0
1,5240.0,J3,0
1,5245.0,J1,1
1,5245.0,J2,1
1,5245.0,J3,0
1,5250.0,J1,0
1,5250.0,J2,0
1,5250.0,J3,0
1,5255.0,J1,0
1,5255.0,J2,0
1,5255.0,J3,1
1,5260.0,J1,0
1,5260.0,J2,0
1,5260.0,J3,1
1,5265.0,J1,0
1,5265.0,J2,0
1,5265.0,J3,0
1,5270.0,J1,0
1,5270.0,J2,0
1,5270.0,J3,0
1,5275.0,J1,1
1,5275.0,J2,0
1,5275.0,J3,0
1,5280.0,J1,0
1,5280.0,J2,0
1,5280.0,J3,0
1,5285.0,J1,0
1,5285.0,J2,0
1,5285.0,J3,0
1,5290.0,J1,0
1,5290.0,J2,0
1,5290.0,J3,0
1,5295.0,J1,1
1,5295.0,J2,1
1,5295.0,J3,0
1,5300.0,J1,1
1,5300.0,J2,0
1,5300.0,J3,1
1,5305.0,J1,0
1,5305.0,J2,0
1,5305.0,J3,0
1,5310.0,J1,0
1,5310.0,J2,0
1,5310.0,J3,0
1,5315.0,J1,0
1,5315.0,J2,0
1,5315.0,J3,1
1,5320.0,J1,0
1,5320.0,J2,0
1,5320.0,J3,0
1,5325.0,J1,0
1,5325.0,J2,1
1,5325.0,J3,0
1,5330.0,J1,0
1,5330.0,J2,0
1,5330.0,J3,0
1,5335.0,J1,0
1,5335.0,J2,0
1,5335.0,J3,0
1,5340.0,J1,0
1,5340.0,J2,0
1,5340.0,J3,0
1,5345.0,J1,0
1,5345.0,J2,0
1,5345.0,J3,0
1,5350.0,J1,1
1,5350.0,J2,0
1,5350.0,J3,0
1,5355.0,J1,0
1,5355.0,J2,0
1,5355.0,J3,0
1,5360.0,J1,0
1,5360.0,J2,0
1,5360.0,J3,0
1,5365.0,J1,0
1,5365.0,J2,0
1,5365.0,J3,1
1,5370.0,J1,1
1,5370.0,J2,0
1,5370.0,J3,0
1,5375.0,J1,0
1,5375.0,J2,0
1,5375.0,J3,0
1,5380.0,J1,0
1,5380.0,J2,0
1,5380.0,J3,0
1,5385.0,J1,0
1,5385.0,J2,0
1,5385.0,J3,0
1,5390.0,J1,0
1,5390.0,J2,0
1,5390.0,J3,0
1,5395.0,J1,0
1,5395.0,J2,0
1,5395.0,J3,0
1,5400.0,J1,0
1,5400.0,J2,0
1,5400.0,J3,0
1,5405.0,J1,1
1,5405.0,J2,0
1,5405.0,J3,0
1,5410.0,J1,0
1,5410.0,J2,0
1,5410.0,J3,0
1,5415.0,J1,0
1,5415.0,J2,0
1,5415.0,J3,1
1,5420.0,J1,0
1,5420.0,J2,0
1,5420.0,J3,0
1,5425.0,J1,0
1,5425.0,J2,0
1,5425.0,J3,1
1,5430.0,J1,0
1,5430.0,J2,0
1,5430.0,J3,0
1,5435.0,J1,1
1,5435.0,J2,0
1,5435.0,J3,0
1,5440.0,J1,0
1,5440.0,J2,1
1,5440.0,J3,0
1,5445.0,J1,0
1,5445.0,J2,1
1,5445.0,J3,0
1,5450.0,J1,0
1,5450.0,J2,0
1,5450.0,J3,0
1,5455.0,J1,0
1,5455.0,J2,0
1,5455.0,J3,1
1,5460.0,J1,1
1,5460.0,J2,0
1,5460.0,J3,1
1,5465.0,J1,0
1,5465.0,J2,0
1,5465.0,J3,0
1,5470.0,J1,0
1,5470.0,J2,0
1,5470.0,J3,0
1,5475.0,J1,0
1,5475.0,J2,0
1,5475.0,J3,0
1,5480.0,J1,0
1,5480.0,J2,1
1,5480.0,J3,1
1,5485.0,J1,0
1,5485.0,J2,0
1,5485.0,J3,0
1,5490.0,J1,1
1,5490.0,J2,0
1,5490.0,J3,0
1,5495.0,J1,0
1,5495.0,J2,0
1,5495.0,J3,0
1,5500.0,J1,0
1,5500.0,J2,0
1,5500.0,J3,0
1,5505.0,J1,0
1,5505.0,J2,0
1,5505.0,J3,0
1,5510.0,J1,0
1,5510.0,J2,0
1,5510.0,J3,0
1,5515.0,J1,0
1,5515.0,J2,0
1,5515.0,J3,0
1,5520.0,J1,1
1,5520.0,J2,0
1,5520.0,J3,1
1,5525.0,J1,0
1,5525.0,J2,0
1,5525.0,J3,0
1,5530.0,J1,0
1,5530.0,J2,0
1,5530.0,J3,0
1,5535.0,J1,0
1,5535.0,J2,0
1,5535.0,J3,1
1,5540.0,J1,0
1,5540.0,J2,0
1,5540.0,J3,0
1,5545.0,J1,1
1,5545.0,J2,1
1,5545.0,J3,0
1,5550.0,J1,0
1,5550.0,J2,0
1,5550.0,J3,0
1,5555.0,J1,0
1,5555.0,J2,0
1,5555.0,J3,1
1,5560.0,J1,0
1,5560.0,J2,0
1,5560.0,J3,0
1,5565.0,J1,0
1,5565.0,J2,0
1,5565.0,J3,0
1,5570.0,J1,0
1,5570.0,J2,0
1,5570.0,J3,0
1,5575.0,J1,1
1,5575.0,J2,0
1,5575.0,J3,0
1,5580.0,J1,0
1,5580.0,J2,0
1,5580.0,J3,1
1,5585.0,J1,1
1,5585.0,J2,0
1,5585.0,J3,0
1,5590.0,J1,0
1,5590.0,J2,1
1,5590.0,J3,0
1,5595.0,J1,0
1,5595.0,J2,0
1,5595.0,J3,0
1,5600.0,J1,0
1,5600.0,J2,0
1,5600.0,J3,0
1,5605.0,J1,0
1,5605.0,J2,0
1,5605.0,J3,0
1,5610.0,J1,0
1,5610.0,J2,0
1,5610.0,J3,1
1,5615.0,J1,1
1,5615.0,J2,0
1,5615.0,J3,0
1,5620.0,J1,0
1,5620.0,J2,0
1,5620.0,J3,0
1,5625.0,J1,0
1,5625.0,J2,0
1,5625.0,J3,1
1,5630.0,J1,0
1,5630.0,J2,0
1,5630.0,J3,0
1,5635.0,J1,0
1,5635.0,J2,0
1,5635.0,J3,0
1,5640.0,J1,1
1,5640.0,J2,0
1,5640.0,J3,0
1,5645.0,J1,0
1,5645.0,J2,0
1,5645.0,J3,1
1,5650.0,J1,0
1,5650.0,J2,0
1,5650.0,J3,0
1,5655.0,J1,0
1,5655.0,J2,0
1,5655.0,J3,0
1,5660.0,J1,0
1,5660.0,J2,0
1,5660.0,J3,1
1,5665.0,J1,0
1,5665.0,J2,0
1,5665.0,J3,0
1,5670.0,J1,1
1,5670.0,J2,0
1,5670.0,J3,1
1,5675.0,J1,0
1,5675.0,J2,1
1,5675.0,J3,1
1,5680.0,J1,0
1,5680.0,J2,0
1,5680.0,J3,0
1,5685.0,J1,0
1,5685.0,J2,0
1,5685.0,J3,0
1,5690.0,J1,1
1,5690.0,J2,0
1,5690.0,J3,0
1,5695.0,J1,0
1,5695.0,J2,0
1,5695.0,J3,0
1,5700.0,J1,0
1,5700.0,J2,0
1,5700.0,J3,0
1,5705.0,J1,0
1,5705.0,J2,1
1,5705.0,J3,1
1,5710.0,J1,1
1,5710.0,J2,0
1,5710.0,J3,0
1,5715.0,J1,0
1,5715.0,J2,0
1,5715.0,J3,0
1,5720.0,J1,0
1,5720.0,J2,0
1,5720.0,J3,0
1,5725.0,J1,0
1,5725.0,J2,0
1,5725.0,J3,0
1,5730.0,J1,0
1,5730.0,J2,0
1,5730.0,J3,1
1,5735.0,J1,0
1,5735.0,J2,0
1,5735.0,J3,1
1,5740.0,J1,0
1,5740.0,J2,1
1,5740.0,J3,0
1,5745.0,J1,0
1,5745.0,J2,1
1,5745.0,J3,1
1,5750.0,J1,1
1,5750.0,J2,0
1,5750.0,J3,0
1,5755.0,J1,0
1,5755.0,J2,1
1,5755.0,J3,0
1,5760.0,J1,0
1,5760.0,J2,0
1,5760.0,J3,0
1,5765.0,J1,1
1,5765.0,J2,0
1,5765.0,J3,0
1,5770.0,J1,1
1,5770.0,J2,0
1,5770.0,J3,0
1,5775.0,J1,0
1,5775.0,J2,1
1,5775.0,J3,0
1,5780.0,J1,0
1,5780.0,J2,0
1,5780.0,J3,0
1,5785.0,J1,0
1,5785.0,J2,0
1,5785.0,J3,0
1,5790.0,J1,0
1,5790.0,J2,0
1,5790.0,J3,1
1,5795.0,J1,0
1,5795.0,J2,0
1,5795.0,J3,0
1,5800.0,J1,1
1,5800.0,J2,0
1,5800.0,J3,0
1,5805.0,J1,0
1,5805.0,J2,0
1,5805.0,J3,0
1,5810.0,J1,1
1,5810.0,J2,1
1,5810.0,J3,0
1,5815.0,J1,0
1,5815.0,J2,1
1,5815.0,J3,0
1,5820.0,J1,0
1,5820.0,J2,0
1,5820.0,J3,1
1,5825.0,J1,0
1,5825.0,J2,0
1,5825.0,J3,0
1,5830.0,J1,0
1,5830.0,J2,0
1,5830.0,J3,0
1,5835.0,J1,0
1,5835.0,J2,0
1,5835.0,J3,0
1,5840.0,J1,0
1,5840.0,J2,0
1,5840.0,J3,0
1,5845.0,J1,0
1,5845.0,J2,0
1,5845.0,J3,0
1,5850.0,J1,1
1,5850.0,J2,0
1,5850.0,J3,0
1,5855.0,J1,0
1,5855.0,J2,0
1,5855.0,J3,1
1,5860.0,J1,0
1,5860.0,J2,0
1,5860.0,J3,0
1,5865.0,J1,0
1,5865.0,J2,0
1,5865.0,J3,0
1,5870.0,J1,0
1,5870.0,J2,0
1,5870.0,J3,0
1,5875.0,J1,0
1,5875.0,J2,0
1,5875.0,J3,0
1,5880.0,J1,0
1,5880.0,J2,0
1,5880.0,J3,0
1,5885.0,J1,1
1,5885.0,J2,0
1,5885.0,J3,1
1,5890.0,J1,0
1,5890.0,J2,0
1,5890.0,J3,1
1,5895.0,J1,1
1,5895.0,J2,0
1,5895.0,J3,0
1,5900.0,J1,0
1,5900.0,J2,0
1,5900.0,J3,1
1,5905.0,J1,0
1,5905.0,J2,0
1,5905.0,J3,0
1,5910.0,J1,0
1,5910.0,J2,0
1,5910.0,J3,0
1,5915.0,J1,0
1,5915.0,J2,0
1,5915.0,J3,0
1,5920.0,J1,1
1,5920.0,J2,0
1,5920.0,J3,0
1,5925.0,J1,0
1,5925.0,J2,0
1,5925.0,J3,0
1,5930.0,J1,0
1,5930.0,J2,0
1,5930.0,J3,0
1,5935.0,J1,0
1,5935.0,J2,0
1,5935.0,J3,1
1,5940.0,J1,0
1,5940.0,J2,0
1,5940.0,J3,0
1,5945.0,J1,1
1,5945.0,J2,0
1,5945.0,J3,0
1,5950.0,J1,0
1,5950.0,J2,0
1,5950.0,J3,0
1,5955.0,J1,0
1,5955.0,J2,1
1,5955.0,J3,0
1,5960.0,J1,0
1,5960.0,J2,0
1,5960.0,J3,0
1,5965.0,J1,0
1,5965.0,J2,0
1,5965.0,J3,0
1,5970.0,J1,0
1,5970.0,J2,0
1,5970.0,J3,1
1,5975.0,J1,0
1,5975.0,J2,0
1,5975.0,J3,1
1,5980.0,J1,0
1,5980.0,J2,0
1,5980.0,J3,0
1,5985.0,J1,1
1,5985.0,J2,0
1,5985.0,J3,0
1,5990.0,J1,1
1,5990.0,J2,1
1,5990.0,J3,0
1,5995.0,J1,0
1,5995.0,J2,1
1,5995.0,J3,0
1,6000.0,J1,0
1,6000.0,J2,0
1,6000.0,J3,1
1,6005.0,J1,1
1,6005.0,J2,0
1,6005.0,J3,1
1,6010.0,J1,1
1,6010.0,J2,0
1,6010.0,J3,1
1,6015.0,J1,0
1,6015.0,J2,0
1,6015.0,J3,1
1,6020.0,J1,0
1,6020.0,J2,0
1,6020.0,J3,0
1,6025.0,J1,0
1,6025.0,J2,0
1,6025.0,J3,1
1,6030.0,J1,1
1,6030.0,J2,0
1,6030.0,J3,0
1,6035.0,J1,0
1,6035.0,J2,1
1,6035.0,J3,0
1,6040.0,J1,0
1,6040.0,J2,1
1,6040.0,J3,0
1,6045.0,J1,0
1,6045.0,J2,0
1,6045.0,J3,1
1,6050.0,J1,0
1,6050.0,J2,0
1,6050.0,J3,1
1,6055.0,J1,0
1,6055.0,J2,0
1,6055.0,J3,0
1,6060.0,J1,0
1,6060.0,J2,0
1,6060.0,J3,0
1,6065.0,J1,1
1,6065.0,J2,0
1,6065.0,J3,0
1,6070.0,J1,0
1,6070.0,J2,0
1,6070.0,J3,0
1,6075.0,J1,0
1,6075.0,J2,0
1,6075.0,J3,0
1,6080.0,J1,0
1,6080.0,J2,0
1,6080.0,J3,1
1,6085.0,J1,1
1,6085.0,J2,1
1,6085.0,J3,0
1,6090.0,J1,0
1,6090.0,J2,0
1,6090.0,J3,0
1,6095.0,J1,1
1,6095.0,J2,0
1,6095.0,J3,0
1,6100.0,J1,0
1,6100.0,J2,0
1,6100.0,J3,0
1,6105.0,J1,0
1,6105.0,J2,0
1,6105.0,J3,0
1,6110.0,J1,0
1,6110.0,J2,0
1,6110.0,J3,0
1,6115.0,J1,0
1,6115.0,J2,0
1,6115.0,J3,0
1,6120.0,J1,0
1,6120.0,J2,0
1,6120.0,J3,1
1,6125.0,J1,1
1,6125.0,J2,0
1,6125.0,J3,0
1,6130.0,J1,0
1,6130.0,J2,0
1,6130.0,J3,0
1,6135.0,J1,0
1,6135.0,J2,1
1,6135.0,J3,1
1,6140.0,J1,0
1,6140.0,J2,0
1,6140.0,J3,0
1,6145.0,J1,0
1,6145.0,J2,0
1,6145.0,J3,0
1,6150.0,J1,1
1,6150.0,J2,0
1,6150.0,J3,1
1,6155.0,J1,0
1,6155.0,J2,0
1,6155.0,J3,1
1,6160.0,J1,1
1,6160.0,J2,0
1,6160.0,J3,0
1,6165.0,J1,0
1,6165.0,J2,0
1,6165.0,J3,0
1,6170.0,J1,0
1,6170.0,J2,0
1,6170.0,J3,0
1,6175.0,J1,0
1,6175.0,J2,0
1,6175.0,J3,0
1,6180.0,J1,1
1,6180.0,J2,0
1,6180.0,J3,0
1,6185.0,J1,0
1,6185.0,J2,0
1,6185.0,J3,0
1,6190.0,J1,0
1,6190.0,J2,0
1,6190.0,J3,0
1,6195.0,J1,0
1,6195.0,J2,0
1,6195.0,J3,0
1,6200.0,J1,0
1,6200.0,J2,0
1,6200.0,J3,0
1,6205.0,J1,0
1,6205.0,J2,0
1,6205.0,J3,0
1,6210.0,J1,1
1,6210.0,J2,0
1,6210.0,J3,0
1,6215.0,J1,0
1,6215.0,J2,0
1,6215.0,J3,0
1,6220.0,J1,0
1,6220.0,J2,0
1,6220.0,J3,0
1,6225.0,J1,0
1,6225.0,J2,0
1,6225.0,J3,0
1,6230.0,J1,1
1,6230.0,J2,0
1,6230.0,J3,0
1,6235.0,J1,1
1,6235.0,J2,0
1,6235.0,J3,0
1,6240.0,J1,1
1,6240.0,J2,0
1,6240.0,J3,0
1,6245.0,J1,0
1,6245.0,J2,0
1,6245.0,J3,0
1,6250.0,J1,0
1,6250.0,J2,1
1,6250.0,J3,0
1,6255.0,J1,0
1,6255.0,J2,1
1,6255.0,J3,0
1,6260.0,J1,1
1,6260.0,J2,0
1,6260.0,J3,0
1,6265.0,J1,1
1,6265.0,J2,0
1,6265.0,J3,0
1,6270.0,J1,0
1,6270.0,J2,0
1,6270.0,J3,1
1,6275.0,J1,0
1,6275.0,J2,0
1,6275.0,J3,0
1,6280.0,J1,0
1,6280.0,J2,0
1,6280.0,J3,0
1,6285.0,J1,1
1,6285.0,J2,0
1,6285.0,J3,0
1,6290.0,J1,0
1,6290.0,J2,0
1,6290.0,J3,0
1,6295.0,J1,1
1,6295.0,J2,0
1,6295.0,J3,0
1,6300.0,J1,0
1,6300.0,J2,0
1,6300.0,J3,0
1,6305.0,J1,0
1,6305.0,J2,0
1,6305.0,J3,0
1,6310.0,J1,1
1,6310.0,J2,0
1,6310.0,J3,0
1,6315.0,J1,0
1,6315.0,J2,0
1,6315.0,J3,1
1,6320.0,J1,1
1,6320.0,J2,1
1,6320.0,J3,0
1,6325.0,J1,0
1,6325.0,J2,0
1,6325.0,J3,0
1,6330.0,J1,0
1,6330.0,J2,1
1,6330.0,J3,0
1,6335.0,J1,0
1,6335.0,J2,0
1,6335.0,J3,0
1,6340.0,J1,0
1,6340.0,J2,0
1,6340.0,J3,1
1,6345.0,J1,0
1,6345.0,J2,0
1,6345.0,J3,0
1,6350.0,J1,1
1,6350.0,J2,0
1,6350.0,J3,0
1,6355.0,J1,0
1,6355.0,J2,0
1,6355.0,J3,0
1,6360.0,J1,1
1,6360.0,J2,0
1,6360.0,J3,0
1,6365.0,J1,0
1,6365.0,J2,0
1,6365.0,J3,0
1,6370.0,J1,0
1,6370.0,J2,0
1,6370.0,J3,0
1,6375.0,J1,0
1,6375.0,J2,0
1,6375.0,J3,0
1,6380.0,J1,0
1,6380.0,J2,0
1,6380.0,J3,1
1,6385.0,J1,0
1,6385.0,J2,1
1,6385.0,J3,0
1,6390.0,J1,0
1,6390.0,J2,1
1,6390.0,J3,0
1,6395.0,J1,0
1,6395.0,J2,1
1,6395.0,J3,0
1,6400.0,J1,1
1,6400.0,J2,1
1,6400.0,J3,1
1,6405.0,J1,1
1,6405.0,J2,0
1,6405.0,J3,0
1,6410.0,J1,1
1,6410.0,J2,0
1,6410.0,J3,0
1,6415.0,J1,1
1,6415.0,J2,0
1,6415.0,J3,0
1,6420.0,J1,0
1,6420.0,J2,1
1,6420.0,J3,0
1,6425.0,J1,0
1,6425.0,J2,1
1,6425.0,J3,0
1,6430.0,J1,0
1,6430.0,J2,1
1,6430.0,J3,0
1,6435.0,J1,0
1,6435.0,J2,0
1,6435.0,J3,1
1,6440.0,J1,0
1,6440.0,J2,0
1,6440.0,J3,0
1,6445.0,J1,1
1,6445.0,J2,0
1,6445.0,J3,0
1,6450.0,J1,1
1,6450.0,J2,0
1,6450.0,J3,1
1,6455.0,J1,1
1,6455.0,J2,0
1,6455.0,J3,0
1,6460.0,J1,0
1,6460.0,J2,0
1,6460.0,J3,0
1,6465.0,J1,0
1,6465.0,J2,0
1,6465.0,J3,0
1,6470.0,J1,0
1,6470.0,J2,1
1,6470.0,J3,0
1,6475.0,J1,1
1,6475.0,J2,0
1,6475.0,J3,0
1,6480.0,J1,0
1,6480.0,J2,0
1,6480.0,J3,0
1,6485.0,J1,0
1,6485.0,J2,0
1,6485.0,J3,0
1,6490.0,J1,0
1,6490.0,J2,0
1,6490.0,J3,0
1,6495.0,J1,0
1,6495.0,J2,0
1,6495.0,J3,0
1,6500.0,J1,0
1,6500.0,J2,0
1,6500.0,J3,0
1,6505.0,J1,1
1,6505.0,J2,0
1,6505.0,J3,0
1,6510.0,J1,0
1,6510.0,J2,0
1,6510.0,J3,0
1,6515.0,J1,1
1,6515.0,J2,0
1,6515.0,J3,0
1,6520.0,J1,0
1,6520.0,J2,0
1,6520.0,J3,1
1,6525.0,J1,0
1,6525.0,J2,0
1,6525.0,J3,0
1,6530.0,J1,1
1,6530.0,J2,0
1,6530.0,J3,0
1,6535.0,J1,0
1,6535.0,J2,0
1,6535.0,J3,0
1,6540.0,J1,0
1,6540.0,J2,1
1,6540.0,J3,0
1,6545.0,J1,0
1,6545.0,J2,0
1,6545.0,J3,0
1,6550.0,J1,0
1,6550.0,J2,0
1,6550.0,J3,0
1,6555.0,J1,0
1,6555.0,J2,0
1,6555.0,J3,0
1,6560.0,J1,0
1,6560.0,J2,0
1,6560.0,J3,0
1,6565.0,J1,1
1,6565.0,J2,0
1,6565.0,J3,0
1,6570.0,J1,0
1,6570.0,J2,0
1,6570.0,J3,1
1,6575.0,J1,1
1,6575.0,J2,1
1,6575.0,J3,0
1,6580.0,J1,0
1,6580.0,J2,1
1,6580.0,J3,0
1,6585.0,J1,0
1,6585.0,J2,1
1,6585.0,J3,0
1,6590.0,J1,0
1,6590.0,J2,0
1,6590.0,J3,0
1,6595.0,J1,0
1,6595.0,J2,0
1,6595.0,J3,0
1,6600.0,J1,0
1,6600.0,J2,1
1,6600.0,J3,0
1,6605.0,J1,1
1,6605.0,J2,0
1,6605.0,J3,0
1,6610.0,J1,0
1,6610.0,J2,0
1,6610.0,J3,0
1,6615.0,J1,0
1,6615.0,J2,1
1,6615.0,J3,0
1,6620.0,J1,0
1,6620.0,J2,0
1,6620.0,J3,0
1,6625.0,J1,0
1,6625.0,J2,1
1,6625.0,J3,0
1,6630.0,J1,1
1,6630.0,J2,1
1,6630.0,J3,1
1,6635.0,J1,0
1,6635.0,J2,0
1,6635.0,J3,1
1,6640.0,J1,0
1,6640.0,J2,0
1,6640.0,J3,0
1,6645.0,J1,0
1,6645.0,J2,0
1,6645.0,J3,0
1,6650.0,J1,0
1,6650.0,J2,0
1,6650.0,J3,0
1,6655.0,J1,0
1,6655.0,J2,0
1,6655.0,J3,0
1,6660.0,J1,1
1,6660.0,J2,0
1,6660.0,J3,0
1,6665.0,J1,0
1,6665.0,J2,0
1,6665.0,J3,0
1,6670.0,J1,1
1,6670.0,J2,0
1,6670.0,J3,0
1,6675.0,J1,0
1,6675.0,J2,0
1,6675.0,J3,1
1,6680.0,J1,0
1,6680.0,J2,1
1,6680.0,J3,1
1,6685.0,J1,0
1,6685.0,J2,0
1,6685.0,J3,0
1,6690.0,J1,0
1,6690.0,J2,1
1,6690.0,J3,0
1,6695.0,J1,0
1,6695.0,J2,0
1,6695.0,J3,1
1,6700.0,J1,1
1,6700.0,J2,0
1,6700.0,J3,0
1,6705.0,J1,0
1,6705.0,J2,0
1,6705.0,J3,1
1,6710.0,J1,0
1,6710.0,J2,0
1,6710.0,J3,1
1,6715.0,J1,0
1,6715.0,J2,0
1,6715.0,J3,0
1,6720.0,J1,0
1,6720.0,J2,0
1,6720.0,J3,0
1,6725.0,J1,1
1,6725.0,J2,1
1,6725.0,J3,0
1,6730.0,J1,0
1,6730.0,J2,0
1,6730.0,J3,0
1,6735.0,J1,0
1,6735.0,J2,0
1,6735.0,J3,0
1,6740.0,J1,0
1,6740.0,J2,0
1,6740.0,J3,1
1,6745.0,J1,1
1,6745.0,J2,0
1,6745.0,J3,0
1,6750.0,J1,0
1,6750.0,J2,0
1,6750.0,J3,0
1,6755.0,J1,0
1,6755.0,J2,0
1,6755.0,J3,0
1,6760.0,J1,0
1,6760.0,J2,1
1,6760.0,J3,0
1,6765.0,J1,0
1,6765.0,J2,1
1,6765.0,J3,0
1,6770.0,J1,0
1,6770.0,J2,1
1,6770.0,J3,0
1,6775.0,J1,0
1,6775.0,J2,0
1,6775.0,J3,1
1,6780.0,J1,0
1,6780.0,J2,0
1,6780.0,J3,0
1,6785.0,J1,0
1,6785.0,J2,0
1,6785.0,J3,0
1,6790.0,J1,0
1,6790.0,J2,0
1,6790.0,J3,0
1,6795.0,J1,1
1,6795.0,J2,0
1,6795.0,J3,0
1,6800.0,J1,0
1,6800.0,J2,0
1,6800.0,J3,0
1,6805.0,J1,1
1,6805.0,J2,0
1,6805.0,J3,0
1,6810.0,J1,0
1,6810.0,J2,1
1,6810.0,J3,1
1,6815.0,J1,0
1,6815.0,J2,0
1,6815.0,J3,0
1,6820.0,J1,0
1,6820.0,J2,0
1,6820.0,J3,1
1,6825.0,J1,1
1,6825.0,J2,0
1,6825.0,J3,0
1,6830.0,J1,0
1,6830.0,J2,0
1,6830.0,J3,0
1,6835.0,J1,0
1,6835.0,J2,0
1,6835.0,J3,0
1,6840.0,J1,0
1,6840.0,J2,0
1,6840.0,J3,0
1,6845.0,J1,0
1,6845.0,J2,0
1,6845.0,J3,0
1,6850.0,J1,0
1,6850.0,J2,0
1,6850.0,J3,0
1,6855.0,J1,1
1,6855.0,J2,0
1,6855.0,J3,0
1,6860.0,J1,0
1,6860.0,J2,0
1,6860.0,J3,0
1,6865.0,J1,1
1,6865.0,J2,0
1,6865.0,J3,0
1,6870.0,J1,0
1,6870.0,J2,0
1,6870.0,J3,0
1,6875.0,J1,0
1,6875.0,J2,0
1,6875.0,J3,1
1,6880.0,J1,1
1,6880.0,J2,0
1,6880.0,J3,0
1,6885.0,J1,0
1,6885.0,J2,1
1,6885.0,J3,0
1,6890.0,J1,0
1,6890.0,J2,0
1,6890.0,J3,0
1,6895.0,J1,0
1,6895.0,J2,0
1,6895.0,J3,0
1,6900.0,J1,1
1,6900.0,J2,0
1,6900.0,J3,0
1,6905.0,J1,0
1,6905.0,J2,0
1,6905.0,J3,0
1,6910.0,J1,0
1,6910.0,J2,0
1,6910.0,J3,0
1,6915.0,J1,0
1,6915.0,J2,0
1,6915.0,J3,0
1,6920.0,J1,0
1,6920.0,J2,0
1,6920.0,J3,0
1,6925.0,J1,1
1,6925.0,J2,0
1,6925.0,J3,0
1,6930.0,J1,0
1,6930.0,J2,0
1,6930.0,J3,0
1,6935.0,J1,1
1,6935.0,J2,0
1,6935.0,J3,0
1,6940.0,J1,0
1,6940.0,J2,0
1,6940.0,J3,0
1,6945.0,J1,0
1,6945.0,J2,0
1,6945.0,J3,0
1,6950.0,J1,1
1,6950.0,J2,0
1,6950.0,J3,0
1,6955.0,J1,0
1,6955.0,J2,0
1,6955.0,J3,0
1,6960.0,J1,0
1,6960.0,J2,0
1,6960.0,J3,0
1,6965.0,J1,0
1,6965.0,J2,0
1,6965.0,J3,0
1,6970.0,J1,0
1,6970.0,J2,0
1,6970.0,J3,0
1,6975.0,J1,1
1,6975.0,J2,0
1,6975.0,J3,0
1,6980.0,J1,0
1,6980.0,J2,0
1,6980.0,J3,0
1,6985.0,J1,0
1,6985.0,J2,0
1,6985.0,J3,1
1,6990.0,J1,0
1,6990.0,J2,1
1,6990.0,J3,0
1,6995.0,J1,1
1,6995.0,J2,0
1,6995.0,J3,0
1,7000.0,J1,0
1,7000.0,J2,0
1,7000.0,J3,0
1,7005.0,J1,0
1,7005.0,J2,0
1,7005.0,J3,0
1,7010.0,J1,0
1,7010.0,J2,0
1,7010.0,J3,0
1,7015.0,J1,0
1,7015.0,J2,0
1,7015.0,J3,0
1,7020.0,J1,1
1,7020.0,J2,0
1,7020.0,J3,0
1,7025.0,J1,0
1,7025.0,J2,0
1,7025.0,J3,0
1,7030.0,J1,0
1,7030.0,J2,0
1,7030.0,J3,1
1,7035.0,J1,0
1,7035.0,J2,0
1,7035.0,J3,0
1,7040.0,J1,0
1,7040.0,J2,0
1,7040.0,J3,0
1,7045.0,J1,1
1,7045.0,J2,0
1,7045.0,J3,0
1,7050.0,J1,0
1,7050.0,J2,1
1,7050.0,J3,0
1,7055.0,J1,0
1,7055.0,J2,0
1,7055.0,J3,0
1,7060.0,J1,0
1,7060.0,J2,0
1,7060.0,J3,0
1,7065.0,J1,0
1,7065.0,J2,0
1,7065.0,J3,1
1,7070.0,J1,0
1,7070.0,J2,0
1,7070.0,J3,1
1,7075.0,J1,0
1,7075.0,J2,0
1,7075.0,J3,0
1,7080.0,J1,1
1,7080.0,J2,0
1,7080.0,J3,1
1,7085.0,J1,0
1,7085.0,J2,1
1,7085.0,J3,0
1,7090.0,J1,1
1,7090.0,J2,0
1,7090.0,J3,0
1,7095.0,J1,0
1,7095.0,J2,0
1,7095.0,J3,0
1,7100.0,J1,0
1,7100.0,J2,0
1,7100.0,J3,0
1,7105.0,J1,0
1,7105.0,J2,0
1,7105.0,J3,0
1,7110.0,J1,0
1,7110.0,J2,0
1,7110.0,J3,0
1,7115.0,J1,0
1,7115.0,J2,0
1,7115.0,J3,0
1,7120.0,J1,1
1,7120.0,J2,1
1,7120.0,J3,0
1,7125.0,J1,0
1,7125.0,J2,0
1,7125.0,J3,0
1,7130.0,J1,0
1,7130.0,J2,1
1,7130.0,J3,0
1,7135.0,J1,0
1,7135.0,J2,0
1,7135.0,J3,0
1,7140.0,J1,0
1,7140.0,J2,0
1,7140.0,J3,1
1,7145.0,J1,0
1,7145.0,J2,0
1,7145.0,J3,0
1,7150.0,J1,0
1,7150.0,J2,0
1,7150.0,J3,0
1,7155.0,J1,1
1,7155.0,J2,1
1,7155.0,J3,0
1,7160.0,J1,0
1,7160.0,J2,1
1,7160.0,J3,0
1,7165.0,J1,1
1,7165.0,J2,1
1,7165.0,J3,0
1,7170.0,J1,0
1,7170.0,J2,1
1,7170.0,J3,0
1,7175.0,J1,0
1,7175.0,J2,0
1,7175.0,J3,0
1,7180.0,J1,1
1,7180.0,J2,0
1,7180.0,J3,1
1,7185.0,J1,0
1,7185.0,J2,0
1,7185.0,J3,0
1,7190.0,J1,0
1,7190.0,J2,0
1,7190.0,J3,0
1,7195.0,J1,0
1,7195.0,J2,0
1,7195.0,J3,0
1,7200.0,J1,0
1,7200.0,J2,1
1,7200.0,J3,0
1,7205.0,J1,1
1,7205.0,J2,0
1,7205.0,J3,0
1,7210.0,J1,0
1,7210.0,J2,0
1,7210.0,J3,0
1,7215.0,J1,0
1,7215.0,J2,0
1,7215.0,J3,1
1,7220.0,J1,0
1,7220.0,J2,0
1,7220.0,J3,0
1,7225.0,J1,0
1,7225.0,J2,0
1,7225.0,J3,0
1,7230.0,J1,0
1,7230.0,J2,0
1,7230.0,J3,0
1,7235.0,J1,1
1,7235.0,J2,0
1,7235.0,J3,0
1,7240.0,J1,0
1,7240.0,J2,0
1,7240.0,J3,0
1,7245.0,J1,0
1,7245.0,J2,1
1,7245.0,J3,0
1,7250.0,J1,0
1,7250.0,J2,0
1,7250.0,J3,1
1,7255.0,J1,0
1,7255.0,J2,0
1,7255.0,J3,1
1,7260.0,J1,1
1,7260.0,J2,0
1,7260.0,J3,0
1,7265.0,J1,0
1,7265.0,J2,0
1,7265.0,J3,0
1,7270.0,J1,0
1,7270.0,J2,0
1,7270.0,J3,0
1,7275.0,J1,0
1,7275.0,J2,0
1,7275.0,J3,1
1,7280.0,J1,1
1,7280.0,J2,0
1,7280.0,J3,1
1,7285.0,J1,0
1,7285.0,J2,0
1,7285.0,J3,1
1,7290.0,J1,0
1,7290.0,J2,1
1,7290.0,J3,0
1,7295.0,J1,0
1,7295.0,J2,0
1,7295.0,J3,0
1,7300.0,J1,0
1,7300.0,J2,0
1,7300.0,J3,0
1,7305.0,J1,0
1,7305.0,J2,0
1,7305.0,J3,0
1,7310.0,J1,1
1,7310.0,J2,0
1,7310.0,J3,0
1,7315.0,J1,0
1,7315.0,J2,0
1,7315.0,J3,0
1,7320.0,J1,0
1,7320.0,J2,0
1,7320.0,J3,0
1,7325.0,J1,0
1,7325.0,J2,0
1,7325.0,J3,0
1,7330.0,J1,0
1,7330.0,J2,0
1,7330.0,J3,0
1,7335.0,J1,1
1,7335.0,J2,0
1,7335.0,J3,0
1,7340.0,J1,0
1,7340.0,J2,1
1,7340.0,J3,0
1,7345.0,J1,0
1,7345.0,J2,0
1,7345.0,J3,0
1,7350.0,J1,0
1,7350.0,J2,0
1,7350.0,J3,0
1,7355.0,J1,0
1,7355.0,J2,0
1,7355.0,J3,0
1,7360.0,J1,1
1,7360.0,J2,0
1,7360.0,J3,0
1,7365.0,J1,0
1,7365.0,J2,0
1,7365.0,J3,0
1,7370.0,J1,1
1,7370.0,J2,0
1,7370.0,J3,0
1,7375.0,J1,0
1,7375.0,J2,0
1,7375.0,J3,0
1,7380.0,J1,0
1,7380.0,J2,1
1,7380.0,J3,0
1,7385.0,J1,0
1,7385.0,J2,0
1,7385.0,J3,0
1,7390.0,J1,1
1,7390.0,J2,0
1,7390.0,J3,0
1,7395.0,J1,0
1,7395.0,J2,0
1,7395.0,J3,0
1,7400.0,J1,0
1,7400.0,J2,0
1,7400.0,J3,0
1,7405.0,J1,0
1,7405.0,J2,0
1,7405.0,J3,0
1,7410.0,J1,0
1,7410.0,J2,0
1,7410.0,J3,0
1,7415.0,J1,1
1,7415.0,J2,0
1,7415.0,J3,0
1,7420.0,J1,0
1,7420.0,J2,0
1,7420.0,J3,0
1,7425.0,J1,1
1,7425.0,J2,0
1,7425.0,J3,0
1,7430.0,J1,0
1,7430.0,J2,1
1,7430.0,J3,0
1,7435.0,J1,0
1,7435.0,J2,0
1,7435.0,J3,0
1,7440.0,J1,0
1,7440.0,J2,0
1,7440.0,J3,0
1,7445.0,J1,0
1,7445.0,J2,0
1,7445.0,J3,0
1,7450.0,J1,0
1,7450.0,J2,0
1,7450.0,J3,0
1,7455.0,J1,1
1,7455.0,J2,0
1,7455.0,J3,0
1,7460.0,J1,0
1,7460.0,J2,1
1,7460.0,J3,0
1,7465.0,J1,0
1,7465.0,J2,1
1,7465.0,J3,0
1,7470.0,J1,0
1,7470.0,J2,1
1,7470.0,J3,0
1,7475.0,J1,1
1,7475.0,J2,0
1,7475.0,J3,0
1,7480.0,J1,0
1,7480.0,J2,0
1,7480.0,J3,0
1,7485.0,J1,0
1,7485.0,J2,0
1,7485.0,J3,0
1,7490.0,J1,0
1,7490.0,J2,0
1,7490.0,J3,1
1,7495.0,J1,0
1,7495.0,J2,0
1,7495.0,J3,0
1,7500.0,J1,0
1,7500.0,J2,1
1,7500.0,J3,0
1,7505.0,J1,1
1,7505.0,J2,0
1,7505.0,J3,0
1,7510.0,J1,0
1,7510.0,J2,0
1,7510.0,J3,0
1,7515.0,J1,0
1,7515.0,J2,0
1,7515.0,J3,0
1,7520.0,J1,0
1,7520.0,J2,0
1,7520.0,J3,0
1,7525.0,J1,0
1,7525.0,J2,0
1,7525.0,J3,0
1,7530.0,J1,0
1,7530.0,J2,0
1,7530.0,J3,0
1,7535.0,J1,1
1,7535.0,J2,0
1,7535.0,J3,0
1,7540.0,J1,0
1,7540.0,J2,0
1,7540.0,J3,0
1,7545.0,J1,1
1,7545.0,J2,1
1,7545.0,J3,0
1,7550.0,J1,0
1,7550.0,J2,0
1,7550.0,J3,0
1,7555.0,J1,0
1,7555.0,J2,0
1,7555.0,J3,0
1,7560.0,J1,0
1,7560.0,J2,0
1,7560.0,J3,0
1,7565.0,J1,1
1,7565.0,J2,0
1,7565.0,J3,0
1,7570.0,J1,0
1,7570.0,J2,0
1,7570.0,J3,0
1,7575.0,J1,1
1,7575.0,J2,0
1,7575.0,J3,0
1,7580.0,J1,1
1,7580.0,J2,0
1,7580.0,J3,1
1,7585.0,J1,0
1,7585.0,J2,0
1,7585.0,J3,0
1,7590.0,J1,0
1,7590.0,J2,0
1,7590.0,J3,1
1,7595.0,J1,0
1,7595.0,J2,0
1,7595.0,J3,0
1,7600.0,J1,0
1,7600.0,J2,0
1,7600.0,J3,0
1,7605.0,J1,0
1,7605.0,J2,0
1,7605.0,J3,0
1,7610.0,J1,1
1,7610.0,J2,0
1,7610.0,J3,1
1,7615.0,J1,0
1,7615.0,J2,1
1,7615.0,J3,1
1,7620.0,J1,0
1,7620.0,J2,0
1,7620.0,J3,0
1,7625.0,J1,0
1,7625.0,J2,0
1,7625.0,J3,0
1,7630.0,J1,0
1,7630.0,J2,0
1,7630.0,J3,0
1,7635.0,J1,0
1,7635.0,J2,0
1,7635.0,J3,0
1,7640.0,J1,1
1,7640.0,J2,0
1,7640.0,J3,0
1,7645.0,J1,0
1,7645.0,J2,0
1,7645.0,J3,0
1,7650.0,J1,0
1,7650.0,J2,0
1,7650.0,J3,0
1,7655.0,J1,0
1,7655.0,J2,0
1,7655.0,J3,0
1,7660.0,J1,1
1,7660.0,J2,0
1,7660.0,J3,1
1,7665.0,J1,0
1,7665.0,J2,0
1,7665.0,J3,0
1,7670.0,J1,0
1,7670.0,J2,0
1,7670.0,J3,0
1,7675.0,J1,0
1,7675.0,J2,0
1,7675.0,J3,1
1,7680.0,J1,0
1,7680.0,J2,0
1,7680.0,J3,0
1,7685.0,J1,1
1,7685.0,J2,0
1,7685.0,J3,0
1,7690.0,J1,0
1,7690.0,J2,0
1,7690.0,J3,0
1,7695.0,J1,0
1,7695.0,J2,0
1,7695.0,J3,0
1,7700.0,J1,0
1,7700.0,J2,0
1,7700.0,J3,0
1,7705.0,J1,0
1,7705.0,J2,0
1,7705.0,J3,0
1,7710.0,J1,1
1,7710.0,J2,0
1,7710.0,J3,0
1,7715.0,J1,0
1,7715.0,J2,0
1,7715.0,J3,0
1,7720.0,J1,1
1,7720.0,J2,0
1,7720.0,J3,0
1,7725.0,J1,0
1,7725.0,J2,0
1,7725.0,J3,0
1,7730.0,J1,0
1,7730.0,J2,0
1,7730.0,J3,0
1,7735.0,J1,0
1,7735.0,J2,0
1,7735.0,J3,0
1,7740.0,J1,0
1,7740.0,J2,0
1,7740.0,J3,0
1,7745.0,J1,1
1,7745.0,J2,0
1,7745.0,J3,1
1,7750.0,J1,0
1,7750.0,J2,1
1,7750.0,J3,0
1,7755.0,J1,0
1,7755.0,J2,0
1,7755.0,J3,0
1,7760.0,J1,0
1,7760.0,J2,0
1,7760.0,J3,1
1,7765.0,J1,1
1,7765.0,J2,0
1,7765.0,J3,0
1,7770.0,J1,0
1,7770.0,J2,0
1,7770.0,J3,0
1,7775.0,J1,0
1,7775.0,J2,0
1,7775.0,J3,0
1,7780.0,J1,0
1,7780.0,J2,0
1,7780.0,J3,0
1,7785.0,J1,0
1,7785.0,J2,1
1,7785.0,J3,0
1,7790.0,J1,1
1,7790.0,J2,0
1,7790.0,J3,0
1,7795.0,J1,0
1,7795.0,J2,0
1,7795.0,J3,0
1,7800.0,J1,0
1,7800.0,J2,0
1,7800.0,J3,0
1,7805.0,J1,0
1,7805.0,J2,0
1,7805.0,J3,0
1,7810.0,J1,0
1,7810.0,J2,0
1,7810.0,J3,0
1,7815.0,J1,0
1,7815.0,J2,0
1,7815.0,J3,0
1,7820.0,J1,1
1,7820.0,J2,0
1,7820.0,J3,0
1,7825.0,J1,0
1,7825.0,J2,0
1,7825.0,J3,0
1,7830.0,J1,1
1,7830.0,J2,0
1,7830.0,J3,0
1,7835.0,J1,0
1,7835.0,J2,0
1,7835.0,J3,0
1,7840.0,J1,0
1,7840.0,J2,0
1,7840.0,J3,1
1,7845.0,J1,0
1,7845.0,J2,0
1,7845.0,J3,1
1,7850.0,J1,0
1,7850.0,J2,0
1,7850.0,J3,0
1,7855.0,J1,0
1,7855.0,J2,0
1,7855.0,J3,0
1,7860.0,J1,0
1,7860.0,J2,0
1,7860.0,J3,0
1,7865.0,J1,1
1,7865.0,J2,0
1,7865.0,J3,0
1,7870.0,J1,0
1,7870.0,J2,0
1,7870.0,J3,0
1,7875.0,J1,0
1,7875.0,J2,0
1,7875.0,J3,0
1,7880.0,J1,0
1,7880.0,J2,0
1,7880.0,J3,0
1,7885.0,J1,0
1,7885.0,J2,0
1,7885.0,J3,0
1,7890.0,J1,0
1,7890.0,J2,0
1,7890.0,J3,0
1,7895.0,J1,1
1,7895.0,J2,0
1,7895.0,J3,0
1,7900.0,J1,0
1,7900.0,J2,0
1,7900.0,J3,0
1,7905.0,J1,1
1,7905.0,J2,1
1,7905.0,J3,0
1,7910.0,J1,0
1,7910.0,J2,0
1,7910.0,J3,0
1,7915.0,J1,0
1,7915.0,J2,0
1,7915.0,J3,0
1,7920.0,J1,0
1,7920.0,J2,0
1,7920.0,J3,1
1,7925.0,J1,1
1,7925.0,J2,0
1,7925.0,J3,1
1,7930.0,J1,0
1,7930.0,J2,0
1,7930.0,J3,1
1,7935.0,J1,0
1,7935.0,J2,0
1,7935.0,J3,0
1,7940.0,J1,0
1,7940.0,J2,1
1,7940.0,J3,0
1,7945.0,J1,0
1,7945.0,J2,0
1,7945.0,J3,0
1,7950.0,J1,0
1,7950.0,J2,0
1,7950.0,J3,0
1,7955.0,J1,1
1,7955.0,J2,0
1,7955.0,J3,0
1,7960.0,J1,0
1,7960.0,J2,0
1,7960.0,J3,0
1,7965.0,J1,0
1,7965.0,J2,0
1,7965.0,J3,0
1,7970.0,J1,0
1,7970.0,J2,0
1,7970.0,J3,0
1,7975.0,J1,0
1,7975.0,J2,0
1,7975.0,J3,0
1,7980.0,J1,0
1,7980.0,J2,0
1,7980.0,J3,1
1,7985.0,J1,0
1,7985.0,J2,0
1,7985.0,J3,1
1,7990.0,J1,1
1,7990.0,J2,0
1,7990.0,J3,0
1,7995.0,J1,0
1,7995.0,J2,0
1,7995.0,J3,0
1,8000.0,J1,0
1,8000.0,J2,0
1,8000.0,J3,0
1,8005.0,J1,0
1,8005.0,J2,1
1,8005.0,J3,1
1,8010.0,J1,0
1,8010.0,J2,0
1,8010.0,J3,1
1,8015.0,J1,0
1,8015.0,J2,1
1,8015.0,J3,0
1,8020.0,J1,0
1,8020.0,J2,0
1,8020.0,J3,0
1,8025.0,J1,0
1,8025.0,J2,0
1,8025.0,J3,0
1,8030.0,J1,0
1,8030.0,J2,0
1,8030.0,J3,0
1,8035.0,J1,1
1,8035.0,J2,0
1,8035.0,J3,0
1,8040.0,J1,0
1,8040.0,J2,0
1,8040.0,J3,0
1,8045.0,J1,0
1,8045.0,J2,0
1,8045.0,J3,0
1,8050.0,J1,0
1,8050.0,J2,0
1,8050.0,J3,0
1,8055.0,J1,0
1,8055.0,J2,1
1,8055.0,J3,1
1,8060.0,J1,0
1,8060.0,J2,0
1,8060.0,J3,1
1,8065.0,J1,0
1,8065.0,J2,0
1,8065.0,J3,1
1,8070.0,J1,0
1,8070.0,J2,0
1,8070.0,J3,0
1,8075.0,J1,1
1,8075.0,J2,0
1,8075.0,J3,1
1,8080.0,J1,0
1,8080.0,J2,0
1,8080.0,J3,0
1,8085.0,J1,0
1,8085.0,J2,1
1,8085.0,J3,0
1,8090.0,J1,0
1,8090.0,J2,1
1,8090.0,J3,0
1,8095.0,J1,0
1,8095.0,J2,1
1,8095.0,J3,0
1,8100.0,J1,1
1,8100.0,J2,1
1,8100.0,J3,0
1,8105.0,J1,0
1,8105.0,J2,0
1,8105.0,J3,1
1,8110.0,J1,1
1,8110.0,J2,0
1,8110.0,J3,0
1,8115.0,J1,0
1,8115.0,J2,0
1,8115.0,J3,0
1,8120.0,J1,0
1,8120.0,J2,0
1,8120.0,J3,0
1,8125.0,J1,1
1,8125.0,J2,0
1,8125.0,J3,1
1,8130.0,J1,0
1,8130.0,J2,1
1,8130.0,J3,0
1,8135.0,J1,1
1,8135.0,J2,0
1,8135.0,J3,1
1,8140.0,J1,0
1,8140.0,J2,0
1,8140.0,J3,0
1,8145.0,J1,0
1,8145.0,J2,0
1,8145.0,J3,0
1,8150.0,J1,0
1,8150.0,J2,0
1,8150.0,J3,0
1,8155.0,J1,1
1,8155.0,J2,0
1,8155.0,J3,0
1,8160.0,J1,0
1,8160.0,J2,0
1,8160.0,J3,0
1,8165.0,J1,0
1,8165.0,J2,1
1,8165.0,J3,0
1,8170.0,J1,0
1,8170.0,J2,0
1,8170.0,J3,0
1,8175.0,J1,1
1,8175.0,J2,0
1,8175.0,J3,1
1,8180.0,J1,0
1,8180.0,J2,0
1,8180.0,J3,1
1,8185.0,J1,0
1,8185.0,J2,0
1,8185.0,J3,0
1,8190.0,J1,0
1,8190.0,J2,0
1,8190.0,J3,1
1,8195.0,J1,0
1,8195.0,J2,0
1,8195.0,J3,0
1,8200.0,J1,0
1,8200.0,J2,0
1,8200.0,J3,0
1,8205.0,J1,1
1,8205.0,J2,0
1,8205.0,J3,0
1,8210.0,J1,0
1,8210.0,J2,0
1,8210.0,J3,0
1,8215.0,J1,0
1,8215.0,J2,0
1,8215.0,J3,1
1,8220.0,J1,1
1,8220.0,J2,0
1,8220.0,J3,1
1,8225.0,J1,0
1,8225.0,J2,0
1,8225.0,J3,1
1,8230.0,J1,1
1,8230.0,J2,1
1,8230.0,J3,1
1,8235.0,J1,0
1,8235.0,J2,0
1,8235.0,J3,0
1,8240.0,J1,0
1,8240.0,J2,1
1,8240.0,J3,0
1,8245.0,J1,0
1,8245.0,J2,0
1,8245.0,J3,0
1,8250.0,J1,0
1,8250.0,J2,0
1,8250.0,J3,0
1,8255.0,J1,0
1,8255.0,J2,0
1,8255.0,J3,1
1,8260.0,J1,0
1,8260.0,J2,1
1,8260.0,J3,0
1,8265.0,J1,0
1,8265.0,J2,1
1,8265.0,J3,0
1,8270.0,J1,1
1,8270.0,J2,1
1,8270.0,J3,0
1,8275.0,J1,0
1,8275.0,J2,1
1,8275.0,J3,1
1,8280.0,J1,0
1,8280.0,J2,0
1,8280.0,J3,0
1,8285.0,J1,0
1,8285.0,J2,0
1,8285.0,J3,0
1,8290.0,J1,1
1,8290.0,J2,0
1,8290.0,J3,0
1,8295.0,J1,0
1,8295.0,J2,1
1,8295.0,J3,0
1,8300.0,J1,0
1,8300.0,J2,0
1,8300.0,J3,0
1,8305.0,J1,0
1,8305.0,J2,0
1,8305.0,J3,0
1,8310.0,J1,1
1,8310.0,J2,0
1,8310.0,J3,0
1,8315.0,J1,0
1,8315.0,J2,0
1,8315.0,J3,1
1,8320.0,J1,1
1,8320.0,J2,0
1,8320.0,J3,0
1,8325.0,J1,0
1,8325.0,J2,0
1,8325.0,J3,0
1,8330.0,J1,0
1,8330.0,J2,1
1,8330.0,J3,0
1,8335.0,J1,0
1,8335.0,J2,0
1,8335.0,J3,0
1,8340.0,J1,0
1,8340.0,J2,1
1,8340.0,J3,0
1,8345.0,J1,1
1,8345.0,J2,0
1,8345.0,J3,0
1,8350.0,J1,1
1,8350.0,J2,0
1,8350.0,J3,0
1,8355.0,J1,0
1,8355.0,J2,0
1,8355.0,J3,0
1,8360.0,J1,0
1,8360.0,J2,0
1,8360.0,J3,0
1,8365.0,J1,0
1,8365.0,J2,1
1,8365.0,J3,0
1,8370.0,J1,1
1,8370.0,J2,0
1,8370.0,J3,0
1,8375.0,J1,0
1,8375.0,J2,0
1,8375.0,J3,0
1,8380.0,J1,0
1,8380.0,J2,0
1,8380.0,J3,1
1,8385.0,J1,1
1,8385.0,J2,0
1,8385.0,J3,0
1,8390.0,J1,0
1,8390.0,J2,0
1,8390.0,J3,1
1,8395.0,J1,0
1,8395.0,J2,0
1,8395.0,J3,0
1,8400.0,J1,1
1,8400.0,J2,0
1,8400.0,J3,0
1,8405.0,J1,0
1,8405.0,J2,0
1,8405.0,J3,1
1,8410.0,J1,0
1,8410.0,J2,0
1,8410.0,J3,0
1,8415.0,J1,0
1,8415.0,J2,1
1,8415.0,J3,0
1,8420.0,J1,0
1,8420.0,J2,1
1,8420.0,J3,0
1,8425.0,J1,1
1,8425.0,J2,0
1,8425.0,J3,0
1,8430.0,J1,0
1,8430.0,J2,1
1,8430.0,J3,0
1,8435.0,J1,1
1,8435.0,J2,0
1,8435.0,J3,0
1,8440.0,J1,0
1,8440.0,J2,0
1,8440.0,J3,0
1,8445.0,J1,0
1,8445.0,J2,0
1,8445.0,J3,0
1,8450.0,J1,0
1,8450.0,J2,0
1,8450.0,J3,1
1,8455.0,J1,1
1,8455.0,J2,0
1,8455.0,J3,0
1,8460.0,J1,0
1,8460.0,J2,0
1,8460.0,J3,0
1,8465.0,J1,0
1,8465.0,J2,0
1,8465.0,J3,0
1,8470.0,J1,0
1,8470.0,J2,0
1,8470.0,J3,0
1,8475.0,J1,0
1,8475.0,J2,0
1,8475.0,J3,0
1,8480.0,J1,1
1,8480.0,J2,0
1,8480.0,J3,1
1,8485.0,J1,0
1,8485.0,J2,1
1,8485.0,J3,1
1,8490.0,J1,0
1,8490.0,J2,0
1,8490.0,J3,1
1,8495.0,J1,0
1,8495.0,J2,1
1,8495.0,J3,0
1,8500.0,J1,1
1,8500.0,J2,0
1,8500.0,J3,0
1,8505.0,J1,0
1,8505.0,J2,0
1,8505.0,J3,0
1,8510.0,J1,1
1,8510.0,J2,0
1,8510.0,J3,0
1,8515.0,J1,0
1,8515.0,J2,0
1,8515.0,J3,0
1,8520.0,J1,1
1,8520.0,J2,0
1,8520.0,J3,0
1,8525.0,J1,0
1,8525.0,J2,0
1,8525.0,J3,0
1,8530.0,J1,1
1,8530.0,J2,0
1,8530.0,J3,0
1,8535.0,J1,0
1,8535.0,J2,0
1,8535.0,J3,0
1,8540.0,J1,1
1,8540.0,J2,0
1,8540.0,J3,1
1,8545.0,J1,0
1,8545.0,J2,0
1,8545.0,J3,1
1,8550.0,J1,0
1,8550.0,J2,0
1,8550.0,J3,1
1,8555.0,J1,0
1,8555.0,J2,0
1,8555.0,J3,1
1,8560.0,J1,1
1,8560.0,J2,0
1,8560.0,J3,0
1,8565.0,J1,0
1,8565.0,J2,1
1,8565.0,J3,1
1,8570.0,J1,1
1,8570.0,J2,1
1,8570.0,J3,0
1,8575.0,J1,0
1,8575.0,J2,1
1,8575.0,J3,0
1,8580.0,J1,0
1,8580.0,J2,0
1,8580.0,J3,0
1,8585.0,J1,1
1,8585.0,J2,0
1,8585.0,J3,0
1,8590.0,J1,0
1,8590.0,J2,0
1,8590.0,J3,1
1,8595.0,J1,0
1,8595.0,J2,0
1,8595.0,J3,0
1,8600.0,J1,0
1,8600.0,J2,0
1,8600.0,J3,0
1,8605.0,J1,0
1,8605.0,J2,0
1,8605.0,J3,0
1,8610.0,J1,0
1,8610.0,J2,1
1,8610.0,J3,0
1,8615.0,J1,1
1,8615.0,J2,0
1,8615.0,J3,0
1,8620.0,J1,0
1,8620.0,J2,0
1,8620.0,J3,0
1,8625.0,J1,0
1,8625.0,J2,0
1,8625.0,J3,0
1,8630.0,J1,0
1,8630.0,J2,0
1,8630.0,J3,0
1,8635.0,J1,0
1,8635.0,J2,0
1,8635.0,J3,0
1,8640.0,J1,1
1,8640.0,J2,0
1,8640.0,J3,1
1,8645.0,J1,0
1,8645.0,J2,0
1,8645.0,J3,0
1,8650.0,J1,0
1,8650.0,J2,0
1,8650.0,J3,0
1,8655.0,J1,1
1,8655.0,J2,0
1,8655.0,J3,0
1,8660.0,J1,0
1,8660.0,J2,0
1,8660.0,J3,0
1,8665.0,J1,1
1,8665.0,J2,0
1,8665.0,J3,0
1,8670.0,J1,0
1,8670.0,J2,1
1,8670.0,J3,0
1,8675.0,J1,1
1,8675.0,J2,0
1,8675.0,J3,0
1,8680.0,J1,0
1,8680.0,J2,0
1,8680.0,J3,0
1,8685.0,J1,0
1,8685.0,J2,0
1,8685.0,J3,0
1,8690.0,J1,0
1,8690.0,J2,0
1,8690.0,J3,1
1,8695.0,J1,0
1,8695.0,J2,0
1,8695.0,J3,1
1,8700.0,J1,0
1,8700.0,J2,0
1,8700.0,J3,0
1,8705.0,J1,0
1,8705.0,J2,0
1,8705.0,J3,0
1,8710.0,J1,0
1,8710.0,J2,0
1,8710.0,J3,0
1,8715.0,J1,1
1,8715.0,J2,1
1,8715.0,J3,0
1,8720.0,J1,0
1,8720.0,J2,0
1,8720.0,J3,0
1,8725.0,J1,0
1,8725.0,J2,0
1,8725.0,J3,1
1,8730.0,J1,0
1,8730.0,J2,0
1,8730.0,J3,0
1,8735.0,J1,0
1,8735.0,J2,0
1,8735.0,J3,0
1,8740.0,J1,1
1,8740.0,J2,0
1,8740.0,J3,0
1,8745.0,J1,0
1,8745.0,J2,0
1,8745.0,J3,0
1,8750.0,J1,1
1,8750.0,J2,0
1,8750.0,J3,0
1,8755.0,J1,0
1,8755.0,J2,0
1,8755.0,J3,0
1,8760.0,J1,0
1,8760.0,J2,0
1,8760.0,J3,0
1,8765.0,J1,0
1,8765.0,J2,0
1,8765.0,J3,0
1,8770.0,J1,0
1,8770.0,J2,1
1,8770.0,J3,1
1,8775.0,J1,0
1,8775.0,J2,0
1,8775.0,J3,0
1,8780.0,J1,1
1,8780.0,J2,0
1,8780.0,J3,0
1,8785.0,J1,0
1,8785.0,J2,0
1,8785.0,J3,0
1,8790.0,J1,0
1,8790.0,J2,0
1,8790.0,J3,0
1,8795.0,J1,0
1,8795.0,J2,0
1,8795.0,J3,0
1,8800.0,J1,0
1,8800.0,J2,0
1,8800.0,J3,0
1,8805.0,J1,1
1,8805.0,J2,0
1,8805.0,J3,0
1,8810.0,J1,0
1,8810.0,J2,0
1,8810.0,J3,0
1,8815.0,J1,0
1,8815.0,J2,1
1,8815.0,J3,0
1,8820.0,J1,0
1,8820.0,J2,0
1,8820.0,J3,1
1,8825.0,J1,0
1,8825.0,J2,1
1,8825.0,J3,0
1,8830.0,J1,1
1,8830.0,J2,0
1,8830.0,J3,0
1,8835.0,J1,1
1,8835.0,J2,0
1,8835.0,J3,0
1,8840.0,J1,1
1,8840.0,J2,1
1,8840.0,J3,0
1,8845.0,J1,0
1,8845.0,J2,0
1,8845.0,J3,0
1,8850.0,J1,1
1,8850.0,J2,1
1,8850.0,J3,1
1,8855.0,J1,0
1,8855.0,J2,0
1,8855.0,J3,0
1,8860.0,J1,1
1,8860.0,J2,0
1,8860.0,J3,0
1,8865.0,J1,0
1,8865.0,J2,0
1,8865.0,J3,0
1,8870.0,J1,1
1,8870.0,J2,0
1,8870.0,J3,0
1,8875.0,J1,0
1,8875.0,J2,0
1,8875.0,J3,0
1,8880.0,J1,0
1,8880.0,J2,1
1,8880.0,J3,0
1,8885.0,J1,0
1,8885.0,J2,0
1,8885.0,J3,0
1,8890.0,J1,0
1,8890.0,J2,1
1,8890.0,J3,1
1,8895.0,J1,0
1,8895.0,J2,0
1,8895.0,J3,0
1,8900.0,J1,1
1,8900.0,J2,0
1,8900.0,J3,0
1,8905.0,J1,0
1,8905.0,J2,0
1,8905.0,J3,0
1,8910.0,J1,1
1,8910.0,J2,0
1,8910.0,J3,0
1,8915.0,J1,0
1,8915.0,J2,0
1,8915.0,J3,0
1,8920.0,J1,0
1,8920.0,J2,1
1,8920.0,J3,1
1,8925.0,J1,0
1,8925.0,J2,1
1,8925.0,J3,1
1,8930.0,J1,0
1,8930.0,J2,0
1,8930.0,J3,0
1,8935.0,J1,0
1,8935.0,J2,0
1,8935.0,J3,0
1,8940.0,J1,1
1,8940.0,J2,0
1,8940.0,J3,0
1,8945.0,J1,0
1,8945.0,J2,0
1,8945.0,J3,1
1,8950.0,J1,1
1,8950.0,J2,0
1,8950.0,J3,1
1,8955.0,J1,1
1,8955.0,J2,1
1,8955.0,J3,0
1,8960.0,J1,0
1,8960.0,J2,1
1,8960.0,J3,0
1,8965.0,J1,0
1,8965.0,J2,0
1,8965.0,J3,0
1,8970.0,J1,0
1,8970.0,J2,1
1,8970.0,J3,0
1,8975.0,J1,1
1,8975.0,J2,0
1,8975.0,J3,0
1,8980.0,J1,0
1,8980.0,J2,1
1,8980.0,J3,0
1,8985.0,J1,0
1,8985.0,J2,0
1,8985.0,J3,0
1,8990.0,J1,1
1,8990.0,J2,0
1,8990.0,J3,0
1,8995.0,J1,1
1,8995.0,J2,0
1,8995.0,J3,0
1,9000.0,J1,0
1,9000.0,J2,0
1,9000.0,J3,0
1,9005.0,J1,0
1,9005.0,J2,0
1,9005.0,J3,0
1,9010.0,J1,0
1,9010.0,J2,0
1,9010.0,J3,0
1,9015.0,J1,1
1,9015.0,J2,1
1,9015.0,J3,0
1,9020.0,J1,0
1,9020.0,J2,0
1,9020.0,J3,0
1,9025.0,J1,0
1,9025.0,J2,1
1,9025.0,J3,0
1,9030.0,J1,0
1,9030.0,J2,0
1,9030.0,J3,1
1,9035.0,J1,0
1,9035.0,J2,0
1,9035.0,J3,0
1,9040.0,J1,0
1,9040.0,J2,0
1,9040.0,J3,0
1,9045.0,J1,1
1,9045.0,J2,0
1,9045.0,J3,0
1,9050.0,J1,0
1,9050.0,J2,0
1,9050.0,J3,1
1,9055.0,J1,0
1,9055.0,J2,1
1,9055.0,J3,1
1,9060.0,J1,0
1,9060.0,J2,0
1,9060.0,J3,1
1,9065.0,J1,0
1,9065.0,J2,0
1,9065.0,J3,0
1,9070.0,J1,1
1,9070.0,J2,0
1,9070.0,J3,0
1,9075.0,J1,0
1,9075.0,J2,0
1,9075.0,J3,0
1,9080.0,J1,0
1,9080.0,J2,0
1,9080.0,J3,1
1,9085.0,J1,0
1,9085.0,J2,0
1,9085.0,J3,0
1,9090.0,J1,1
1,9090.0,J2,0
1,9090.0,J3,0
1,9095.0,J1,0
1,9095.0,J2,0
1,9095.0,J3,0
1,9100.0,J1,0
1,9100.0,J2,1
1,9100.0,J3,0
1,9105.0,J1,0
1,9105.0,J2,0
1,9105.0,J3,0
1,9110.0,J1,0
1,9110.0,J2,0
1,9110.0,J3,0
1,9115.0,J1,0
1,9115.0,J2,0
1,9115.0,J3,0
1,9120.0,J1,0
1,9120.0,J2,0
1,9120.0,J3,0
1,9125.0,J1,0
1,9125.0,J2,0
1,9125.0,J3,0
1,9130.0,J1,0
1,9130.0,J2,0
1,9130.0,J3,0
1,9135.0,J1,0
1,9135.0,J2,0
1,9135.0,J3,0
1,9140.0,J1,1
1,9140.0,J2,0
1,9140.0,J3,0
1,9145.0,J1,0
1,9145.0,J2,0
1,9145.0,J3,0
1,9150.0,J1,0
1,9150.0,J2,0
1,9150.0,J3,1
1,9155.0,J1,1
1,9155.0,J2,0
1,9155.0,J3,1
1,9160.0,J1,1
1,9160.0,J2,0
1,9160.0,J3,0
1,9165.0,J1,0
1,9165.0,J2,0
1,9165.0,J3,0
1,9170.0,J1,0
1,9170.0,J2,1
1,9170.0,J3,0
1,9175.0,J1,1
1,9175.0,J2,0
1,9175.0,J3,1
1,9180.0,J1,0
1,9180.0,J2,0
1,9180.0,J3,0
1,9185.0,J1,0
1,9185.0,J2,0
1,9185.0,J3,1
1,9190.0,J1,0
1,9190.0,J2,0
1,9190.0,J3,0
1,9195.0,J1,0
1,9195.0,J2,0
1,9195.0,J3,0
1,9200.0,J1,0
1,9200.0,J2,0
1,9200.0,J3,0
1,9205.0,J1,0
1,9205.0,J2,0
1,9205.0,J3,0
1,9210.0,J1,1
1,9210.0,J2,0
1,9210.0,J3,0
1,9215.0,J1,0
1,9215.0,J2,0
1,9215.0,J3,0
1,9220.0,J1,0
1,9220.0,J2,0
1,9220.0,J3,0
1,9225.0,J1,0
1,9225.0,J2,0
1,9225.0,J3,1
1,9230.0,J1,0
1,9230.0,J2,1
1,9230.0,J3,0
1,9235.0,J1,0
1,9235.0,J2,1
1,9235.0,J3,0
1,9240.0,J1,0
1,9240.0,J2,0
1,9240.0,J3,0
1,9245.0,J1,0
1,9245.0,J2,0
1,9245.0,J3,0
1,9250.0,J1,0
1,9250.0,J2,0
1,9250.0,J3,0
1,9255.0,J1,0
1,9255.0,J2,0
1,9255.0,J3,0
1,9260.0,J1,1
1,9260.0,J2,0
1,9260.0,J3,0
1,9265.0,J1,0
1,9265.0,J2,0
1,9265.0,J3,0
1,9270.0,J1,0
1,9270.0,J2,0
1,9270.0,J3,1
1,9275.0,J1,0
1,9275.0,J2,0
1,9275.0,J3,1
1,9280.0,J1,1
1,9280.0,J2,0
1,9280.0,J3,0
1,9285.0,J1,0
1,9285.0,J2,1
1,9285.0,J3,0
1,9290.0,J1,1
1,9290.0,J2,0
1,9290.0,J3,0
1,9295.0,J1,0
1,9295.0,J2,0
1,9295.0,J3,0
1,9300.0,J1,0
1,9300.0,J2,0
1,9300.0,J3,0
1,9305.0,J1,0
1,9305.0,J2,0
1,9305.0,J3,0
1,9310.0,J1,0
1,9310.0,J2,0
1,9310.0,J3,1
1,9315.0,J1,1
1,9315.0,J2,0
1,9315.0,J3,0
1,9320.0,J1,0
1,9320.0,J2,0
1,9320.0,J3,1
1,9325.0,J1,0
1,9325.0,J2,0
1,9325.0,J3,1
1,9330.0,J1,0
1,9330.0,J2,1
1,9330.0,J3,0
1,9335.0,J1,0
1,9335.0,J2,0
1,9335.0,J3,0
1,9340.0,J1,0
1,9340.0,J2,1
1,9340.0,J3,0
1,9345.0,J1,0
1,9345.0,J2,0
1,9345.0,J3,0
1,9350.0,J1,0
1,9350.0,J2,0
1,9350.0,J3,0
1,9355.0,J1,1
1,9355.0,J2,0
1,9355.0,J3,0
1,9360.0,J1,0
1,9360.0,J2,0
1,9360.0,J3,1
1,9365.0,J1,0
1,9365.0,J2,0
1,9365.0,J3,1
1,9370.0,J1,0
1,9370.0,J2,1
1,9370.0,J3,0
1,9375.0,J1,0
1,9375.0,J2,1
1,9375.0,J3,0
1,9380.0,J1,1
1,9380.0,J2,0
1,9380.0,J3,0
1,9385.0,J1,0
1,9385.0,J2,0
1,9385.0,J3,0
1,9390.0,J1,1
1,9390.0,J2,1
1,9390.0,J3,1
1,9395.0,J1,0
1,9395.0,J2,0
1,9395.0,J3,0
1,9400.0,J1,0
1,9400.0,J2,0
1,9400.0,J3,0
1,9405.0,J1,0
1,9405.0,J2,0
1,9405.0,J3,0
1,9410.0,J1,1
1,9410.0,J2,1
1,9410.0,J3,1
1,9415.0,J1,0
1,9415.0,J2,0
1,9415.0,J3,0
1,9420.0,J1,1
1,9420.0,J2,0
1,9420.0,J3,1
1,9425.0,J1,0
1,9425.0,J2,0
1,9425.0,J3,0
1,9430.0,J1,0
1,9430.0,J2,0
1,9430.0,J3,1
1,9435.0,J1,0
1,9435.0,J2,0
1,9435.0,J3,0
1,9440.0,J1,0
1,9440.0,J2,0
1,9440.0,J3,0
1,9445.0,J1,1
1,9445.0,J2,0
1,9445.0,J3,0
1,9450.0,J1,0
1,9450.0,J2,0
1,9450.0,J3,1
1,9455.0,J1,0
1,9455.0,J2,0
1,9455.0,J3,1
1,9460.0,J1,0
1,9460.0,J2,0
1,9460.0,J3,0
1,9465.0,J1,0
1,9465.0,J2,1
1,9465.0,J3,0
1,9470.0,J1,0
1,9470.0,J2,0
1,9470.0,J3,0
1,9475.0,J1,1
1,9475.0,J2,0
1,9475.0,J3,1
1,9480.0,J1,1
1,9480.0,J2,0
1,9480.0,J3,0
1,9485.0,J1,0
1,9485.0,J2,0
1,9485.0,J3,0
1,9490.0,J1,0
1,9490.0,J2,0
1,9490.0,J3,0
1,9495.0,J1,0
1,9495.0,J2,0
1,9495.0,J3,0
1,9500.0,J1,0
1,9500.0,J2,0
1,9500.0,J3,1
1,9505.0,J1,1
1,9505.0,J2,0
1,9505.0,J3,0
1,9510.0,J1,0
1,9510.0,J2,1
1,9510.0,J3,0
1,9515.0,J1,0
1,9515.0,J2,0
1,9515.0,J3,0
1,9520.0,J1,0
1,9520.0,J2,0
1,9520.0,J3,0
1,9525.0,J1,0
1,9525.0,J2,0
1,9525.0,J3,0
1,9530.0,J1,0
1,9530.0,J2,1
1,9530.0,J3,0
1,9535.0,J1,0
1,9535.0,J2,1
1,9535.0,J3,0
1,9540.0,J1,0
1,9540.0,J2,0
1,9540.0,J3,0
1,9545.0,J1,1
1,9545.0,J2,0
1,9545.0,J3,0
1,9550.0,J1,0
1,9550.0,J2,0
1,9550.0,J3,0
1,9555.0,J1,0
1,9555.0,J2,0
1,9555.0,J3,0
1,9560.0,J1,1
1,9560.0,J2,0
1,9560.0,J3,0
1,9565.0,J1,0
1,9565.0,J2,0
1,9565.0,J3,0
1,9570.0,J1,0
1,9570.0,J2,0
1,9570.0,J3,0
1,9575.0,J1,0
1,9575.0,J2,1
1,9575.0,J3,0
1,9580.0,J1,1
1,9580.0,J2,0
1,9580.0,J3,1
1,9585.0,J1,0
1,9585.0,J2,0
1,9585.0,J3,1
1,9590.0,J1,0
1,9590.0,J2,0
1,9590.0,J3,0
1,9595.0,J1,1
1,9595.0,J2,0
1,9595.0,J3,0
1,9600.0,J1,0
1,9600.0,J2,1
1,9600.0,J3,0
1,9605.0,J1,1
1,9605.0,J2,0
1,9605.0,J3,0
1,9610.0,J1,0
1,9610.0,J2,0
1,9610.0,J3,0
1,9615.0,J1,0
1,9615.0,J2,0
1,9615.0,J3,0
1,9620.0,J1,0
1,9620.0,J2,0
1,9620.0,J3,0
1,9625.0,J1,0
1,9625.0,J2,0
1,9625.0,J3,0
1,9630.0,J1,0
1,9630.0,J2,0
1,9630.0,J3,0
1,9635.0,J1,1
1,9635.0,J2,1
1,9635.0,J3,0
1,9640.0,J1,0
1,9640.0,J2,1
1,9640.0,J3,0
1,9645.0,J1,0
1,9645.0,J2,0
1,9645.0,J3,0
1,9650.0,J1,0
1,9650.0,J2,0
1,9650.0,J3,1
1,9655.0,J1,0
1,9655.0,J2,0
1,9655.0,J3,0
1,9660.0,J1,1
1,9660.0,J2,0
1,9660.0,J3,0
1,9665.0,J1,0
1,9665.0,J2,1
1,9665.0,J3,0
1,9670.0,J1,0
1,9670.0,J2,1
1,9670.0,J3,0
1,9675.0,J1,0
1,9675.0,J2,0
1,9675.0,J3,0
1,9680.0,J1,0
1,9680.0,J2,0
1,9680.0,J3,0
1,9685.0,J1,0
1,9685.0,J2,0
1,9685.0,J3,0
1,9690.0,J1,1
1,9690.0,J2,0
1,9690.0,J3,0
1,9695.0,J1,0
1,9695.0,J2,0
1,9695.0,J3,0
1,9700.0,J1,0
1,9700.0,J2,0
1,9700.0,J3,0
1,9705.0,J1,0
1,9705.0,J2,1
1,9705.0,J3,0
1,9710.0,J1,0
1,9710.0,J2,0
1,9710.0,J3,0
1,9715.0,J1,1
1,9715.0,J2,0
1,9715.0,J3,0
1,9720.0,J1,0
1,9720.0,J2,0
1,9720.0,J3,0
1,9725.0,J1,1
1,9725.0,J2,0
1,9725.0,J3,0
1,9730.0,J1,0
1,9730.0,J2,0
1,9730.0,J3,0
1,9735.0,J1,0
1,9735.0,J2,0
1,9735.0,J3,0
1,9740.0,J1,0
1,9740.0,J2,0
1,9740.0,J3,0
1,9745.0,J1,1
1,9745.0,J2,0
1,9745.0,J3,0
1,9750.0,J1,0
1,9750.0,J2,0
1,9750.0,J3,0
1,9755.0,J1,0
1,9755.0,J2,0
1,9755.0,J3,1
1,9760.0,J1,0
1,9760.0,J2,0
1,9760.0,J3,0
1,9765.0,J1,0
1,9765.0,J2,1
1,9765.0,J3,0
1,9770.0,J1,1
1,9770.0,J2,0
1,9770.0,J3,0
1,9775.0,J1,0
1,9775.0,J2,0
1,9775.0,J3,1
1,9780.0,J1,0
1,9780.0,J2,0
1,9780.0,J3,1
1,9785.0,J1,1
1,9785.0,J2,0
1,9785.0,J3,1
1,9790.0,J1,1
1,9790.0,J2,0
1,9790.0,J3,1
1,9795.0,J1,0
1,9795.0,J2,1
1,9795.0,J3,0
1,9800.0,J1,0
1,9800.0,J2,1
1,9800.0,J3,0
1,9805.0,J1,0
1,9805.0,J2,0
1,9805.0,J3,0
1,9810.0,J1,0
1,9810.0,J2,0
1,9810.0,J3,1
1,9815.0,J1,0
1,9815.0,J2,0
1,9815.0,J3,1
1,9820.0,J1,0
1,9820.0,J2,1
1,9820.0,J3,0
1,9825.0,J1,0
1,9825.0,J2,0
1,9825.0,J3,1
1,9830.0,J1,1
1,9830.0,J2,1
1,9830.0,J3,0
1,9835.0,J1,0
1,9835.0,J2,0
1,9835.0,J3,1
1,9840.0,J1,0
1,9840.0,J2,0
1,9840.0,J3,0
1,9845.0,J1,0
1,9845.0,J2,0
1,9845.0,J3,1
1,9850.0,J1,0
1,9850.0,J2,0
1,9850.0,J3,0
1,9855.0,J1,1
1,9855.0,J2,1
1,9855.0,J3,0
1,9860.0,J1,0
1,9860.0,J2,0
1,9860.0,J3,0
1,9865.0,J1,0
1,9865.0,J2,0
1,9865.0,J3,1
1,9870.0,J1,0
1,9870.0,J2,1
1,9870.0,J3,1
1,9875.0,J1,0
1,9875.0,J2,0
1,9875.0,J3,0
1,9880.0,J1,1
1,9880.0,J2,0
1,9880.0,J3,0
1,9885.0,J1,0
1,9885.0,J2,0
1,9885.0,J3,0
1,9890.0,J1,0
1,9890.0,J2,0
1,9890.0,J3,0
1,9895.0,J1,0
1,9895.0,J2,0
1,9895.0,J3,0
1,9900.0,J1,0
1,9900.0,J2,0
1,9900.0,J3,0
1,9905.0,J1,0
1,9905.0,J2,0
1,9905.0,J3,0
1,9910.0,J1,0
1,9910.0,J2,0
1,9910.0,J3,1
1,9915.0,J1,1
1,9915.0,J2,0
1,9915.0,J3,1
1,9920.0,J1,0
1,9920.0,J2,0
1,9920.0,J3,0
1,9925.0,J1,0
1,9925.0,J2,1
1,9925.0,J3,1
1,9930.0,J1,0
1,9930.0,J2,1
1,9930.0,J3,0
1,9935.0,J1,0
1,9935.0,J2,1
1,9935.0,J3,0
1,9940.0,J1,0
1,9940.0,J2,1
1,9940.0,J3,0
1,9945.0,J1,1
1,9945.0,J2,1
1,9945.0,J3,1
1,9950.0,J1,0
1,9950.0,J2,0
1,9950.0,J3,1
1,9955.0,J1,0
1,9955.0,J2,0
1,9955.0,J3,0
1,9960.0,J1,0
1,9960.0,J2,1
1,9960.0,J3,0
1,9965.0,J1,0
1,9965.0,J2,1
1,9965.0,J3,0
1,9970.0,J1,0
1,9970.0,J2,1
1,9970.0,J3,0
1,9975.0,J1,0
1,9975.0,J2,0
1,9975.0,J3,0
1,9980.0,J1,0
1,9980.0,J2,0
1,9980.0,J3,0
1,9985.0,J1,1
1,9985.0,J2,0
1,9985.0,J3,0
1,9990.0,J1,0
1,9990.0,J2,0
1,9990.0,J3,0
1,9995.0,J1,0
1,9995.0,J2,0
1,9995.0,J3,0
