Krok,CzasOczekiwania(s),ZatrzymanePojazdy,SredniaPredkosc(m/s)
0,0.0,0,11.2
1,0.0,0,8.54
2,0.0,0,9.48
3,0.0,0,10.64
4,0.0,0,12.12
5,0.0,0,10.58
6,0.0,0,10.65
7,0.0,1,9.49
8,0.0,0,8.67
9,0.0,0,8.09
10,0.0,0,7.87
11,2.0,2,7.64
12,4.0,2,7.92
13,7.0,3,8.24
14,10.0,3,8.6
15,14.0,4,8.55
16,0.0,0,8.62
17,0.0,0,8.72
18,0.0,0,9.11
19,0.0,0,9.76
20,0.0,0,9.98
21,0.0,0,10.73
22,0.0,0,11.38
23,0.0,0,11.5
24,0.0,0,11.58
25,0.0,0,10.65
26,0.0,0,9.59
27,0.0,0,8.13
28,1.0,1,7.63
29,6.0,5,7.14
30,13.0,7,7.0
31,22.0,9,6.82
32,12.0,5,7.09
33,4.0,2,7.63
34,1.0,1,8.38
35,2.0,1,9.08
36,3.0,1,9.94
37,4.0,1,10.64
38,5.0,1,10.89
39,7.0,2,10.86
40,3.0,2,10.85
41,3.0,1,10.82
42,0.0,0,10.36
43,0.0,0,10.02
44,1.0,1,9.39
45,3.0,2,9.18
46,6.0,3,8.74
47,11.0,5,8.68
48,17.0,6,8.87
49,25.0,8,9.15
50,25.0,6,9.21
51,29.0,6,9.21
52,35.0,6,9.21
53,22.0,4,9.37
54,20.0,4,9.6
55,19.0,3,9.86
56,24.0,5,10.09
57,29.0,5,9.98
58,34.0,5,9.97
59,36.0,5,9.66
60,43.0,7,9.08
61,41.0,5,8.78
62,26.0,3,8.45
63,15.0,3,8.05
64,10.0,5,7.96
65,13.0,4,8.12
66,18.0,5,8.62
67,24.0,6,8.82
68,30.0,6,8.93
69,33.0,6,8.98
70,39.0,6,9.24
71,29.0,4,9.33
72,35.0,6,9.65
73,41.0,6,9.66
74,48.0,7,9.66
75,55.0,7,9.59
76,64.0,9,9.16
77,73.0,9,8.72
78,82.0,9,8.46
79,72.0,9,8.44
80,63.0,8,8.2
81,62.0,8,8.16
82,61.0,7,8.15
83,46.0,8,8.24
84,39.0,8,8.57
85,34.0,8,8.92
86,33.0,9,9.11
87,33.0,8,9.29
88,37.0,8,9.27
89,45.0,8,8.94
90,54.0,9,8.79
91,63.0,9,8.83
92,75.0,12,8.6
93,74.0,10,8.73
94,77.0,9,8.64
95,86.0,9,8.7
96,96.0,10,8.76
97,107.0,11,8.99
98,118.0,11,8.93
99,129.0,11,8.82
100,140.0,11,8.86
101,85.0,9,8.81
102,58.0,8,8.91
103,45.0,5,8.8
104,52.0,7,9.02
105,59.0,7,8.67
106,68.0,9,8.67
107,78.0,10,8.69
108,51.0,8,8.82
109,30.0,7,8.94
110,27.0,6,8.72
111,26.0,6,8.51
112,28.0,7,8.2
113,35.0,8,8.07
114,45.0,10,8.07
115,57.0,12,7.88
116,57.0,12,7.76
117,49.0,10,7.4
118,30.0,6,7.23
119,33.0,8,7.37
120,37.0,9,7.2
121,48.0,11,7.55
122,61.0,13,7.55
123,75.0,14,7.69
124,90.0,15,8.0
125,90.0,15,8.23
126,86.0,13,8.43
127,88.0,12,8.52
128,86.0,10,8.62
129,90.0,10,9.1
130,94.0,9,9.31
131,104.0,10,9.58
132,114.0,10,9.73
133,127.0,13,9.68
134,132.0,12,9.45
135,144.0,12,8.96
136,159.0,15,8.3
137,177.0,18,7.62
138,185.0,16,7.15
139,179.0,15,6.69
140,127.0,12,6.64
141,91.0,12,6.53
142,74.0,13,6.87
143,61.0,12,7.03
144,61.0,13,7.26
145,70.0,15,7.36
146,79.0,16,7.55
147,88.0,16,7.63
148,101.0,16,7.62
149,116.0,17,7.54
150,131.0,16,7.4
151,129.0,16,7.18
152,129.0,16,7.17
153,130.0,17,7.3
154,133.0,17,7.19
155,136.0,17,7.04
156,150.0,16,6.76
157,168.0,18,6.56
158,186.0,18,6.35
159,206.0,20,6.35
160,229.0,23,6.17
161,222.0,22,6.3
162,222.0,21,6.5
163,219.0,20,6.78
164,220.0,19,6.94
165,237.0,19,7.14
166,257.0,20,7.34
167,278.0,21,7.31
168,300.0,22,7.37
169,323.0,23,7.25
170,348.0,25,7.32
171,373.0,25,7.32
172,400.0,27,7.42
173,427.0,27,7.48
174,455.0,28,7.47
175,484.0,29,7.54
176,514.0,30,7.59
177,544.0,30,7.6
178,574.0,30,7.6
179,604.0,30,7.51
180,634.0,30,7.37
181,664.0,30,7.18
182,680.0,29,6.87
183,710.0,30,6.61
184,742.0,32,6.54
185,776.0,34,6.72
186,810.0,34,6.79
187,845.0,35,6.89
188,880.0,35,6.84
189,909.0,34,6.8
190,891.0,33,6.89
191,879.0,33,6.94
192,867.0,33,6.74
193,807.0,31,6.75
194,776.0,31,6.81
195,756.0,30,6.99
196,740.0,31,7.03
197,712.0,29,7.13
198,690.0,28,7.11
199,677.0,27,7.03
200,705.0,28,7.12
201,695.0,28,7.19
202,687.0,29,7.13
203,683.0,29,7.3
204,581.0,28,7.2
205,466.0,25,6.91
206,363.0,23,6.53
207,284.0,23,6.19
208,233.0,23,5.92
209,197.0,23,5.74
210,191.0,29,5.52
211,193.0,28,5.53
212,179.0,31,5.4
213,188.0,30,5.29
214,209.0,32,5.05
215,238.0,35,4.76
216,271.0,36,4.62
217,302.0,35,4.61
218,336.0,37,4.57
219,374.0,39,4.36
220,413.0,40,4.25
221,452.0,40,4.23
222,493.0,41,4.16
223,536.0,43,4.23
224,561.0,42,4.35
225,587.0,42,4.66
226,614.0,43,4.85
227,641.0,42,4.99
228,669.0,42,5.14
229,663.0,40,5.18
230,674.0,39,5.18
231,681.0,36,5.19
232,696.0,34,5.4
233,717.0,33,5.42
234,738.0,32,5.43
235,771.0,33,5.63
236,804.0,33,5.99
237,837.0,33,6.23
238,871.0,34,6.31
239,905.0,34,6.42
240,939.0,34,6.48
241,973.0,34,6.33
242,941.0,33,6.32
243,909.0,32,6.45
244,884.0,31,6.23
245,862.0,29,6.47
246,770.0,26,6.43
247,679.0,24,6.24
248,648.0,24,6.17
249,627.0,24,5.96
250,607.0,25,6.1
251,589.0,26,6.36
252,572.0,25,6.35
253,554.0,25,6.45
254,536.0,24,6.3
255,562.0,26,6.09
256,547.0,27,5.94
257,433.0,25,6.05
258,371.0,26,6.12
259,312.0,27,6.02
260,258.0,28,6.04
261,254.0,28,6.08
262,234.0,27,6.12
263,221.0,26,6.14
264,212.0,24,5.91
265,222.0,25,5.71
266,222.0,25,5.72
267,232.0,27,5.88
268,242.0,27,6.11
269,233.0,28,6.06
270,225.0,26,6.2
271,222.0,28,6.17
272,220.0,27,6.21
273,219.0,28,6.17
274,218.0,27,5.93
275,234.0,29,5.63
276,253.0,32,5.34
277,289.0,36,5.12
278,279.0,36,5.14
279,273.0,35,5.11
280,275.0,36,5.24
281,290.0,36,5.13
282,263.0,34,5.1
283,246.0,34,5.23
284,230.0,31,5.44
285,215.0,29,5.71
286,225.0,30,5.98
287,223.0,28,6.04
288,233.0,28,6.1
289,221.0,26,6.19
290,202.0,24,6.28
291,189.0,22,6.43
292,193.0,19,6.35
293,207.0,21,6.37
294,228.0,24,6.21
295,252.0,25,6.0
296,276.0,25,5.79
297,285.0,27,5.62
298,290.0,26,5.64
299,232.0,24,5.67
300,183.0,23,5.44
301,148.0,19,5.35
302,139.0,18,5.27
303,130.0,18,5.33
304,150.0,20,5.44
305,172.0,22,5.73
306,196.0,24,5.79
307,223.0,27,5.81
308,251.0,28,5.92
309,281.0,30,5.69
310,313.0,32,5.7
311,346.0,33,5.42
312,381.0,35,5.29
313,418.0,38,5.08
314,413.0,36,4.95
315,416.0,36,4.83
316,424.0,36,4.71
317,449.0,38,4.78
318,480.0,39,4.95
319,506.0,38,4.96
320,511.0,36,5.09
321,477.0,34,5.22
322,449.0,31,5.43
323,429.0,30,5.58
324,412.0,27,5.69
325,399.0,25,5.96
326,389.0,25,6.17
327,402.0,28,6.43
328,415.0,28,6.64
329,427.0,27,6.54
330,441.0,28,6.58
331,403.0,29,6.52
332,375.0,28,6.47
333,349.0,29,6.16
334,323.0,29,6.2
335,296.0,28,5.95
336,275.0,29,5.93
337,255.0,28,6.02
338,237.0,28,5.95
339,266.0,29,5.97
340,274.0,30,6.08
341,267.0,27,6.0
342,285.0,27,5.85
343,305.0,27,5.87
344,329.0,30,5.87
345,356.0,32,6.18
346,382.0,31,6.49
347,412.0,32,6.71
348,438.0,30,6.79
349,468.0,30,6.89
350,499.0,31,6.86
351,471.0,30,6.87
352,448.0,30,6.85
353,452.0,31,6.88
354,457.0,32,6.83
355,467.0,34,6.87
356,476.0,34,6.82
357,504.0,33,6.73
358,540.0,36,6.59
359,578.0,38,6.6
360,619.0,41,6.53
361,663.0,44,6.52
362,708.0,45,6.43
363,755.0,47,6.53
364,794.0,47,6.44
365,834.0,47,6.33
366,882.0,48,6.18
367,933.0,51,6.17
368,984.0,51,6.07
369,1037.0,53,6.17
370,1066.0,54,6.17
371,1101.0,53,6.15
372,1149.0,53,5.95
373,1023.0,50,5.86
374,903.0,46,5.65
375,802.0,45,5.47
376,723.0,41,5.64
377,676.0,40,5.6
378,630.0,39,5.74
379,599.0,38,5.62
380,600.0,38,5.67
381,580.0,39,5.7
382,570.0,38,5.48
383,588.0,40,5.45
384,572.0,40,5.2
385,563.0,40,5.24
386,557.0,40,5.05
387,552.0,40,5.0
388,553.0,42,4.96
389,560.0,42,5.01
390,575.0,42,4.95
391,596.0,45,5.11
392,613.0,45,5.13
393,652.0,45,5.3
394,674.0,45,5.33
395,706.0,44,5.45
396,740.0,42,5.58
397,776.0,42,5.61
398,817.0,42,5.51
399,859.0,42,5.39
400,903.0,44,5.27
401,949.0,46,5.0
402,996.0,48,4.83
403,1043.0,48,4.55
404,1093.0,50,4.35
405,1146.0,53,4.19
406,1195.0,53,4.08
407,1246.0,53,3.83
408,1296.0,53,3.79
409,1345.0,52,3.62
410,1320.0,51,3.59
411,1295.0,50,3.59
412,1273.0,51,3.71
413,1251.0,51,3.89
414,1243.0,49,4.16
415,1236.0,48,4.33
416,1161.0,46,4.36
417,1125.0,43,4.56
418,1169.0,44,4.75
419,1171.0,43,4.93
420,1176.0,44,5.19
421,1186.0,43,5.34
422,1202.0,43,5.22
423,1138.0,42,5.01
424,1075.0,40,4.97
425,1025.0,39,4.69
426,921.0,38,4.56
427,833.0,35,4.36
428,777.0,36,4.28
429,740.0,35,4.37
430,712.0,38,4.45
431,686.0,39,4.41
432,680.0,43,4.6
433,671.0,43,4.48
434,671.0,47,4.43
435,670.0,47,4.3
436,699.0,49,4.2
437,689.0,51,4.04
438,682.0,53,3.98
439,677.0,52,3.96
440,675.0,53,4.16
441,673.0,52,4.32
442,639.0,50,4.47
443,626.0,50,4.6
444,623.0,48,4.62
445,629.0,47,4.56
446,625.0,47,4.52
447,644.0,50,4.63
448,636.0,52,4.79
449,628.0,50,4.88
450,617.0,45,4.94
451,617.0,42,5.07
452,618.0,39,5.24
453,626.0,37,5.46
454,644.0,36,5.53
455,668.0,36,5.51
456,695.0,37,5.66
457,722.0,37,5.74
458,749.0,37,5.63
459,786.0,37,5.52
460,825.0,39,5.61
461,864.0,39,5.34
462,903.0,39,5.33
463,942.0,39,5.16
464,983.0,41,5.16
465,1024.0,41,5.28
466,1066.0,42,5.43
467,1108.0,42,5.4
468,1150.0,42,5.23
469,1192.0,42,5.24
470,1211.0,42,4.92
471,1231.0,43,4.79
472,1257.0,44,4.79
473,1300.0,44,4.5
474,1344.0,45,4.37
475,1391.0,47,4.14
476,1440.0,49,4.1
477,1489.0,49,3.89
478,1485.0,47,3.79
479,1428.0,46,3.88
480,1380.0,44,3.82
481,1340.0,43,3.83
482,1306.0,43,3.91
483,1290.0,44,4.0
484,1279.0,44,4.21
485,1325.0,46,4.31
486,1321.0,46,4.51
487,1319.0,48,4.56
488,1318.0,49,4.67
489,1317.0,49,4.61
490,1320.0,51,4.74
491,1303.0,50,4.77
492,1287.0,50,4.82
493,1273.0,50,4.78
494,1260.0,51,4.91
495,1194.0,47,5.01
496,1139.0,46,5.23
497,1084.0,42,5.49
498,1042.0,40,5.64
499,1005.0,38,5.93
500,968.0,35,5.94
501,971.0,33,5.95
502,978.0,33,6.07
503,973.0,31,6.23
504,1005.0,32,6.32
505,1038.0,33,6.32
506,1071.0,33,6.39
507,1106.0,35,6.33
508,1141.0,35,6.4
509,1176.0,35,6.57
510,1212.0,36,6.7
511,1249.0,37,6.7
512,1287.0,38,6.6
513,1325.0,38,6.43
514,1363.0,38,6.27
515,1402.0,39,6.06
516,1442.0,40,5.93
517,1483.0,41,5.98
518,1524.0,41,5.72
519,1567.0,43,5.81
520,1608.0,42,5.69
521,1601.0,40,5.65
522,1607.0,38,5.62
523,1635.0,39,5.64
524,1525.0,36,5.5
525,1446.0,33,5.49
526,1384.0,33,5.55
527,1323.0,33,5.24
528,1260.0,31,5.3
529,1199.0,32,5.08
530,1139.0,33,4.95
531,1085.0,34,4.65
532,1067.0,33,4.96
533,975.0,31,4.94
534,889.0,32,4.97
535,807.0,32,4.75
536,723.0,30,4.63
537,642.0,30,4.65
538,575.0,29,4.44
539,524.0,30,4.37
540,508.0,31,4.41
541,458.0,31,4.54
542,468.0,33,4.64
543,433.0,32,4.69
544,410.0,30,4.74
545,391.0,29,4.84
546,379.0,32,5.01
547,361.0,30,5.01
548,350.0,28,5.11
549,354.0,30,5.16
550,385.0,31,5.03
551,399.0,31,4.88
552,414.0,30,4.7
553,446.0,32,4.78
554,481.0,35,4.77
555,519.0,38,4.83
556,558.0,39,4.88
557,598.0,40,4.74
558,638.0,40,4.62
559,680.0,42,4.61
560,715.0,41,4.84
561,751.0,42,5.03
562,793.0,42,5.14
563,835.0,42,5.21
564,878.0,43,5.22
565,922.0,44,5.27
566,952.0,43,5.25
567,984.0,44,5.3
568,1019.0,44,5.26
569,1055.0,44,5.23
570,1073.0,42,5.22
571,1113.0,42,5.31
572,1156.0,43,5.16
573,1201.0,45,4.94
574,1248.0,47,4.67
575,1247.0,48,4.19
576,1249.0,49,3.97
577,1205.0,50,3.97
578,1158.0,50,4.02
579,1118.0,48,4.02
580,1083.0,49,3.86
581,1052.0,50,3.7
582,1025.0,49,3.63
583,1015.0,49,3.7
584,1024.0,49,3.86
585,1023.0,50,3.96
586,1003.0,49,4.05
587,991.0,48,4.08
588,979.0,48,4.21
589,901.0,47,4.38
590,837.0,43,4.39
591,799.0,42,4.36
592,778.0,43,4.42
593,773.0,44,4.55
594,778.0,45,4.74
595,786.0,45,4.84
596,815.0,45,4.81
597,794.0,47,4.8
598,772.0,46,4.86
599,754.0,47,4.88
600,738.0,47,4.68
601,724.0,47,4.37
602,716.0,48,4.04
603,715.0,49,4.02
604,742.0,54,3.77
605,775.0,55,3.67
606,799.0,56,3.53
607,824.0,54,3.43
608,864.0,55,3.56
609,895.0,56,3.66
610,940.0,58,3.81
611,985.0,57,3.87
612,1030.0,57,3.92
613,1076.0,57,3.97
614,1123.0,57,3.83
615,1172.0,58,3.79
616,1219.0,57,3.83
617,1269.0,58,3.88
618,1330.0,61,3.95
619,1390.0,61,3.93
620,1453.0,63,3.96
621,1429.0,61,3.97
622,1425.0,59,3.93
623,1442.0,59,4.13
624,1461.0,60,4.18
625,1480.0,59,4.24
626,1499.0,59,4.4
627,1520.0,59,4.52
628,1540.0,58,4.65
629,1547.0,58,4.82
630,1555.0,56,4.92
631,1503.0,54,4.95
632,1456.0,53,4.96
633,1437.0,51,5.1
634,1400.0,49,5.37
635,1419.0,48,5.48
636,1450.0,48,5.46
637,1420.0,47,5.5
638,1353.0,46,5.62
639,1321.0,45,5.72
640,1291.0,43,5.76
641,1264.0,43,5.79
642,1237.0,43,5.77
643,1213.0,46,5.84
644,1199.0,46,5.79
645,1174.0,45,5.86
646,1212.0,46,5.87
647,1192.0,45,5.89
648,1172.0,45,5.81
649,1156.0,44,5.95
650,1142.0,44,5.83
651,1128.0,44,6.05
652,1093.0,43,6.05
653,1067.0,42,6.19
654,1045.0,43,6.14
655,968.0,42,6.12
656,900.0,40,6.17
657,839.0,38,6.12
658,784.0,38,6.14
659,773.0,39,6.16
660,715.0,38,6.11
661,660.0,37,6.14
662,645.0,36,6.01
663,593.0,36,6.11
664,550.0,33,6.19
665,512.0,33,6.1
666,477.0,31,6.05
667,432.0,29,5.95
668,406.0,27,6.01
669,394.0,25,5.98
670,393.0,26,5.99
671,383.0,25,6.05
672,374.0,24,6.36
673,367.0,24,6.54
674,392.0,25,6.62
675,393.0,26,6.61
676,394.0,25,6.66
677,395.0,25,6.58
678,399.0,27,6.17
679,364.0,26,5.92
680,331.0,27,5.59
681,316.0,26,5.48
682,315.0,29,5.45
683,316.0,29,5.58
684,320.0,31,5.63
685,332.0,34,5.66
686,354.0,35,5.6
687,392.0,38,5.35
688,432.0,40,5.03
689,475.0,43,4.63
690,518.0,43,4.44
691,485.0,43,4.31
692,457.0,44,4.27
693,467.0,46,4.23
694,479.0,46,4.16
695,480.0,44,4.05
696,494.0,42,4.08
697,508.0,40,4.24
698,543.0,40,4.52
699,567.0,43,4.63
700,514.0,40,4.7
701,488.0,39,4.71
702,475.0,39,4.77
703,480.0,40,4.82
704,488.0,40,4.84
705,428.0,38,4.95
706,384.0,35,4.92
707,345.0,33,4.83
708,310.0,31,4.86
709,306.0,31,4.94
710,332.0,33,5.1
711,361.0,35,5.27
712,349.0,35,5.46
713,342.0,34,5.64
714,338.0,34,5.7
715,336.0,34,5.69
716,346.0,34,5.52
717,376.0,36,5.45
718,414.0,39,5.33
719,454.0,40,5.26
720,498.0,45,4.97
721,543.0,45,4.84
722,591.0,48,4.57
723,606.0,49,4.29
724,615.0,48,4.12
725,626.0,50,4.0
726,597.0,49,3.93
727,578.0,48,4.1
728,527.0,44,4.31
729,479.0,39,4.57
730,433.0,36,4.94
731,388.0,32,5.38
732,377.0,31,5.88
733,337.0,28,6.2
734,296.0,25,6.46
735,268.0,27,6.53
736,240.0,25,6.53
737,224.0,25,6.5
738,236.0,24,6.39
739,221.0,20,6.22
740,210.0,21,6.1
741,198.0,20,6.03
742,189.0,20,6.18
743,185.0,21,6.2
744,188.0,22,6.32
745,188.0,21,6.35
746,181.0,21,6.32
747,189.0,22,6.28
748,205.0,21,6.29
749,224.0,22,6.34
750,244.0,23,6.48
751,265.0,23,6.32
752,291.0,26,6.3
753,313.0,28,6.12
754,338.0,29,6.15
755,364.0,29,6.04
756,395.0,32,6.07
757,428.0,33,6.2
758,464.0,36,6.2
759,501.0,37,6.05
760,538.0,37,5.95
761,578.0,40,5.78
762,620.0,42,5.52
763,664.0,44,5.38
764,712.0,48,5.17
765,761.0,49,4.99
766,806.0,49,4.7
767,854.0,52,4.34
768,905.0,54,3.92
769,938.0,58,3.61
770,985.0,58,3.34
771,1039.0,56,3.21
772,1099.0,60,3.26
773,1160.0,61,3.31
774,1222.0,62,3.27
775,1285.0,63,3.08
776,1259.0,61,3.06
777,1241.0,62,3.09
778,1236.0,64,3.14
779,1203.0,65,3.15
780,1153.0,64,3.16
781,1010.0,59,3.23
782,908.0,58,3.35
783,814.0,57,3.5
784,721.0,54,3.76
785,671.0,51,4.01
786,613.0,48,4.27
787,548.0,45,4.39
788,536.0,46,4.66
789,504.0,44,4.69
790,499.0,43,4.95
791,487.0,40,5.16
792,503.0,41,5.23
793,493.0,41,5.35
794,484.0,41,5.46
795,478.0,40,5.62
796,473.0,40,5.74
797,469.0,38,5.53
798,468.0,38,5.36
799,444.0,37,5.19
800,461.0,38,4.83
801,439.0,37,4.82
802,449.0,37,4.71
803,479.0,37,4.65
804,497.0,39,4.62
805,538.0,41,4.66
806,581.0,43,4.72
807,626.0,45,4.64
808,669.0,44,4.68
809,659.0,43,4.57
810,672.0,45,4.79
811,679.0,44,4.73
812,664.0,43,4.69
813,662.0,40,4.67
814,672.0,41,4.69
815,688.0,43,4.71
816,707.0,45,4.86
817,753.0,46,5.0
818,773.0,46,4.92
819,795.0,48,4.83
820,817.0,48,4.62
821,838.0,47,4.54
822,862.0,48,4.34
823,912.0,50,4.13
824,939.0,52,4.15
825,969.0,54,4.06
826,996.0,53,4.04
827,1027.0,54,3.9
828,1034.0,52,3.91
829,1049.0,52,3.92
830,1091.0,56,3.83
831,1111.0,54,3.55
832,1030.0,52,3.42
833,956.0,52,3.41
834,894.0,51,3.21
835,845.0,49,3.13
836,828.0,50,3.09
837,805.0,48,3.15
838,793.0,46,3.19
839,800.0,50,3.19
840,850.0,51,3.49
841,859.0,53,3.46
842,871.0,55,3.47
843,875.0,54,3.46
844,837.0,53,3.37
845,846.0,54,3.33
846,863.0,54,3.51
847,882.0,54,3.56
848,903.0,55,3.58
849,924.0,55,3.69
850,949.0,55,3.78
851,976.0,56,3.91
852,1031.0,56,3.96
853,1051.0,53,3.99
854,1074.0,52,3.86
855,1099.0,53,3.61
856,1123.0,53,3.55
857,1126.0,52,3.33
858,1135.0,52,3.36
859,1157.0,51,3.33
860,1209.0,53,3.44
861,1235.0,54,3.46
862,1255.0,53,3.53
863,1275.0,53,3.68
864,1296.0,52,3.71
865,1200.0,49,3.8
866,1108.0,48,3.79
867,1021.0,48,3.83
868,936.0,45,3.81
869,884.0,44,3.79
870,805.0,43,3.82
871,761.0,41,3.91
872,723.0,38,3.87
873,688.0,34,4.03
874,665.0,34,3.96
875,636.0,31,4.23
876,620.0,32,4.43
877,621.0,32,4.66
878,632.0,34,4.69
879,665.0,35,4.73
880,699.0,36,4.7
881,668.0,35,4.76
882,650.0,33,4.83
883,651.0,37,4.59
884,667.0,37,4.61
885,622.0,36,4.73
886,607.0,37,4.75
887,597.0,42,4.71
888,591.0,44,4.58
889,585.0,45,4.57
890,583.0,47,4.54
891,590.0,49,4.67
892,598.0,52,4.67
893,599.0,52,4.79
894,641.0,51,4.86
895,652.0,53,4.82
896,675.0,52,4.69
897,699.0,51,4.56
898,726.0,51,4.59
899,757.0,51,4.79
900,799.0,53,4.78
901,778.0,53,4.82
902,758.0,52,4.76
903,735.0,51,4.61
904,754.0,53,4.52
905,775.0,54,4.41
906,798.0,55,4.26
907,824.0,58,4.26
908,853.0,61,4.37
909,883.0,61,4.45
910,897.0,60,4.68
911,922.0,61,4.81
912,968.0,59,4.86
913,986.0,57,4.81
914,1004.0,55,4.82
915,1022.0,54,4.67
916,1041.0,54,4.49
917,1095.0,58,4.55
918,1120.0,59,4.63
919,1146.0,59,4.72
920,1173.0,59,4.45
921,1232.0,60,4.35
922,1149.0,55,4.13
923,1088.0,53,4.05
924,1038.0,52,4.01
925,995.0,49,4.13
926,980.0,50,4.2
927,964.0,48,4.35
928,949.0,47,4.56
929,935.0,47,4.7
930,918.0,45,4.86
931,903.0,43,4.89
932,830.0,42,4.97
933,742.0,39,4.95
934,681.0,38,4.91
935,629.0,36,4.93
936,584.0,37,5.16
937,561.0,38,5.23
938,526.0,37,5.4
939,504.0,37,5.47
940,491.0,37,5.42
941,493.0,39,5.33
942,484.0,39,5.26
943,512.0,40,5.09
944,505.0,41,4.83
945,507.0,41,4.51
946,511.0,42,4.14
947,557.0,47,3.91
948,591.0,47,3.74
949,630.0,50,3.65
950,672.0,53,3.57
951,712.0,55,3.43
952,752.0,55,3.37
953,765.0,54,3.46
954,679.0,50,3.33
955,660.0,49,3.33
956,642.0,51,3.28
957,630.0,52,3.39
958,621.0,51,3.45
959,618.0,52,3.53
960,618.0,51,3.58
961,631.0,53,3.64
962,630.0,51,3.69
963,651.0,52,3.73
964,654.0,51,3.76
965,661.0,49,3.67
966,686.0,49,3.67
967,710.0,49,3.7
968,742.0,48,3.78
969,769.0,48,3.98
970,801.0,47,4.31
971,837.0,50,4.55
972,847.0,48,4.72
973,871.0,46,4.7
974,898.0,45,4.71
975,932.0,44,4.66
976,959.0,44,4.78
977,998.0,46,4.88
978,1032.0,47,4.93
979,1069.0,48,5.1
980,1106.0,48,5.1
981,1155.0,49,5.08
982,1193.0,49,5.01
983,1233.0,51,5.01
984,1169.0,49,4.9
985,1016.0,48,4.83
986,892.0,44,4.74
987,809.0,41,4.64
988,748.0,40,4.7
989,702.0,41,4.91
990,668.0,39,4.89
991,639.0,40,5.12
992,667.0,44,5.21
993,636.0,43,5.39
994,616.0,41,5.48
995,599.0,40,5.47
996,628.0,42,5.49
997,662.0,43,5.58
998,644.0,42,5.48
999,627.0,40,5.52
1000,623.0,41,5.49
1001,616.0,42,5.62
1002,617.0,43,5.64
1003,539.0,41,5.65
1004,480.0,39,5.71
1005,440.0,37,5.86
1006,431.0,35,6.05
1007,434.0,36,6.34
1008,440.0,36,6.49
1009,458.0,35,6.45
1010,478.0,35,6.38
1011,514.0,36,6.41
1012,552.0,38,6.4
1013,592.0,40,6.17
1014,634.0,42,6.04
1015,679.0,45,5.97
1016,726.0,47,5.68
1017,775.0,49,5.53
1018,827.0,52,5.26
1019,876.0,51,5.2
1020,928.0,54,4.83
1021,984.0,57,4.67
1022,1042.0,58,4.43
1023,1101.0,59,4.37
1024,1164.0,63,4.16
1025,1225.0,62,4.05
1026,1290.0,65,3.97
1027,1355.0,65,4.02
1028,1421.0,66,4.06
1029,1488.0,67,4.1
1030,1555.0,67,4.19
1031,1623.0,68,3.97
1032,1660.0,67,3.84
1033,1713.0,68,3.74
1034,1767.0,68,3.58
1035,1821.0,68,3.41
1036,1879.0,70,3.32
1037,1838.0,69,3.16
1038,1718.0,65,3.18
1039,1604.0,64,3.25
1040,1493.0,61,3.32
1041,1389.0,62,3.56
1042,1305.0,59,3.65
1043,1237.0,55,3.83
1044,1178.0,53,3.95
1045,1168.0,53,4.29
1046,1131.0,52,4.39
1047,1139.0,54,4.47
1048,1101.0,51,4.55
1049,1065.0,51,4.69
1050,1075.0,51,4.83
1051,1016.0,49,4.94
1052,975.0,48,5.18
1053,936.0,47,5.29
1054,899.0,45,5.32
1055,865.0,46,5.23
1056,804.0,44,5.18
1057,772.0,47,5.2
1058,774.0,49,5.28
1059,770.0,48,5.19
1060,772.0,51,5.17
1061,782.0,55,5.09
1062,797.0,57,4.93
1063,830.0,56,4.81
1064,815.0,55,4.78
1065,803.0,56,4.84
1066,793.0,57,4.72
1067,793.0,59,4.66
1068,791.0,58,4.57
1069,792.0,60,4.7
1070,836.0,61,4.75
1071,842.0,62,4.81
1072,845.0,61,4.72
1073,851.0,59,4.65
1074,842.0,56,4.68
1075,838.0,54,4.65
1076,844.0,55,4.75
1077,864.0,56,4.63
1078,886.0,56,4.8
1079,913.0,55,4.68
1080,949.0,54,4.81
1081,985.0,54,4.83
1082,1027.0,55,4.88
1083,1071.0,56,4.88
1084,1115.0,56,4.75
1085,1163.0,59,4.75
1086,1218.0,60,4.64
1087,1263.0,61,4.6
1088,1311.0,63,4.58
1089,1363.0,65,4.5
1090,1336.0,63,4.45
1091,1260.0,63,4.58
1092,1195.0,60,4.77
1093,1135.0,57,4.79
1094,1104.0,55,5.09
1095,1080.0,53,5.18
1096,1071.0,54,5.27
1097,1058.0,51,5.32
1098,1047.0,52,5.29
1099,1038.0,49,5.49
1100,1081.0,51,5.43
1101,1082.0,50,5.44
1102,1085.0,50,5.32
1103,1100.0,51,5.15
1104,1120.0,54,4.93
1105,1143.0,54,4.91
1106,1170.0,57,4.83
1107,1194.0,60,4.75
1108,1249.0,60,4.56
1109,1152.0,57,4.58
1110,1060.0,55,4.56
1111,972.0,51,4.67
1112,884.0,49,4.67
1113,798.0,46,4.76
1114,713.0,44,4.82
1115,649.0,41,4.85
1116,610.0,41,4.93
1117,566.0,39,4.94
1118,492.0,36,5.13
1119,446.0,36,5.14
1120,429.0,34,5.21
1121,391.0,32,5.42
1122,394.0,33,5.59
1123,401.0,34,5.8
1124,410.0,35,5.9
1125,420.0,35,6.1
1126,428.0,33,6.14
1127,439.0,35,6.26
1128,477.0,38,6.33
1129,489.0,37,6.26
1130,498.0,35,6.02
1131,510.0,36,6.02
1132,524.0,37,5.9
1133,542.0,41,5.81
1134,569.0,40,5.6
1135,611.0,42,5.25
1136,653.0,43,5.14
1137,696.0,44,4.96
1138,743.0,47,4.76
1139,792.0,49,4.64
1140,837.0,52,4.49
1141,884.0,53,4.36
1142,933.0,54,4.22
1143,941.0,54,4.28
1144,952.0,54,4.07
1145,964.0,54,4.15
1146,979.0,55,3.86
1147,989.0,53,3.68
1148,1000.0,52,3.62
1149,1014.0,52,3.5
1150,990.0,54,3.6
1151,973.0,53,3.6
1152,971.0,55,3.55
1153,991.0,54,3.49
1154,1014.0,55,3.57
1155,1038.0,56,3.53
1156,1062.0,56,3.55
1157,1121.0,59,3.62
1158,1142.0,60,3.72
1159,1163.0,60,3.77
1160,1191.0,60,3.75
1161,1220.0,59,3.57
1162,1155.0,57,3.46
1163,1094.0,56,3.53
1164,1038.0,55,3.64
1165,992.0,54,3.67
1166,969.0,51,3.85
1167,927.0,49,4.1
1168,900.0,48,4.23
1169,875.0,47,4.3
1170,897.0,47,4.27
1171,823.0,45,4.5
1172,716.0,43,4.68
1173,645.0,39,4.94
1174,584.0,36,5.23
1175,539.0,35,5.36
1176,507.0,33,5.58
1177,479.0,30,5.69
1178,512.0,33,5.82
1179,491.0,33,5.82
1180,485.0,33,5.69
1181,480.0,32,5.72
1182,477.0,33,5.67
1183,475.0,33,5.78
1184,478.0,34,5.86
1185,482.0,34,5.9
1186,488.0,34,5.84
1187,492.0,34,5.99
1188,524.0,34,5.94
1189,557.0,35,5.92
1190,591.0,35,5.96
1191,627.0,36,6.05
1192,665.0,38,6.09
1193,704.0,39,6.07
1194,743.0,39,5.93
1195,783.0,40,5.77
1196,746.0,41,5.68
1197,730.0,39,5.56
1198,732.0,39,5.56
1199,742.0,41,5.52
1200,753.0,41,5.27
1201,795.0,42,5.07
1202,838.0,43,4.83
1203,803.0,44,4.61
1204,772.0,45,4.7
1205,745.0,45,4.52
1206,738.0,44,4.48
1207,704.0,43,4.48
1208,674.0,42,4.5
1209,656.0,40,4.62
1210,662.0,40,4.69
1211,642.0,39,4.9
1212,641.0,35,4.92
1213,656.0,35,5.06
1214,674.0,35,5.29
1215,590.0,34,5.48
1216,514.0,33,5.67
1217,457.0,33,5.96
1218,402.0,32,5.98
1219,354.0,31,6.18
1220,308.0,29,6.2
1221,284.0,29,6.17
1222,254.0,27,6.23
1223,244.0,27,6.28
1224,263.0,28,6.19
1225,258.0,28,6.17
1226,256.0,28,6.2
1227,266.0,30,6.11
1228,285.0,33,6.16
1229,299.0,34,6.18
1230,302.0,34,6.06
1231,299.0,31,6.02
1232,299.0,31,5.85
1233,319.0,33,5.77
1234,335.0,34,5.51
1235,351.0,35,5.28
1236,376.0,40,5.19
1237,412.0,41,5.13
1238,441.0,42,4.84
1239,467.0,44,4.75
1240,500.0,46,4.67
1241,525.0,44,4.52
1242,539.0,46,4.56
1243,558.0,44,4.6
1244,576.0,43,4.65
1245,599.0,42,4.69
1246,625.0,45,4.7
1247,650.0,43,4.58
1248,688.0,44,4.56
1249,717.0,44,4.39
1250,682.0,42,4.42
1251,674.0,40,4.57
1252,675.0,38,4.78
1253,676.0,37,4.84
1254,681.0,36,5.03
1255,684.0,34,5.24
1256,698.0,34,5.44
1257,723.0,34,5.67
1258,750.0,36,5.86
1259,778.0,37,6.01
1260,813.0,37,6.14
1261,848.0,37,6.16
1262,884.0,37,6.18
1263,920.0,37,6.13
1264,856.0,35,6.08
1265,796.0,36,6.09
1266,734.0,34,6.12
1267,677.0,35,6.16
1268,622.0,36,6.05
1269,571.0,35,6.06
1270,518.0,33,6.17
1271,479.0,34,6.31
1272,414.0,32,6.35
1273,363.0,32,6.34
1274,349.0,32,6.23
1275,279.0,29,6.33
1276,258.0,26,6.36
1277,283.0,29,6.48
1278,310.0,30,6.62
1279,339.0,31,6.88
1280,373.0,34,6.88
1281,409.0,36,7.1
1282,446.0,37,7.19
1283,484.0,38,7.25
1284,524.0,40,7.24
1285,564.0,40,7.06
1286,605.0,41,7.07
1287,647.0,42,7.02
1288,689.0,42,6.86
1289,731.0,42,6.71
1290,774.0,43,6.32
1291,817.0,43,6.3
1292,861.0,44,6.07
1293,906.0,45,6.02
1294,952.0,46,5.67
1295,1000.0,48,5.34
1296,928.0,44,5.2
1297,868.0,42,5.11
1298,807.0,39,4.87
1299,767.0,38,4.85
1300,749.0,40,4.82
1301,731.0,40,4.79
1302,722.0,38,4.85
1303,722.0,38,4.7
1304,725.0,40,4.69
1305,730.0,42,4.69
1306,682.0,41,4.65
1307,645.0,40,4.64
1308,608.0,39,4.73
1309,609.0,39,4.96
1310,574.0,39,5.17
1311,524.0,39,5.14
1312,520.0,38,5.06
1313,522.0,38,4.94
1314,526.0,39,4.91
1315,532.0,41,4.97
1316,576.0,44,5.03
1317,583.0,43,5.0
1318,591.0,42,5.01
1319,601.0,43,5.0
1320,646.0,45,4.89
1321,657.0,45,4.9
1322,673.0,46,4.84
1323,692.0,48,4.89
1324,716.0,50,4.88
1325,741.0,50,4.95
1326,791.0,50,4.96
1327,816.0,51,5.01
1328,829.0,50,5.17
1329,849.0,50,5.24
1330,879.0,52,5.18
1331,911.0,51,5.14
1332,879.0,48,5.18
1333,849.0,46,5.36
1334,818.0,44,5.53
1335,799.0,42,5.63
1336,799.0,41,5.7
1337,799.0,40,5.73
1338,785.0,39,5.8
1339,779.0,37,5.94
1340,775.0,36,6.18
1341,773.0,36,6.32
1342,769.0,34,6.49
1343,804.0,35,6.55
1344,830.0,34,6.52
1345,857.0,34,6.49
1346,885.0,33,6.33
1347,921.0,36,6.22
1348,958.0,37,6.1
1349,888.0,36,6.03
1350,824.0,36,5.99
1351,759.0,36,5.98
1352,719.0,34,5.82
1353,706.0,34,5.78
1354,697.0,35,5.72
1355,688.0,35,5.74
1356,682.0,36,5.99
1357,680.0,35,5.93
1358,680.0,36,5.91
1359,622.0,35,5.86
1360,580.0,33,5.9
1361,554.0,32,5.98
1362,554.0,33,5.99
1363,556.0,33,6.07
1364,565.0,33,6.01
1365,580.0,33,6.02
1366,602.0,32,5.91
1367,635.0,33,5.94
1368,670.0,35,6.01
1369,706.0,36,5.84
1370,743.0,37,5.64
1371,782.0,39,5.35
1372,823.0,41,5.21
1373,865.0,42,5.05
1374,910.0,45,4.9
1375,956.0,46,4.9
1376,1004.0,48,4.94
1377,975.0,47,5.08
1378,949.0,47,5.13
1379,927.0,45,5.02
1380,916.0,46,4.8
1381,834.0,42,4.75
1382,775.0,41,4.6
1383,802.0,41,4.49
1384,774.0,39,4.53
1385,758.0,39,4.63
1386,749.0,42,4.72
1387,742.0,42,4.78
1388,679.0,40,5.01
1389,658.0,39,5.12
1390,638.0,38,5.13
1391,647.0,36,5.04
1392,641.0,35,4.93
1393,638.0,37,4.76
1394,648.0,37,4.67
1395,661.0,38,4.63
1396,673.0,37,4.78
1397,688.0,38,4.83
1398,704.0,38,4.94
1399,742.0,38,4.94
1400,757.0,38,5.11
1401,773.0,39,5.04
1402,702.0,37,5.08
1403,660.0,36,5.04
1404,626.0,35,4.99
1405,613.0,36,5.01
1406,581.0,36,5.12
1407,550.0,37,5.23
1408,518.0,36,5.22
1409,488.0,37,5.34
1410,460.0,37,5.4
1411,437.0,37,5.45
1412,414.0,34,5.43
1413,411.0,33,5.53
1414,416.0,32,5.65
1415,422.0,32,5.85
1416,445.0,31,6.01
1417,470.0,31,6.0
1418,504.0,34,5.97
1419,538.0,34,5.87
1420,574.0,36,5.67
1421,611.0,37,5.42
1422,652.0,41,5.55
1423,697.0,45,5.42
1424,718.0,45,5.38
1425,762.0,46,5.18
1426,810.0,48,5.16
1427,780.0,49,5.21
1428,777.0,49,5.13
1429,777.0,48,5.21
1430,776.0,47,5.38
1431,789.0,47,5.4
1432,808.0,48,5.33
1433,844.0,47,5.45
1434,892.0,48,5.74
1435,942.0,50,5.73
1436,973.0,49,5.64
1437,1023.0,50,5.59
1438,1074.0,51,5.6
1439,1078.0,50,5.46
1440,1085.0,51,5.32
1441,1001.0,50,5.17
1442,941.0,49,5.0
1443,903.0,50,4.84
1444,871.0,51,4.76
1445,870.0,51,4.62
1446,855.0,52,4.43
1447,868.0,53,4.39
1448,882.0,53,4.39
1449,900.0,53,4.41
1450,922.0,55,4.3
1451,944.0,54,4.21
1452,965.0,54,4.18
1453,993.0,54,4.13
1454,1023.0,56,4.03
1455,949.0,56,4.01
1456,898.0,54,4.26
1457,857.0,52,4.24
1458,824.0,54,4.24
1459,796.0,50,4.11
1460,779.0,51,4.15
1461,771.0,56,4.15
1462,768.0,54,4.35
1463,815.0,55,4.44
1464,824.0,55,4.48
1465,820.0,55,4.4
1466,817.0,52,4.45
1467,769.0,50,4.51
1468,731.0,49,4.63
1469,693.0,47,4.83
1470,656.0,44,4.88
1471,644.0,44,4.99
1472,658.0,45,5.04
1473,675.0,46,5.15
1474,690.0,46,5.16
1475,731.0,47,5.09
1476,777.0,47,5.16
1477,828.0,51,5.1
1478,880.0,52,5.07
1479,930.0,52,4.84
1480,982.0,52,4.71
1481,1036.0,54,4.59
1482,1091.0,55,4.37
1483,1147.0,56,4.28
1484,1205.0,58,4.14
1485,1221.0,60,4.05
1486,1238.0,60,4.13
1487,1274.0,62,4.07
1488,1310.0,61,4.19
1489,1372.0,62,4.3
1490,1408.0,62,4.22
1491,1443.0,61,4.11
1492,1444.0,60,4.02
1493,1454.0,58,3.83
1494,1368.0,57,3.75
1495,1292.0,56,3.59
1496,1209.0,54,3.57
1497,1135.0,55,3.44
1498,1055.0,52,3.42
1499,997.0,53,3.37
1500,974.0,53,3.3
1501,952.0,53,3.16
1502,934.0,56,3.17
1503,924.0,56,3.19
1504,946.0,56,3.03
1505,950.0,55,3.11
1506,933.0,55,3.03
1507,928.0,56,2.92
1508,898.0,55,2.83
1509,867.0,54,2.91
1510,836.0,51,2.9
1511,810.0,52,3.07
1512,811.0,53,3.22
1513,831.0,53,3.43
1514,854.0,55,3.67
1515,876.0,55,3.71
1516,903.0,58,3.76
1517,930.0,58,3.85
1518,959.0,60,3.82
1519,995.0,61,3.7
1520,1034.0,64,3.61
1521,1080.0,64,3.56
1522,1130.0,65,3.54
1523,1156.0,66,3.54
1524,1184.0,65,3.58
1525,1226.0,66,3.62
1526,1257.0,67,3.75
1527,1290.0,67,3.84
1528,1321.0,66,3.87
1529,1349.0,63,4.05
1530,1382.0,61,4.18
1531,1434.0,60,4.23
1532,1496.0,62,4.31
1533,1550.0,62,4.49
1534,1603.0,61,4.67
1535,1651.0,61,4.78
1536,1700.0,60,4.84
1537,1749.0,60,4.94
1538,1798.0,59,5.05
1539,1851.0,59,5.11
1540,1910.0,59,5.19
1541,1969.0,59,5.24
1542,2028.0,59,5.19
1543,2088.0,60,5.36
1544,2148.0,60,5.4
1545,2208.0,60,5.41
1546,2258.0,59,5.36
1547,2216.0,57,5.32
1548,2190.0,56,5.43
1549,2171.0,54,5.52
1550,2174.0,54,5.49
1551,2178.0,53,5.57
1552,2183.0,53,5.71
1553,2188.0,52,5.89
1554,2192.0,52,5.91
1555,2193.0,50,6.01
1556,2195.0,49,6.01
1557,2197.0,48,6.04
1558,2199.0,49,5.98
1559,2202.0,49,5.93
1560,2204.0,48,5.83
1561,2111.0,48,5.59
1562,1941.0,45,5.44
1563,1770.0,40,5.37
1564,1626.0,39,5.26
1565,1512.0,41,5.41
1566,1422.0,39,5.36
1567,1377.0,38,5.44
1568,1322.0,39,5.52
1569,1311.0,38,5.46
1570,1288.0,39,5.39
1571,1260.0,39,5.26
1572,1247.0,40,5.1
1573,1281.0,41,4.98
1574,1321.0,43,4.77
1575,1367.0,46,4.65
1576,1416.0,49,4.46
1577,1454.0,50,4.15
1578,1495.0,53,4.02
1579,1530.0,55,3.9
1580,1569.0,57,3.74
1581,1611.0,60,3.6
1582,1646.0,59,3.47
1583,1687.0,61,3.4
1584,1725.0,60,3.42
1585,1763.0,59,3.64
1586,1803.0,57,3.83
1587,1851.0,58,4.05
1588,1893.0,55,4.11
1589,1825.0,53,4.28
1590,1756.0,51,4.46
1591,1670.0,49,4.77
1592,1576.0,48,4.84
1593,1480.0,46,5.14
1594,1385.0,45,5.13
1595,1403.0,44,5.2
1596,1309.0,45,5.14
1597,1216.0,45,4.87
1598,1122.0,43,4.64
1599,1040.0,42,4.51
1600,910.0,39,4.24
1601,810.0,39,4.11
1602,781.0,39,4.21
1603,756.0,41,4.38
1604,731.0,41,4.42
1605,705.0,39,4.42
1606,679.0,38,4.51
1607,668.0,39,4.65
1608,671.0,39,4.75
1609,662.0,38,4.91
1610,655.0,37,4.97
1611,651.0,38,4.9
1612,691.0,40,4.73
1613,696.0,39,4.63
1614,653.0,40,4.6
1615,610.0,40,4.47
1616,571.0,42,4.45
1617,576.0,42,4.29
1618,552.0,44,4.11
1619,543.0,42,4.07
1620,539.0,45,4.02
1621,522.0,47,3.93
1622,535.0,47,3.89
1623,542.0,47,3.71
1624,570.0,45,3.66
1625,604.0,44,3.65
1626,643.0,46,3.72
1627,692.0,49,3.78
1628,739.0,52,3.83
1629,790.0,53,3.91
1630,844.0,56,3.89
1631,901.0,58,3.97
1632,963.0,62,3.93
1633,995.0,62,3.96
1634,1030.0,62,3.89
1635,1075.0,62,3.83
1636,1127.0,61,3.95
1637,1181.0,62,4.09
1638,1235.0,61,4.28
1639,1288.0,60,4.49
1640,1349.0,61,4.68
1641,1412.0,63,4.74
1642,1475.0,63,4.79
1643,1539.0,64,4.8
1644,1605.0,66,4.79
1645,1671.0,66,4.82
1646,1738.0,67,4.79
1647,1802.0,67,4.81
1648,1868.0,67,4.79
1649,1935.0,67,4.76
1650,2002.0,67,4.72
1651,2070.0,68,4.64
1652,2138.0,68,4.45
1653,2108.0,68,4.26
1654,2080.0,68,4.13
1655,2090.0,68,4.15
1656,2109.0,68,4.16
1657,2129.0,69,4.21
1658,2151.0,71,4.41
1659,2174.0,71,4.35
1660,2196.0,70,4.26
1661,2210.0,69,4.32
1662,2275.0,69,4.16
1663,2289.0,67,4.17
1664,2309.0,68,4.07
1665,2222.0,65,3.98
1666,2135.0,64,3.9
1667,2065.0,61,4.03
1668,1999.0,60,3.92
1669,1936.0,57,4.15
1670,1889.0,55,4.14
1671,1852.0,56,4.21
1672,1818.0,56,4.33
1673,1782.0,54,4.54
1674,1746.0,54,4.73
1675,1711.0,53,4.83
1676,1670.0,51,5.01
1677,1629.0,49,5.11
1678,1655.0,48,5.13
1679,1661.0,45,5.23
1680,1677.0,45,5.28
1681,1694.0,45,5.36
1682,1741.0,47,5.33
1683,1789.0,48,5.29
1684,1838.0,49,5.2
1685,1887.0,51,5.09
1686,1938.0,52,5.06
1687,1991.0,53,5.06
1688,2044.0,53,5.06
1689,2098.0,54,4.9
1690,2154.0,56,4.86
1691,2212.0,58,4.54
1692,2269.0,59,4.35
1693,2301.0,58,4.0
1694,2348.0,56,3.84
1695,2402.0,57,3.67
1696,2458.0,57,3.58
1697,2516.0,58,3.57
1698,2574.0,58,3.64
1699,2633.0,59,3.53
1700,2692.0,59,3.49
1701,2752.0,60,3.59
1702,2812.0,60,3.67
1703,2873.0,61,3.75
1704,2934.0,61,3.59
1705,2996.0,62,3.6
1706,2961.0,60,3.55
1707,2929.0,60,3.61
1708,2910.0,60,3.57
1709,2889.0,58,3.63
1710,2874.0,57,3.57
1711,2674.0,54,3.68
1712,2516.0,54,3.61
1713,2367.0,52,3.67
1714,2229.0,50,3.73
1715,2094.0,48,3.82
1716,1987.0,45,3.83
1717,1864.0,43,3.82
1718,1751.0,41,3.94
1719,1511.0,37,4.13
1720,1283.0,36,4.18
1721,1083.0,34,4.29
1722,894.0,32,4.64
1723,706.0,31,5.01
1724,616.0,30,5.29
1725,555.0,30,5.42
1726,500.0,30,5.46
1727,442.0,29,5.51
1728,388.0,31,5.55
1729,337.0,32,5.52
1730,371.0,34,5.45
1731,406.0,35,5.4
1732,443.0,37,5.49
1733,483.0,40,5.4
1734,525.0,42,5.48
1735,568.0,43,5.53
1736,612.0,44,5.41
1737,656.0,44,5.31
1738,700.0,44,5.13
1739,744.0,44,4.98
1740,789.0,45,5.0
1741,835.0,46,5.04
1742,882.0,47,4.89
1743,914.0,46,4.87
1744,947.0,45,4.85
1745,979.0,45,4.92
1746,1011.0,44,4.95
1747,1055.0,44,4.87
1748,1100.0,45,4.97
1749,1146.0,46,5.04
1750,1193.0,47,5.19
1751,1219.0,47,5.21
1752,1246.0,46,5.07
1753,1282.0,47,4.85
1754,1322.0,49,4.87
1755,1364.0,49,4.61
1756,1312.0,48,4.74
1757,1276.0,46,4.78
1758,1263.0,44,4.74
1759,1261.0,45,4.68
1760,1259.0,45,4.53
1761,1261.0,48,4.48
1762,1266.0,50,4.44
1763,1275.0,53,4.19
1764,1232.0,53,4.01
1765,1190.0,52,3.65
1766,1144.0,51,3.42
1767,1081.0,49,3.06
1768,1031.0,49,2.92
1769,988.0,49,2.75
1770,996.0,51,2.94
1771,932.0,48,3.0
1772,880.0,45,3.09
1773,840.0,45,3.2
1774,836.0,45,3.48
1775,824.0,44,3.72
1776,823.0,43,3.97
1777,841.0,44,4.26
1778,887.0,47,4.45
1779,923.0,46,4.39
1780,962.0,47,4.5
1781,1002.0,47,4.68
1782,1043.0,48,4.7
1783,1084.0,47,4.73
1784,1126.0,48,4.63
1785,1171.0,50,4.53
1786,1221.0,51,4.31
1787,1272.0,53,4.06
1788,1326.0,54,3.86
1789,1381.0,55,3.88
1790,1437.0,56,4.0
1791,1494.0,57,4.08
1792,1533.0,58,4.16
1793,1574.0,57,4.14
1794,1615.0,57,4.19
1795,1657.0,56,4.3
1796,1700.0,57,4.44
1797,1744.0,57,4.6
1798,1789.0,57,4.84
1799,1834.0,57,4.93
1800,1879.0,56,4.81
1801,1937.0,58,4.67
1802,1866.0,56,4.8
1803,1796.0,56,4.7
1804,1651.0,53,4.73
1805,1513.0,53,4.77
1806,1388.0,49,4.71
1807,1272.0,46,4.66
1808,1153.0,44,4.8
1809,967.0,39,4.93
1810,927.0,37,5.27
1811,820.0,36,5.47
1812,713.0,32,5.68
1813,650.0,31,5.91
1814,567.0,29,5.96
1815,577.0,31,5.73
1816,590.0,32,5.75
1817,589.0,33,5.63
1818,588.0,31,5.47
1819,594.0,32,5.5
1820,618.0,32,5.54
1821,656.0,38,5.32
1822,695.0,39,5.23
1823,735.0,40,5.03
1824,675.0,42,4.65
1825,659.0,43,4.56
1826,644.0,44,4.47
1827,635.0,48,4.5
1828,629.0,49,4.44
1829,593.0,47,4.48
1830,570.0,47,4.44
1831,592.0,44,4.35
1832,569.0,43,4.41
1833,548.0,43,4.46
1834,528.0,42,4.57
1835,510.0,41,4.58
1836,493.0,40,4.48
1837,519.0,39,4.32
1838,547.0,41,4.26
1839,583.0,43,4.11
1840,560.0,41,4.18
1841,558.0,41,4.16
1842,562.0,39,4.27
1843,564.0,37,4.24
1844,595.0,39,4.39
1845,628.0,40,4.34
1846,661.0,40,4.31
1847,699.0,42,4.44
1848,740.0,46,4.45
1849,782.0,47,4.52
1850,827.0,47,4.46
1851,874.0,49,4.45
1852,876.0,50,4.36
1853,880.0,49,4.19
1854,886.0,50,4.0
1855,823.0,46,3.82
1856,770.0,46,3.76
1857,671.0,46,3.79
1858,578.0,46,3.92
1859,506.0,44,3.94
1860,464.0,42,4.1
1861,430.0,43,4.24
1862,433.0,42,4.48
1863,420.0,40,4.55
1864,416.0,41,4.55
1865,442.0,42,4.7
1866,480.0,43,4.84
1867,513.0,44,4.84
1868,537.0,45,4.79
1869,561.0,45,4.82
1870,598.0,47,4.85
1871,637.0,49,4.84
1872,679.0,52,4.7
1873,725.0,55,4.5
1874,755.0,55,4.52
1875,798.0,54,4.19
1876,846.0,55,4.07
1877,895.0,56,3.99
1878,955.0,60,4.2
1879,1010.0,62,4.2
1880,1065.0,62,4.29
1881,1128.0,63,4.31
1882,1110.0,65,4.4
1883,1058.0,61,4.44
1884,1049.0,63,4.48
1885,1047.0,62,4.34
1886,1016.0,59,4.29
1887,995.0,58,4.16
1888,975.0,56,4.09
1889,955.0,55,4.04
1890,949.0,54,4.25
1891,949.0,53,4.43
1892,953.0,52,4.59
1893,979.0,54,4.71
1894,997.0,54,4.75
1895,971.0,50,4.96
1896,947.0,48,5.07
1897,923.0,45,5.08
1898,916.0,45,4.96
1899,921.0,46,4.83
1900,919.0,44,4.8
1901,946.0,46,4.87
1902,978.0,50,4.72
1903,1009.0,49,4.56
1904,1046.0,50,4.35
1905,1086.0,52,4.22
1906,1103.0,51,4.19
1907,1141.0,54,4.19
1908,1074.0,52,4.31
1909,1008.0,50,4.33
1910,977.0,50,4.37
1911,948.0,49,4.43
1912,901.0,49,4.64
1913,866.0,48,4.69
1914,836.0,51,4.67
1915,815.0,51,4.87
1916,800.0,55,4.86
1917,843.0,55,4.81
1918,825.0,55,4.83
1919,812.0,55,4.94
1920,800.0,56,4.77
1921,857.0,57,4.83
1922,907.0,60,4.71
1923,957.0,59,4.54
1924,1008.0,60,4.36
1925,1064.0,63,4.41
1926,1119.0,62,4.27
1927,1141.0,65,4.33
1928,1154.0,63,4.25
1929,1182.0,62,4.18
1930,1214.0,61,4.14
1931,1273.0,64,4.14
1932,1335.0,65,4.0
1933,1399.0,67,3.9
1934,1469.0,70,3.87
1935,1447.0,72,3.73
1936,1429.0,71,3.63
1937,1420.0,70,3.64
1938,1417.0,72,3.54
1939,1415.0,72,3.59
1940,1414.0,72,3.75
1941,1415.0,70,3.9
1942,1361.0,69,4.13
1943,1311.0,67,4.27
1944,1268.0,66,4.46
1945,1264.0,63,4.56
1946,1217.0,62,4.57
1947,1220.0,62,4.53
1948,1222.0,62,4.53
1949,1226.0,62,4.55
1950,1275.0,65,4.55
1951,1297.0,64,4.65
1952,1337.0,67,4.66
1953,1368.0,67,4.51
1954,1399.0,65,4.4
1955,1433.0,66,4.4
1956,1474.0,67,4.31
1957,1527.0,68,4.37
1958,1583.0,70,4.3
1959,1558.0,69,4.33
1960,1538.0,68,4.37
1961,1538.0,68,4.38
1962,1473.0,66,4.42
1963,1414.0,63,4.53
1964,1364.0,60,4.71
1965,1353.0,58,4.91
1966,1354.0,56,4.95
1967,1353.0,54,5.06
1968,1355.0,54,5.11
1969,1307.0,54,5.22
1970,1230.0,51,5.28
1971,1167.0,49,5.25
1972,1106.0,47,5.3
1973,1052.0,46,5.36
1974,996.0,46,5.24
1975,942.0,45,5.21
1976,889.0,46,5.33
1977,839.0,45,5.39
1978,857.0,44,5.36
1979,821.0,45,5.26
1980,788.0,47,5.41
1981,756.0,47,5.36
1982,805.0,49,5.45
1983,837.0,48,5.39
1984,871.0,50,5.42
1985,906.0,51,5.29
1986,943.0,51,5.1
1987,982.0,53,5.12
1988,1022.0,54,4.73
1989,1063.0,55,4.67
1990,1105.0,56,4.27
1991,1151.0,58,4.02
1992,1191.0,59,3.64
1993,1222.0,61,3.36
1994,1263.0,63,3.25
1995,1182.0,61,3.02
1996,1150.0,61,3.01
1997,1124.0,61,3.02
1998,1101.0,61,3.09
1999,1081.0,64,3.19
2000,1065.0,65,3.38
2001,1051.0,65,3.45
2002,1041.0,66,3.61
2003,953.0,62,3.63
2004,920.0,62,3.72
2005,941.0,61,3.87
2006,919.0,62,4.09
2007,899.0,64,4.11
2008,933.0,63,4.15
2009,970.0,66,4.06
2010,1005.0,64,4.09
2011,1044.0,66,4.04
2012,1058.0,67,4.0
2013,1101.0,69,3.9
2014,1073.0,70,3.99
2015,989.0,67,4.03
2016,925.0,68,4.05
2017,901.0,66,4.08
2018,889.0,64,4.15
2019,909.0,66,4.22
2020,923.0,67,4.43
2021,936.0,65,4.42
2022,952.0,66,4.52
2023,970.0,68,4.62
2024,1017.0,69,4.62
2025,1038.0,69,4.55
2026,1059.0,68,4.39
2027,1096.0,69,4.31
2028,1138.0,70,4.04
2029,1188.0,69,4.03
2030,1240.0,70,3.88
2031,1293.0,70,3.9
2032,1325.0,70,3.8
2033,1340.0,68,3.79
2034,1356.0,68,3.75
2035,1350.0,68,3.8
2036,1330.0,67,3.99
2037,1328.0,68,4.19
2038,1326.0,68,4.28
2039,1326.0,68,4.41
2040,1329.0,67,4.49
2041,1341.0,67,4.61
2042,1383.0,67,4.69
2043,1410.0,67,4.8
2044,1437.0,65,4.91
2045,1499.0,64,4.92
2046,1564.0,65,4.9
2047,1629.0,65,4.91
2048,1694.0,65,4.95
2049,1759.0,65,4.94
2050,1825.0,66,5.09
2051,1891.0,66,5.14
2052,1957.0,66,5.14
2053,2023.0,66,5.02
2054,2089.0,66,4.79
2055,2155.0,66,4.58
2056,2222.0,67,4.49
2057,2291.0,69,4.31
2058,2362.0,71,4.08
2059,2434.0,72,3.97
2060,2507.0,73,3.87
2061,2582.0,75,3.73
2062,2659.0,77,3.78
2063,2737.0,78,3.58
2064,2816.0,79,3.48
2065,2792.0,79,3.4
2066,2774.0,79,3.3
2067,2762.0,80,3.13
2068,2655.0,79,3.06
2069,2578.0,75,3.09
2070,2509.0,75,3.09
2071,2444.0,74,3.11
2072,2383.0,73,2.96
2073,2371.0,71,2.95
2074,2359.0,71,2.88
2075,2353.0,71,2.93
2076,2323.0,73,3.07
2077,2265.0,74,2.99
2078,2206.0,71,3.01
2079,2150.0,70,2.96
2080,2117.0,72,2.93
2081,2090.0,73,2.94
2082,2069.0,74,3.01
2083,2134.0,77,2.92
2084,2116.0,75,3.0
2085,2021.0,72,3.07
2086,1922.0,69,3.21
2087,1831.0,66,3.29
2088,1685.0,65,3.39
2089,1543.0,63,3.44
2090,1408.0,60,3.57
2091,1249.0,60,3.69
2092,1189.0,58,3.9
2093,1081.0,59,3.95
2094,1055.0,59,3.96
2095,1053.0,63,4.12
2096,1031.0,62,4.2
2097,1011.0,63,4.32
2098,994.0,64,4.34
2099,980.0,65,4.4
2100,963.0,66,4.42
2101,1010.0,66,4.44
2102,999.0,67,4.43
2103,993.0,66,4.37
2104,1053.0,68,4.34
2105,1123.0,70,4.35
2106,1194.0,71,4.29
2107,1265.0,71,4.16
2108,1338.0,73,4.05
2109,1415.0,77,4.09
2110,1460.0,78,4.13
2111,1507.0,78,4.18
2112,1553.0,78,4.23
2113,1614.0,79,4.17
2114,1685.0,77,4.24
2115,1757.0,77,4.15
2116,1833.0,80,4.1
2117,1911.0,82,3.83
2118,1891.0,82,3.68
2119,1918.0,83,3.43
2120,1966.0,86,3.14
2121,1912.0,86,3.21
2122,1865.0,82,3.08
2123,1827.0,80,3.11
2124,1813.0,80,3.02
2125,1810.0,79,3.04
2126,1861.0,78,2.91
2127,1864.0,78,3.07
2128,1857.0,80,3.0
2129,1827.0,81,2.98
2130,1796.0,80,3.06
2131,1770.0,81,3.04
2132,1747.0,79,2.97
2133,1730.0,77,3.21
2134,1741.0,77,3.29
2135,1749.0,75,3.46
2136,1743.0,76,3.58
2137,1735.0,74,3.69
2138,1683.0,72,3.74
2139,1634.0,69,3.89
2140,1611.0,69,3.98
2141,1586.0,66,4.03
2142,1569.0,66,4.21
2143,1558.0,65,4.26
2144,1577.0,64,4.35
2145,1590.0,64,4.38
2146,1610.0,64,4.31
2147,1658.0,64,4.39
2148,1708.0,64,4.25
2149,1775.0,67,4.19
2150,1844.0,69,4.06
2151,1915.0,71,3.97
2152,1988.0,73,3.85
2153,2065.0,77,3.71
2154,2140.0,80,3.47
2155,2215.0,79,3.36
2156,2294.0,82,3.21
2157,2373.0,82,3.21
2158,2454.0,83,3.18
2159,2538.0,86,3.17
2160,2623.0,86,3.02
2161,2710.0,87,3.09
2162,2797.0,87,2.89
2163,2887.0,90,2.71
2164,2979.0,92,2.55
2165,3073.0,94,2.4
2166,3169.0,96,2.24
2167,3265.0,96,2.22
2168,3363.0,98,2.16
2169,3462.0,99,2.18
2170,3564.0,102,2.11
2171,3613.0,104,2.1
2172,3664.0,105,2.1
2173,3716.0,105,2.1
2174,3608.0,101,2.12
2175,3502.0,97,2.03
2176,3404.0,95,1.96
2177,3369.0,94,2.05
2178,3346.0,93,2.14
2179,3321.0,90,2.31
2180,3317.0,88,2.39
2181,3266.0,85,2.64
2182,3212.0,83,2.85
2183,3160.0,81,3.03
2184,3107.0,79,3.18
2185,3063.0,77,3.32
2186,3050.0,77,3.31
2187,3008.0,74,3.29
2188,2967.0,74,3.3
2189,2931.0,72,3.38
2190,2899.0,73,3.36
2191,2870.0,73,3.39
2192,2804.0,70,3.38
2193,2754.0,74,3.31
2194,2771.0,75,3.33
2195,2792.0,76,3.3
2196,2815.0,77,3.13
2197,2818.0,78,2.97
2198,2830.0,79,3.01
2199,2866.0,81,2.88
2200,2915.0,81,2.92
2201,2973.0,83,2.87
2202,3058.0,85,2.94
2203,3121.0,87,2.85
2204,3197.0,89,2.85
2205,3289.0,92,2.86
2206,3381.0,93,2.8
2207,3477.0,96,2.72
2208,3576.0,99,2.61
2209,3621.0,98,2.48
2210,3674.0,97,2.6
2211,3741.0,98,2.59
2212,3811.0,99,2.79
2213,3882.0,99,2.83
2214,3954.0,100,2.91
2215,4026.0,99,2.95
2216,4093.0,97,2.89
2217,4190.0,97,2.89
2218,4261.0,98,2.8
2219,4332.0,97,2.84
2220,4402.0,97,2.85
2221,4449.0,97,2.94
2222,4496.0,97,2.97
2223,4571.0,96,2.98
2224,4649.0,95,3.19
2225,4745.0,96,3.16
2226,4841.0,96,3.21
2227,4937.0,96,3.26
2228,5035.0,99,3.05
2229,5133.0,98,3.01
2230,5233.0,100,2.84
2231,5334.0,101,2.77
2232,5388.0,102,2.53
2233,5404.0,103,2.49
2234,5176.0,99,2.34
2235,4950.0,100,2.31
2236,4727.0,100,2.26
2237,4505.0,100,2.25
2238,4287.0,100,2.22
2239,4071.0,100,2.14
2240,3868.0,99,2.14
2241,3736.0,98,2.07
2242,3526.0,98,1.97
2243,3359.0,98,2.04
2244,3154.0,96,2.05
2245,3156.0,98,1.95
2246,3007.0,95,1.77
2247,2905.0,96,1.6
2248,2785.0,97,1.54
2249,2821.0,100,1.61
2250,2761.0,103,1.61
2251,2679.0,105,1.7
2252,2682.0,105,1.75
2253,2777.0,108,1.74
2254,2860.0,106,1.69
2255,2948.0,108,1.58
2256,3027.0,106,1.49
2257,3099.0,106,1.39
2258,3170.0,108,1.38
2259,3247.0,108,1.36
2260,3339.0,110,1.38
2261,3435.0,113,1.45
2262,3535.0,117,1.53
2263,3639.0,120,1.69
2264,3745.0,122,1.79
2265,3849.0,121,1.87
2266,3972.0,123,1.92
2267,4079.0,124,1.83
2268,4186.0,124,1.85
2269,4294.0,125,1.85
2270,4404.0,127,1.85
2271,4513.0,126,1.91
2272,4627.0,128,1.96
2273,4739.0,126,2.07
2274,4852.0,126,2.17
2275,4964.0,126,2.22
2276,5078.0,127,2.29
2277,5140.0,125,2.22
2278,5206.0,126,2.08
2279,5286.0,126,2.04
2280,5355.0,125,1.94
2281,5426.0,126,1.85
2282,5501.0,128,1.75
2283,5589.0,128,1.65
2284,5674.0,129,1.52
2285,5773.0,131,1.45
2286,5872.0,130,1.43
2287,5955.0,134,1.46
2288,6009.0,133,1.49
2289,6066.0,134,1.55
2290,6097.0,136,1.56
2291,6128.0,136,1.53
2292,6161.0,136,1.45
2293,6195.0,134,1.48
2294,6280.0,136,1.39
2295,6316.0,134,1.43
2296,6357.0,135,1.48
2297,6401.0,133,1.58
2298,6447.0,132,1.57
2299,6455.0,131,1.7
2300,6484.0,131,1.79
2301,6492.0,130,1.93
2302,6507.0,129,1.95
2303,6538.0,130,2.01
2304,6568.0,129,2.07
2305,6600.0,131,2.03
2306,6631.0,130,1.92
2307,6662.0,130,1.91
2308,6695.0,131,1.97
2309,6828.0,133,2.0
2310,6862.0,132,2.02
2311,6898.0,133,2.03
2312,7032.0,134,2.07
2313,7166.0,135,2.1
2314,7302.0,136,2.12
2315,7439.0,137,2.26
2316,7578.0,139,2.35
2317,7717.0,139,2.36
2318,7858.0,141,2.39
2319,8001.0,143,2.4
2320,8143.0,143,2.42
2321,8287.0,144,2.4
2322,8432.0,145,2.42
2323,8578.0,146,2.4
2324,8727.0,149,2.48
2325,8876.0,150,2.41
2326,9025.0,150,2.35
2327,9176.0,151,2.35
2328,9329.0,153,2.16
2329,9413.0,153,2.09
2330,9309.0,150,2.07
2331,9270.0,150,1.99
2332,9233.0,150,2.05
2333,9197.0,149,2.05
2334,9164.0,150,2.02
2335,9130.0,149,2.05
2336,9096.0,148,1.91
2337,9063.0,147,1.88
2338,9032.0,148,1.72
2339,9013.0,148,1.73
2340,8999.0,150,1.63
2341,9002.0,150,1.6
2342,9004.0,150,1.57
2343,9156.0,152,1.39
2344,9165.0,155,1.36
2345,9178.0,158,1.25
2346,9192.0,159,1.18
2347,9207.0,159,1.1
2348,9224.0,161,1.03
2349,9241.0,161,1.03
2350,9403.0,162,0.99
2351,9567.0,164,0.92
2352,9585.0,164,0.89
2353,9607.0,164,0.9
2354,9527.0,165,0.92
2355,9692.0,165,1.01
2356,9735.0,164,1.11
2357,9790.0,163,1.18
2358,9841.0,163,1.21
2359,9892.0,162,1.28
2360,9943.0,161,1.25
2361,9994.0,161,1.26
2362,10046.0,162,1.27
2363,10099.0,161,1.31
2364,10152.0,161,1.33
2365,10205.0,160,1.31
2366,10257.0,160,1.26
2367,10311.0,159,1.26
2368,10471.0,160,1.28
2369,10523.0,159,1.39
2370,10575.0,159,1.5
2371,10488.0,157,1.59
2372,10431.0,156,1.66
2373,10195.0,152,1.69
2374,9982.0,152,1.67
2375,9772.0,150,1.67
2376,9565.0,147,1.64
2377,9379.0,147,1.65
2378,9194.0,146,1.63
2379,9004.0,143,1.58
2380,8905.0,143,1.59
2381,8734.0,140,1.56
2382,8752.0,140,1.61
2383,8673.0,141,1.68
2384,8488.0,140,1.81
2385,8306.0,137,1.9
2386,8127.0,134,2.03
2387,7951.0,133,2.16
2388,7771.0,130,2.29
2389,7659.0,131,2.35
2390,7501.0,129,2.46
2391,7535.0,129,2.49
2392,7381.0,127,2.51
2393,7200.0,126,2.59
2394,7070.0,123,2.56
2395,6860.0,121,2.59
2396,6710.0,118,2.42
2397,6556.0,116,2.42
2398,6479.0,116,2.41
2399,6410.0,116,2.47
2400,6442.0,118,2.52
2401,6378.0,116,2.48
2402,6325.0,117,2.5
2403,6294.0,117,2.49
2404,6278.0,114,2.52
2405,6259.0,113,2.58
2406,6356.0,113,2.67
2407,6356.0,112,2.77
2408,6414.0,111,2.84
2409,6470.0,109,2.9
2410,6533.0,111,3.02
2411,6609.0,112,2.99
2412,6711.0,112,3.05
2413,6790.0,111,3.05
2414,6879.0,113,2.96
2415,6971.0,113,2.99
2416,7065.0,114,2.99
2417,7166.0,116,2.92
2418,7282.0,117,2.89
2419,7403.0,121,2.87
2420,7430.0,120,2.85
2421,7464.0,120,2.89
2422,7516.0,121,3.08
2423,7582.0,119,3.12
2424,7652.0,119,3.14
2425,7727.0,118,3.27
2426,7802.0,118,3.19
2427,7878.0,119,3.21
2428,7953.0,118,3.26
2429,8030.0,119,3.26
2430,8106.0,118,3.18
2431,8226.0,120,3.15
2432,8303.0,120,3.16
2433,8227.0,120,3.1
2434,8152.0,120,2.96
2435,8108.0,121,2.76
2436,8022.0,120,2.63
2437,7939.0,121,2.52
2438,7856.0,120,2.35
2439,7776.0,121,2.29
2440,7700.0,123,2.23
2441,7629.0,124,2.15
2442,7709.0,127,2.07
2443,7647.0,126,2.03
2444,7587.0,127,1.86
2445,7549.0,128,1.75
2446,7326.0,132,1.75
2447,7062.0,134,1.6
2448,6800.0,135,1.48
2449,6538.0,134,1.51
2450,6325.0,136,1.34
2451,6067.0,136,1.33
2452,5813.0,138,1.24
2453,5559.0,137,1.28
2454,5318.0,136,1.35
2455,5414.0,138,1.39
2456,5320.0,139,1.44
2457,5248.0,138,1.54
2458,5175.0,137,1.62
2459,5145.0,138,1.7
2460,5073.0,138,1.78
2461,5163.0,138,1.77
2462,5094.0,138,1.8
2463,5036.0,138,1.88
2464,4978.0,137,1.94
2465,4925.0,134,2.06
2466,4889.0,135,2.1
2467,4854.0,133,2.13
2468,4956.0,132,2.17
2469,4924.0,131,2.2
2470,4895.0,131,2.23
2471,4899.0,131,2.26
2472,4877.0,129,2.35
2473,4778.0,126,2.47
2474,4800.0,126,2.5
2475,4737.0,122,2.59
2476,4701.0,122,2.56
2477,4733.0,120,2.55
2478,4709.0,120,2.5
2479,4686.0,119,2.41
2480,4725.0,119,2.39
2481,4720.0,120,2.45
2482,4751.0,122,2.45
2483,4777.0,121,2.4
2484,4813.0,121,2.3
2485,4851.0,120,2.33
2486,4893.0,122,2.37
2487,4936.0,122,2.27
2488,5009.0,125,2.12
2489,4981.0,125,2.05
2490,5006.0,124,1.98
2491,4980.0,124,1.93
2492,4960.0,126,1.93
2493,4940.0,126,2.08
2494,4921.0,126,2.15
2495,4956.0,128,2.16
2496,4939.0,127,2.2
2497,4932.0,130,2.27
2498,4923.0,128,2.29
2499,4877.0,128,2.25
2500,4836.0,127,2.21
2501,4824.0,126,2.22
2502,4819.0,126,2.28
2503,4885.0,128,2.3
2504,4904.0,128,2.27
2505,4963.0,125,2.18
2506,5028.0,126,2.19
2507,5098.0,129,2.14
2508,5179.0,130,2.16
2509,5297.0,130,2.11
2510,5379.0,132,2.1
2511,5467.0,132,2.1
2512,5558.0,133,2.1
2513,5661.0,135,2.11
2514,5789.0,138,2.16
2515,5899.0,139,2.2
2516,6008.0,138,2.16
2517,6124.0,139,2.16
2518,6257.0,140,2.21
2519,6376.0,141,2.22
2520,6495.0,140,2.18
2521,6617.0,141,2.08
2522,6750.0,141,2.0
2523,6843.0,143,1.95
2524,6939.0,143,1.99
2525,7084.0,145,2.04
2526,7130.0,145,2.14
2527,7197.0,147,2.22
2528,7288.0,147,2.22
2529,7382.0,149,2.21
2530,7479.0,148,2.25
2531,7578.0,150,2.22
2532,7679.0,151,2.23
2533,7810.0,151,2.23
2534,7893.0,153,2.23
2535,7979.0,153,2.22
2536,8081.0,152,2.22
2537,8185.0,154,2.17
2538,8338.0,154,2.09
2539,8492.0,155,2.06
2540,8649.0,157,2.0
2541,8778.0,158,1.96
2542,8857.0,158,1.92
2543,8937.0,158,1.88
2544,9017.0,157,1.91
2545,9098.0,157,1.92
2546,9183.0,159,1.92
2547,9268.0,158,1.88
2548,9354.0,158,1.85
2549,9442.0,158,1.75
2550,9580.0,161,1.68
2551,9694.0,162,1.65
2552,9785.0,162,1.52
2553,9900.0,162,1.48
2554,10019.0,165,1.45
2555,10140.0,166,1.36
2556,10310.0,170,1.28
2557,10436.0,172,1.33
2558,10563.0,174,1.3
2559,10688.0,173,1.24
2560,10819.0,176,1.31
2561,10954.0,176,1.25
2562,11088.0,175,1.25
2563,11224.0,176,1.27
2564,11362.0,177,1.28
2565,11500.0,177,1.28
2566,11639.0,177,1.28
2567,11817.0,178,1.26
2568,11958.0,180,1.26
2569,12095.0,180,1.26
2570,12234.0,180,1.27
2571,12375.0,181,1.28
2572,12516.0,181,1.23
2573,12657.0,180,1.16
2574,12796.0,180,1.19
2575,12936.0,179,1.19
2576,13081.0,182,1.19
2577,13264.0,184,1.19
2578,13409.0,183,1.24
2579,13446.0,181,1.25
2580,13536.0,180,1.22
2581,13303.0,179,1.23
2582,13128.0,179,1.31
2583,12955.0,178,1.37
2584,12781.0,176,1.45
2585,12607.0,174,1.46
2586,12483.0,173,1.54
2587,12309.0,171,1.59
2588,12137.0,170,1.61
2589,11963.0,168,1.64
2590,11985.0,168,1.62
2591,11812.0,167,1.63
2592,11641.0,166,1.58
2593,11567.0,167,1.61
2594,11494.0,167,1.65
2595,11363.0,167,1.72
2596,11381.0,166,1.74
2597,11202.0,163,1.72
2598,11027.0,163,1.75
2599,10853.0,161,1.83
2600,10678.0,160,1.84
2601,10547.0,158,1.84
2602,10610.0,158,1.83
2603,10427.0,155,1.88
2604,10295.0,154,1.9
2605,10068.0,153,1.92
2606,9847.0,150,1.94
2607,9684.0,148,2.06
2608,9530.0,147,2.16
2609,9379.0,146,2.32
2610,9193.0,142,2.4
2611,9059.0,140,2.45
2612,8898.0,137,2.51
2613,8747.0,138,2.62
2614,8797.0,135,2.69
2615,8930.0,136,2.77
2616,8832.0,133,2.77
2617,8756.0,132,2.81
2618,8699.0,134,2.84
2619,8660.0,134,2.89
2620,8622.0,133,2.84
2621,8591.0,131,2.84
2622,8709.0,132,2.85
2623,8669.0,131,2.74
2624,8670.0,130,2.8
2625,8674.0,131,2.67
2626,8808.0,134,2.6
2627,8810.0,130,2.68
2628,8823.0,134,2.64
2629,8839.0,133,2.64
2630,8874.0,134,2.6
2631,8954.0,134,2.63
2632,8938.0,134,2.64
2633,8929.0,133,2.7
2634,8925.0,135,2.67
2635,8920.0,133,2.59
2636,9006.0,136,2.67
2637,9015.0,135,2.62
2638,9152.0,137,2.61
2639,9164.0,138,2.55
2640,9302.0,139,2.5
2641,9391.0,140,2.49
2642,9483.0,143,2.38
2643,9578.0,146,2.37
2644,9673.0,145,2.24
2645,9820.0,147,2.13
2646,9970.0,150,2.1
2647,10120.0,151,1.88
2648,10219.0,152,1.91
2649,10325.0,157,1.76
2650,10434.0,159,1.7
2651,10541.0,159,1.59
2652,10648.0,159,1.5
2653,10763.0,163,1.48
2654,10882.0,166,1.45
2655,10999.0,166,1.48
2656,11119.0,168,1.46
2657,11242.0,168,1.44
2658,10989.0,167,1.41
2659,10785.0,167,1.37
2660,10534.0,165,1.3
2661,10283.0,162,1.22
2662,10035.0,162,1.15
2663,9785.0,160,1.18
2664,9618.0,161,1.18
2665,9567.0,162,1.24
2666,9402.0,160,1.36
2667,9238.0,160,1.43
2668,9336.0,161,1.48
2669,9285.0,160,1.53
2670,9280.0,161,1.54
2671,9233.0,162,1.58
2672,9185.0,161,1.61
2673,9304.0,162,1.65
2674,9258.0,162,1.65
2675,9210.0,161,1.65
2676,9165.0,162,1.63
2677,9118.0,161,1.58
2678,9073.0,160,1.56
2679,9197.0,163,1.68
2680,9155.0,163,1.66
2681,9113.0,162,1.69
2682,9048.0,160,1.71
2683,8986.0,160,1.72
2684,8995.0,159,1.74
2685,8908.0,157,1.71
2686,8989.0,157,1.64
2687,8866.0,156,1.64
2688,8629.0,157,1.62
2689,8713.0,156,1.69
2690,8537.0,154,1.75
2691,8392.0,151,1.78
2692,8391.0,152,1.79
2693,8249.0,150,1.8
2694,8168.0,150,1.81
2695,8036.0,149,1.83
2696,7904.0,147,1.84
2697,7781.0,144,1.89
2698,7716.0,145,1.91
2699,7700.0,147,1.89
2700,7598.0,144,1.88
2701,7398.0,142,1.85
2702,7366.0,142,1.78
2703,7245.0,140,1.77
2704,7064.0,138,1.78
2705,6912.0,138,1.83
2706,6756.0,132,1.89
2707,6632.0,133,1.82
2708,6505.0,132,1.84
2709,6447.0,133,1.86
2710,6417.0,130,1.87
2711,6374.0,130,1.95
2712,6224.0,128,1.94
2713,6142.0,127,1.9
2714,6038.0,126,1.97
2715,5938.0,122,2.0
2716,5850.0,123,2.02
2717,5880.0,125,2.07
2718,5824.0,122,2.09
2719,5789.0,124,2.14
2720,5744.0,122,2.11
2721,5745.0,121,2.13
2722,5717.0,122,2.17
2723,5685.0,121,2.18
2724,5753.0,121,2.2
2725,5729.0,121,2.22
2726,5700.0,121,2.19
2727,5681.0,119,2.24
2728,5629.0,117,2.26
2729,5616.0,118,2.27
2730,5706.0,118,2.39
2731,5713.0,118,2.52
2732,5729.0,119,2.62
2733,5742.0,117,2.73
2734,5851.0,119,2.8
2735,5805.0,117,2.89
2736,5777.0,116,2.98
2737,5755.0,116,2.96
2738,5826.0,120,2.96
2739,5860.0,121,2.92
2740,5845.0,121,2.84
2741,5831.0,124,2.8
2742,5819.0,123,2.77
2743,5808.0,125,2.7
2744,5888.0,126,2.58
2745,5879.0,129,2.6
2746,5965.0,132,2.43
2747,6004.0,132,2.4
2748,6140.0,136,2.22
2749,6280.0,140,2.19
2750,6423.0,143,2.1
2751,6569.0,146,1.95
2752,6717.0,148,1.93
2753,6866.0,150,1.82
2754,6965.0,152,1.75
2755,7062.0,151,1.7
2756,7164.0,154,1.57
2757,7265.0,153,1.59
2758,7370.0,156,1.5
2759,7474.0,155,1.5
2760,7581.0,156,1.49
2761,7691.0,159,1.35
2762,7802.0,160,1.35
2763,7916.0,161,1.29
2764,7874.0,158,1.28
2765,7965.0,160,1.19
2766,8011.0,161,1.2
2767,8053.0,158,1.19
2768,8096.0,158,1.11
2769,8144.0,158,1.19
2770,8190.0,157,1.26
2771,8235.0,155,1.32
2772,8347.0,155,1.32
2773,8436.0,155,1.4
2774,8480.0,154,1.37
2775,8525.0,153,1.35
2776,8570.0,152,1.32
2777,8616.0,152,1.36
2778,8662.0,151,1.44
2779,8776.0,155,1.56
2780,8824.0,154,1.64
2781,8871.0,153,1.73
2782,8914.0,151,1.84
2783,8960.0,151,1.93
2784,9006.0,150,1.97
2785,9049.0,148,1.98
2786,9091.0,146,2.0
2787,9134.0,146,2.01
2788,9134.0,144,2.06
2789,9116.0,145,2.15
2790,9138.0,144,2.21
2791,9118.0,142,2.23
2792,9038.0,139,2.23
2793,8960.0,138,2.24
2794,8886.0,139,2.35
2795,8811.0,136,2.42
2796,8736.0,134,2.47
2797,8659.0,132,2.47
2798,8642.0,132,2.33
2799,8627.0,132,2.3
2800,8607.0,133,2.28
2801,8532.0,131,2.29
2802,8458.0,131,2.28
2803,8387.0,132,2.33
2804,8409.0,133,2.34
2805,8340.0,135,2.37
2806,8329.0,134,2.34
2807,8281.0,132,2.41
2808,8182.0,134,2.37
2809,8146.0,134,2.28
2810,8100.0,131,2.32
2811,8086.0,131,2.36
2812,8068.0,131,2.42
2813,7943.0,130,2.49
2814,7909.0,128,2.5
2815,7831.0,124,2.48
2816,7770.0,123,2.48
2817,7673.0,122,2.48
2818,7668.0,121,2.5
2819,7591.0,120,2.57
2820,7455.0,116,2.63
2821,7364.0,113,2.64
2822,7292.0,114,2.7
2823,7216.0,113,2.76
2824,7204.0,111,2.74
2825,7139.0,109,2.75
2826,7164.0,107,2.8
2827,7114.0,106,2.76
2828,7012.0,104,2.91
2829,6913.0,103,2.89
2830,6815.0,101,2.94
2831,6766.0,105,3.01
2832,6670.0,102,3.03
2833,6666.0,104,2.96
2834,6582.0,105,2.89
2835,6515.0,104,2.92
2836,6575.0,108,2.91
2837,6571.0,111,2.92
2838,6546.0,110,2.94
2839,6527.0,109,2.93
2840,6525.0,109,2.85
2841,6459.0,107,2.88
2842,6416.0,105,2.81
2843,6387.0,106,2.79
2844,6357.0,109,2.78
2845,6415.0,110,2.79
2846,6397.0,112,2.78
2847,6381.0,115,2.83
2848,6447.0,115,2.74
2849,6513.0,118,2.71
2850,6582.0,120,2.64
2851,6656.0,122,2.57
2852,6781.0,126,2.52
2853,6908.0,128,2.39
2854,7037.0,131,2.41
2855,7171.0,134,2.42
2856,7309.0,138,2.31
2857,7450.0,141,2.24
2858,7591.0,142,2.09
2859,7735.0,145,2.06
2860,7823.0,147,2.01
2861,7916.0,149,2.03
2862,8010.0,150,1.84
2863,8108.0,153,1.87
2864,8205.0,153,1.82
2865,8307.0,155,1.76
2866,8412.0,159,1.71
2867,8514.0,158,1.57
2868,8618.0,160,1.56
2869,8728.0,160,1.53
2870,8753.0,160,1.55
2871,8796.0,160,1.54
2872,8905.0,160,1.43
2873,8961.0,159,1.47
2874,9019.0,158,1.41
2875,9080.0,159,1.38
2876,9140.0,158,1.37
2877,9203.0,159,1.4
2878,9268.0,160,1.35
2879,9333.0,160,1.31
2880,9436.0,159,1.29
2881,9545.0,162,1.22
2882,9606.0,161,1.21
2883,9668.0,162,1.12
2884,9728.0,160,1.13
2885,9790.0,161,1.06
2886,9900.0,161,1.09
2887,9968.0,159,1.09
2888,10038.0,160,1.14
2889,10104.0,159,1.18
2890,10172.0,160,1.24
2891,10286.0,158,1.3
2892,10358.0,159,1.36
2893,10431.0,160,1.34
2894,10388.0,157,1.34
2895,10344.0,156,1.26
2896,10345.0,156,1.29
2897,10349.0,157,1.33
2898,10311.0,155,1.41
2899,10214.0,153,1.43
2900,10163.0,151,1.44
2901,10115.0,151,1.47
2902,10066.0,149,1.48
2903,10019.0,149,1.39
2904,10016.0,149,1.43
2905,9546.0,149,1.39
2906,9131.0,147,1.43
2907,8660.0,147,1.4
2908,8290.0,148,1.42
2909,7824.0,147,1.52
2910,7401.0,148,1.43
2911,6939.0,146,1.48
2912,6531.0,147,1.5
2913,6017.0,145,1.52
2914,5542.0,142,1.48
2915,5450.0,141,1.46
2916,4994.0,143,1.46
2917,4554.0,141,1.48
2918,4479.0,140,1.53
2919,4517.0,140,1.57
2920,4481.0,142,1.64
2921,4540.0,142,1.68
2922,4508.0,141,1.76
2923,4427.0,138,1.76
2924,4329.0,139,1.83
2925,4334.0,140,1.91
2926,4316.0,140,2.01
2927,4251.0,139,2.01
2928,4238.0,138,1.99
2929,4178.0,136,1.96
2930,4129.0,134,1.96
2931,4083.0,134,1.94
2932,4051.0,133,1.85
2933,4021.0,133,1.87
2934,3991.0,135,1.82
2935,3909.0,135,1.87
2936,3922.0,135,1.87
2937,3914.0,136,1.96
2938,3851.0,132,2.02
2939,3796.0,132,2.09
2940,3824.0,132,2.12
2941,3719.0,130,2.06
2942,3808.0,134,2.04
2943,3808.0,135,1.97
2944,3693.0,135,2.06
2945,3685.0,134,2.09
2946,3665.0,133,2.16
2947,3624.0,134,2.22
2948,3669.0,131,2.28
2949,3556.0,129,2.36
2950,3544.0,128,2.44
2951,3618.0,128,2.44
2952,3613.0,128,2.48
2953,3610.0,128,2.59
2954,3693.0,129,2.67
2955,3689.0,129,2.77
2956,3732.0,129,2.82
2957,3818.0,132,2.79
2958,3897.0,133,2.81
2959,3977.0,133,2.68
2960,4058.0,134,2.69
2961,4143.0,137,2.53
2962,4234.0,142,2.35
2963,4327.0,144,2.24
2964,4361.0,143,2.11
2965,4398.0,143,2.05
2966,4429.0,144,2.06
2967,4416.0,144,2.06
2968,4406.0,142,2.1
2969,4398.0,143,2.07
2970,4391.0,143,2.01
2971,4383.0,140,2.03
2972,4377.0,142,2.02
2973,4371.0,142,2.02
2974,4417.0,144,1.91
2975,4413.0,143,1.83
2976,4319.0,139,1.89
2977,4280.0,141,1.81
2978,4291.0,141,1.73
2979,4253.0,141,1.8
2980,4216.0,141,1.76
2981,4179.0,140,1.82
2982,4142.0,139,1.7
2983,4107.0,139,1.81
2984,4121.0,140,1.73
2985,4168.0,139,1.65
2986,4138.0,140,1.6
2987,4106.0,138,1.58
2988,4170.0,144,1.57
2989,4188.0,143,1.53
2990,4160.0,141,1.64
2991,4133.0,141,1.7
2992,4110.0,143,1.69
2993,4207.0,143,1.76
2994,4146.0,139,1.75
2995,4172.0,139,1.78
2996,4160.0,141,1.72
2997,4146.0,140,1.68
2998,4134.0,139,1.63
2999,4014.0,135,1.61
3000,3972.0,134,1.66
3001,3856.0,132,1.71
3002,3740.0,129,1.9
3003,3743.0,129,1.99
3004,3645.0,125,2.06
3005,3545.0,121,2.18
3006,3584.0,121,2.31
3007,3503.0,119,2.46
3008,3420.0,117,2.44
3009,3393.0,116,2.53
3010,3352.0,115,2.54
3011,3269.0,114,2.61
3012,3186.0,113,2.6
3013,3182.0,114,2.59
3014,3102.0,112,2.56
3015,3120.0,116,2.5
3016,3084.0,116,2.5
3017,3073.0,118,2.5
3018,3067.0,119,2.51
3019,2973.0,119,2.49
3020,2960.0,120,2.44
3021,2883.0,117,2.53
3022,2821.0,116,2.61
3023,2780.0,116,2.69
3024,2802.0,117,2.76
3025,2800.0,117,2.83
3026,2809.0,115,2.83
3027,2909.0,117,2.81
3028,2971.0,120,2.74
3029,2943.0,119,2.71
3030,2927.0,119,2.67
3031,2966.0,120,2.64
3032,2997.0,121,2.64
3033,2991.0,117,2.68
3034,3088.0,120,2.78
3035,3143.0,120,2.91
3036,3203.0,120,3.02
3037,3264.0,119,3.15
3038,3328.0,118,3.2
3039,3389.0,117,3.24
3040,3446.0,114,3.35
3041,3550.0,114,3.34
3042,3621.0,117,3.32
3043,3740.0,119,3.35
3044,3813.0,120,3.3
3045,3887.0,120,3.31
3046,3963.0,121,3.24
3047,4048.0,122,3.22
3048,4137.0,123,3.22
3049,4225.0,125,3.24
3050,4317.0,126,3.2
3051,4406.0,126,3.08
3052,4402.0,128,2.98
3053,4422.0,128,2.96
3054,4443.0,126,2.89
3055,4468.0,125,3.05
3056,4498.0,125,3.06
3057,4541.0,123,3.02
3058,4595.0,124,3.01
3059,4711.0,126,2.88
3060,4773.0,125,2.84
3061,4773.0,125,2.82
3062,4768.0,123,2.82
3063,4771.0,124,2.82
3064,4770.0,122,2.75
3065,4777.0,121,2.8
3066,4790.0,123,2.82
3067,4815.0,124,2.84
3068,4840.0,121,2.89
3069,4867.0,121,2.83
3070,4934.0,121,2.82
3071,4963.0,121,2.68
3072,4992.0,123,2.7
3073,5023.0,122,2.61
3074,5103.0,121,2.61
3075,5134.0,120,2.5
3076,5203.0,121,2.52
3077,5291.0,126,2.38
3078,5379.0,126,2.33
3079,5468.0,126,2.34
3080,5562.0,127,2.44
3081,5656.0,128,2.38
3082,5656.0,126,2.32
3083,5727.0,126,2.45
3084,5787.0,125,2.51
3085,5848.0,124,2.55
3086,5913.0,124,2.54
3087,5991.0,126,2.52
3088,6061.0,128,2.49
3089,6129.0,127,2.57
3090,6202.0,132,2.66
3091,6274.0,129,2.71
3092,6352.0,132,2.76
3093,6432.0,133,2.82
3094,6561.0,137,2.83
3095,6648.0,139,2.83
3096,6737.0,139,2.78
3097,6829.0,141,2.74
3098,6924.0,142,2.58
3099,7018.0,143,2.52
3100,7092.0,142,2.45
3101,7217.0,147,2.47
3102,7298.0,146,2.46
3103,7381.0,147,2.53
3104,7454.0,146,2.5
3105,7417.0,141,2.55
3106,7378.0,137,2.52
3107,7343.0,134,2.6
3108,7351.0,134,2.63
3109,7315.0,132,2.77
3110,7282.0,129,2.81
3111,7249.0,126,2.72
3112,7257.0,122,2.76
3113,7232.0,120,2.66
3114,7123.0,116,2.75
3115,7087.0,113,2.73
3116,7058.0,112,2.87
3117,6992.0,111,2.98
3118,6975.0,109,3.05
3119,6987.0,109,3.08
3120,7015.0,107,3.13
3121,7054.0,110,3.08
3122,7091.0,111,3.16
3123,7135.0,114,3.21
3124,7248.0,116,3.2
3125,7321.0,118,3.24
3126,7397.0,121,3.17
3127,7475.0,123,3.21
3128,7555.0,124,3.17
3129,7633.0,124,3.12
3130,7716.0,126,3.1
3131,7803.0,128,3.01
3132,7932.0,129,3.08
3133,8020.0,129,2.97
3134,8108.0,129,2.9
3135,8100.0,127,2.85
3136,8074.0,125,2.84
3137,8140.0,123,2.85
3138,8164.0,122,2.83
3139,8192.0,123,2.79
3140,8221.0,120,2.88
3141,8257.0,120,2.93
3142,8303.0,119,3.04
3143,8360.0,119,3.08
3144,8413.0,120,3.14
3145,8502.0,119,3.13
3146,8570.0,118,3.02
3147,8628.0,116,2.92
3148,8689.0,118,2.85
3149,8763.0,119,2.79
3150,8837.0,119,2.71
3151,8959.0,122,2.72
3152,9019.0,124,2.67
3153,9145.0,126,2.51
3154,9148.0,124,2.34
3155,9155.0,122,2.31
3156,9173.0,119,2.3
3157,9195.0,117,2.34
3158,9186.0,118,2.35
3159,9186.0,120,2.53
3160,9189.0,116,2.56
3161,9166.0,112,2.67
3162,9148.0,112,2.82
3163,9167.0,112,2.92
3164,9152.0,110,2.97
3165,9100.0,107,2.97
3166,9057.0,106,3.08
3167,9053.0,105,3.2
3168,9049.0,103,3.26
3169,9106.0,102,3.15
3170,9174.0,103,3.09
3171,9246.0,103,3.09
3172,9337.0,105,3.04
3173,9425.0,107,2.98
3174,9515.0,107,2.91
3175,9609.0,111,2.72
3176,9705.0,113,2.68
3177,9820.0,115,2.56
3178,9920.0,116,2.49
3179,10024.0,119,2.33
3180,10137.0,118,2.32
3181,10254.0,119,2.14
3182,10375.0,121,2.09
3183,10497.0,122,1.96
3184,10623.0,126,1.88
3185,10749.0,126,1.76
3186,10878.0,129,1.73
3187,11006.0,129,1.65
3188,11138.0,132,1.54
3189,11272.0,134,1.52
3190,11406.0,136,1.54
3191,11542.0,137,1.49
3192,11579.0,137,1.57
3193,11616.0,136,1.6
3194,11656.0,137,1.65
3195,11697.0,137,1.7
3196,11739.0,137,1.65
3197,11784.0,137,1.65
3198,11832.0,139,1.74
3199,11879.0,137,1.66
3200,11977.0,139,1.68
3201,11997.0,138,1.61
3202,11975.0,138,1.61
3203,11955.0,137,1.54
3204,11965.0,133,1.64
3205,11938.0,130,1.7
3206,11928.0,129,1.68
3207,11677.0,126,1.76
3208,11425.0,123,1.74
3209,11170.0,118,1.8
3210,11004.0,120,1.83
3211,10774.0,120,1.86
3212,10578.0,123,1.85
3213,10333.0,119,1.87
3214,10037.0,117,1.87
3215,9720.0,112,1.89
3216,9449.0,112,2.05
3217,9421.0,111,2.08
3218,9156.0,109,2.14
3219,8897.0,105,2.25
3220,8638.0,104,2.37
3221,8425.0,102,2.45
3222,8197.0,103,2.54
3223,7996.0,102,2.56
3224,7776.0,99,2.59
3225,7803.0,101,2.54
3226,7598.0,100,2.62
3227,7439.0,98,2.56
3228,7241.0,98,2.55
3229,7284.0,99,2.54
3230,7096.0,98,2.47
3231,6952.0,101,2.48
3232,6758.0,100,2.4
3233,6569.0,102,2.32
3234,6419.0,103,2.37
3235,6235.0,106,2.24
3236,6045.0,103,2.11
3237,5866.0,102,2.11
3238,5729.0,104,2.06
3239,5547.0,104,2.07
3240,5599.0,106,2.05
3241,5420.0,104,2.01
3242,5246.0,105,2.08
3243,5070.0,103,2.02
3244,4905.0,106,2.03
3245,4983.0,108,2.04
3246,4646.0,100,2.1
3247,4338.0,96,2.21
3248,4031.0,92,2.26
3249,3762.0,88,2.2
3250,3458.0,84,2.33
3251,3189.0,79,2.38
3252,3161.0,81,2.38
3253,2898.0,78,2.45
3254,2891.0,76,2.59
3255,2659.0,74,2.72
3256,2407.0,76,2.69
3257,2133.0,71,2.71
3258,1868.0,70,2.79
3259,1653.0,72,2.83
3260,1423.0,68,2.76
3261,1209.0,69,2.87
3262,1002.0,70,2.88
3263,1052.0,71,2.86
3264,1082.0,71,2.88
3265,1120.0,71,2.86
3266,1170.0,76,2.83
3267,1224.0,77,2.79
3268,1279.0,81,2.72
3269,1334.0,81,2.72
3270,1389.0,82,2.63
3271,1464.0,85,2.55
3272,1549.0,87,2.54
3273,1640.0,91,2.55
3274,1732.0,93,2.51
3275,1830.0,99,2.53
3276,1930.0,100,2.57
3277,2030.0,101,2.54
3278,2130.0,104,2.48
3279,2231.0,105,2.42
3280,2338.0,107,2.34
3281,2450.0,112,2.28
3282,2564.0,114,2.18
3283,2680.0,117,2.14
3284,2802.0,122,1.95
3285,2928.0,126,1.93
3286,3057.0,129,1.81
3287,3189.0,132,1.74
3288,3322.0,134,1.62
3289,3460.0,138,1.55
3290,3603.0,143,1.55
3291,3750.0,147,1.51
3292,3898.0,148,1.43
3293,4052.0,154,1.31
3294,4210.0,158,1.16
3295,4324.0,160,1.09
3296,4443.0,163,1.06
3297,4534.0,164,1.03
3298,4631.0,169,1.06
3299,4650.0,168,1.04
3300,4680.0,167,1.03
3301,4723.0,167,1.06
3302,4782.0,166,1.05
3303,4848.0,165,1.02
3304,4913.0,162,1.05
3305,4941.0,161,1.09
3306,5061.0,166,1.13
3307,5144.0,167,1.17
3308,5262.0,165,1.27
3309,5416.0,169,1.31
3310,5548.0,169,1.35
3311,5684.0,171,1.39
3312,5819.0,170,1.43
3313,5957.0,172,1.52
3314,6108.0,172,1.59
3315,6230.0,170,1.66
3316,6351.0,168,1.69
3317,6475.0,168,1.76
3318,6610.0,167,1.77
3319,6732.0,165,1.8
3320,6867.0,165,1.85
3321,6995.0,162,1.81
3322,7129.0,162,1.76
3323,7265.0,163,1.81
3324,7401.0,163,1.83
3325,7549.0,163,1.89
3326,7684.0,161,1.93
3327,7820.0,160,2.01
3328,7971.0,161,2.09
3329,8106.0,161,2.11
3330,8052.0,158,2.2
3331,7999.0,156,2.23
3332,7948.0,156,2.19
3333,7905.0,154,2.18
3334,7744.0,152,2.11
3335,7583.0,147,2.13
3336,7449.0,143,2.04
3337,7367.0,142,2.01
3338,7341.0,142,1.95
3339,7242.0,139,1.96
3340,7159.0,136,2.12
3341,7168.0,138,2.2
3342,7077.0,135,2.26
3343,6988.0,133,2.22
3344,6912.0,132,2.21
3345,6849.0,132,2.23
3346,6869.0,131,2.14
3347,6847.0,133,2.14
3348,6824.0,129,2.19
3349,6802.0,130,2.27
3350,6783.0,129,2.38
3351,6766.0,129,2.35
3352,6851.0,130,2.42
3353,6842.0,129,2.47
3354,6835.0,129,2.43
3355,6828.0,129,2.49
3356,6864.0,130,2.5
3357,6860.0,130,2.44
3358,6857.0,131,2.5
3359,6991.0,134,2.44
3360,7032.0,135,2.5
3361,7076.0,137,2.45
3362,7124.0,140,2.45
3363,7174.0,142,2.31
3364,7318.0,144,2.4
3365,7342.0,143,2.35
3366,7287.0,140,2.29
3367,7419.0,141,2.31
3368,7349.0,140,2.29
3369,7372.0,139,2.28
3370,7212.0,137,2.27
3371,7093.0,134,2.12
3372,6981.0,131,2.13
3373,6789.0,128,2.03
3374,6524.0,124,2.07
3375,6366.0,124,2.13
3376,6330.0,125,2.17
3377,6264.0,124,2.16
3378,6121.0,125,2.18
3379,5897.0,125,2.25
3380,5764.0,122,2.24
3381,5795.0,123,2.16
3382,5582.0,120,2.06
3383,5370.0,119,2.14
3384,5163.0,119,2.08
3385,4956.0,117,2.19
3386,4840.0,117,2.07
3387,4659.0,116,2.14
3388,4610.0,117,2.07
3389,4521.0,117,1.95
3390,4601.0,121,1.94
3391,4514.0,119,1.89
3392,4430.0,120,1.76
3393,4349.0,123,1.74
3394,4271.0,125,1.66
3395,4199.0,127,1.72
3396,4166.0,127,1.79
3397,4256.0,129,1.73
3398,4307.0,129,1.8
3399,4238.0,130,1.74
3400,4171.0,131,1.74
3401,4140.0,129,1.71
3402,4071.0,129,1.67
3403,4021.0,127,1.7
3404,4114.0,129,1.66
3405,4084.0,128,1.67
3406,4055.0,128,1.6
3407,4064.0,130,1.66
3408,4014.0,130,1.6
3409,3928.0,128,1.63
3410,3841.0,125,1.64
3411,3762.0,123,1.58
3412,3814.0,123,1.5
3413,3751.0,124,1.48
3414,3686.0,123,1.47
3415,3624.0,122,1.44
3416,3631.0,125,1.44
3417,3571.0,125,1.46
3418,3514.0,126,1.4
3419,3575.0,126,1.34
3420,3519.0,125,1.32
3421,3392.0,124,1.36
3422,3271.0,120,1.41
3423,3183.0,119,1.4
3424,3004.0,114,1.49
3425,2832.0,108,1.61
3426,2813.0,107,1.74
3427,2665.0,105,1.9
3428,2640.0,104,2.1
3429,2620.0,104,2.2
3430,2645.0,103,2.31
3431,2661.0,102,2.41
3432,2650.0,103,2.48
3433,2659.0,103,2.51
3434,2616.0,100,2.49
3435,2577.0,99,2.44
3436,2557.0,98,2.41
3437,2538.0,99,2.37
3438,2593.0,100,2.37
3439,2652.0,104,2.3
3440,2705.0,104,2.24
3441,2765.0,106,2.21
3442,2839.0,109,2.13
3443,2914.0,111,2.04
3444,2994.0,112,2.02
3445,3078.0,115,1.88
3446,3196.0,119,1.71
3447,3310.0,119,1.69
3448,3417.0,121,1.56
3449,3528.0,123,1.48
3450,3646.0,127,1.46
3451,3768.0,131,1.49
3452,3894.0,134,1.54
3453,4023.0,138,1.53
3454,4156.0,139,1.58
3455,4290.0,140,1.62
3456,4416.0,141,1.66
3457,4518.0,140,1.7
3458,4634.0,141,1.63
3459,4758.0,143,1.71
3460,4878.0,142,1.65
3461,5016.0,143,1.69
3462,5069.0,144,1.67
3463,5129.0,145,1.57
3464,5190.0,145,1.51
3465,5242.0,142,1.43
3466,5301.0,146,1.41
3467,5361.0,146,1.3
3468,5421.0,146,1.32
3469,5521.0,143,1.44
3470,5612.0,144,1.51
3471,5669.0,144,1.64
3472,5731.0,142,1.73
3473,5795.0,142,1.81
3474,5858.0,141,1.86
3475,5902.0,138,1.81
3476,5946.0,135,1.83
3477,5996.0,134,1.86
3478,6099.0,135,1.91
3479,6190.0,135,1.95
3480,6251.0,136,2.01
3481,6313.0,135,2.09
3482,6407.0,135,2.2
3483,6468.0,134,2.26
3484,6529.0,133,2.24
3485,6620.0,132,2.26
3486,6678.0,130,2.25
3487,6546.0,129,2.28
3488,6414.0,126,2.26
3489,6259.0,121,2.24
3490,6104.0,119,2.26
3491,5950.0,117,2.28
3492,5837.0,115,2.2
3493,5657.0,112,2.21
3494,5483.0,107,2.31
3495,5410.0,106,2.23
3496,5238.0,103,2.3
3497,5089.0,101,2.22
3498,5045.0,97,2.25
3499,4917.0,96,2.24
3500,4792.0,98,2.28
3501,4709.0,101,2.26
3502,4663.0,100,2.3
3503,4530.0,101,2.2
3504,4409.0,99,2.14
3505,4364.0,98,2.03
3506,4229.0,98,1.9
3507,4153.0,95,1.93
3508,4089.0,97,1.93
3509,4154.0,99,1.93
3510,4105.0,98,1.97
3511,4059.0,98,2.02
3512,4018.0,100,2.11
3513,4068.0,99,2.16
3514,4062.0,98,2.24
3515,4026.0,99,2.16
3516,3991.0,99,2.11
3517,3942.0,98,2.05
3518,3927.0,96,2.01
3519,3966.0,97,1.99
3520,3955.0,95,1.97
3521,3916.0,90,2.01
3522,3882.0,89,2.08
3523,3856.0,89,2.1
3524,3829.0,87,2.1
3525,3891.0,88,2.15
3526,3867.0,89,2.25
3527,3844.0,87,2.25
3528,3847.0,90,2.37
3529,3830.0,91,2.41
3530,3813.0,92,2.48
3531,3796.0,91,2.55
3532,3789.0,91,2.57
3533,3778.0,88,2.56
3534,3870.0,92,2.57
3535,3959.0,92,2.42
3536,3881.0,92,2.52
3537,3870.0,90,2.47
3538,3866.0,90,2.45
3539,3860.0,90,2.47
3540,3772.0,91,2.3
3541,3771.0,93,2.33
3542,3782.0,92,2.14
3543,3711.0,89,2.07
3544,3660.0,91,2.0
3545,3694.0,93,2.02
3546,3732.0,97,1.99
3547,3774.0,98,2.03
3548,3821.0,102,2.01
3549,3915.0,104,2.04
3550,3974.0,108,2.0
3551,4017.0,107,1.92
3552,4063.0,106,1.89
3553,4165.0,106,1.84
3554,4277.0,112,1.81
3555,4374.0,111,1.89
3556,4475.0,114,1.87
3557,4579.0,116,1.85
3558,4686.0,119,1.85
3559,4798.0,121,1.88
3560,4915.0,126,1.84
3561,5034.0,128,1.92
3562,5155.0,129,1.92
3563,5279.0,131,1.9
3564,5407.0,134,1.93
3565,5541.0,135,1.92
3566,5670.0,136,1.89
3567,5799.0,137,1.77
3568,5711.0,135,1.73
3569,5646.0,135,1.74
3570,5607.0,133,1.74
3571,5596.0,132,1.78
3572,5589.0,132,1.83
3573,5581.0,130,1.99
3574,5579.0,128,2.12
3575,5575.0,126,2.15
3576,5573.0,126,2.18
3577,5636.0,128,2.27
3578,5639.0,128,2.24
3579,5705.0,129,2.17
3580,5708.0,130,2.19
3581,5715.0,132,2.09
3582,5781.0,130,2.05
3583,5791.0,134,2.01
3584,5796.0,134,1.94
3585,5864.0,133,1.8
3586,5856.0,134,1.67
3587,5904.0,134,1.58
3588,5914.0,134,1.47
3589,5926.0,134,1.38
3590,5925.0,135,1.35
3591,5927.0,137,1.24
3592,5934.0,137,1.25
3593,5892.0,135,1.27
3594,5779.0,131,1.4
3595,5690.0,130,1.44
3596,5633.0,127,1.58
3597,5575.0,124,1.72
3598,5581.0,122,1.8
3599,5528.0,121,1.8
3600,5210.0,122,1.81
3601,4892.0,118,1.83
3602,4579.0,118,1.85
3603,4267.0,116,1.89
3604,4068.0,122,1.84
3605,3770.0,120,1.87
3606,3476.0,120,1.89
3607,3193.0,120,1.94
3608,2963.0,123,1.97
3609,2835.0,123,2.07
3610,2843.0,122,2.01
3611,2625.0,124,2.04
3612,2404.0,120,2.0
3613,2413.0,120,1.93
3614,2412.0,120,1.85
3615,2465.0,121,1.78
3616,2462.0,120,1.71
3617,2530.0,123,1.69
3618,2531.0,123,1.63
3619,2568.0,120,1.59
3620,2562.0,121,1.52
3621,2561.0,120,1.49
3622,2502.0,119,1.45
3623,2471.0,117,1.4
3624,2497.0,118,1.44
3625,2574.0,120,1.41
3626,2616.0,119,1.36
3627,2665.0,120,1.29
3628,2716.0,119,1.34
3629,2831.0,121,1.35
3630,2905.0,122,1.4
3631,2980.0,122,1.43
3632,3061.0,123,1.4
3633,3135.0,122,1.36
3634,3209.0,121,1.32
3635,3326.0,122,1.37
3636,3406.0,123,1.41
3637,3481.0,123,1.48
3638,3556.0,122,1.56
3639,3675.0,123,1.56
3640,3714.0,122,1.54
3641,3747.0,121,1.53
3642,3782.0,119,1.51
3643,3818.0,119,1.49
3644,3827.0,116,1.55
3645,3873.0,117,1.57
3646,3776.0,116,1.52
3647,3683.0,112,1.63
3648,3596.0,111,1.69
3649,3627.0,112,1.79
3650,3582.0,111,1.86
3651,3602.0,110,1.98
3652,3624.0,110,2.05
3653,3651.0,111,2.08
3654,3672.0,111,2.07
3655,3745.0,114,1.96
3656,3767.0,113,1.93
3657,3785.0,110,1.98
3658,3803.0,108,2.03
3659,3877.0,111,2.12
3660,3983.0,111,2.22
3661,4057.0,114,2.3
3662,4132.0,113,2.39
3663,4207.0,112,2.52
3664,4285.0,111,2.64
3665,4360.0,110,2.7
3666,4396.0,112,2.83
3667,4308.0,109,2.88
3668,4219.0,107,2.92
3669,4133.0,106,2.88
3670,4047.0,104,2.94
3671,3969.0,104,2.88
3672,3901.0,105,2.86
3673,3829.0,105,2.78
3674,3772.0,104,2.73
3675,3716.0,102,2.73
3676,3664.0,102,2.74
3677,3615.0,102,2.7
3678,3574.0,101,2.65
3679,3677.0,103,2.6
3680,3637.0,102,2.58
3681,3594.0,101,2.63
3682,3690.0,102,2.63
3683,3589.0,98,2.7
3684,3622.0,100,2.8
3685,3594.0,97,2.91
3686,3628.0,100,2.97
3687,3663.0,100,3.02
3688,3763.0,100,3.05
3689,3797.0,101,3.03
3690,3833.0,102,3.0
3691,3777.0,100,2.97
3692,3695.0,96,2.96
3693,3482.0,96,2.82
3694,3330.0,91,2.68
3695,3113.0,88,2.62
3696,2898.0,88,2.59
3697,2725.0,86,2.6
3698,2650.0,85,2.7
3699,2553.0,85,2.77
3700,2396.0,85,2.82
3701,2278.0,84,2.85
3702,2181.0,84,2.8
3703,2064.0,84,2.8
3704,1970.0,84,2.84
3705,1847.0,81,2.89
3706,1811.0,80,2.9
3707,1896.0,86,2.91
3708,1927.0,86,2.94
3709,1837.0,86,3.0
3710,1873.0,86,3.12
3711,1846.0,87,3.16
3712,1872.0,88,3.15
3713,1845.0,87,3.14
3714,1820.0,88,3.09
3715,1797.0,90,3.13
3716,1792.0,90,3.03
3717,1786.0,88,3.05
3718,1759.0,91,2.96
3719,1732.0,90,2.81
3720,1584.0,89,2.79
3721,1422.0,90,2.8
3722,1281.0,88,2.88
3723,1316.0,91,2.9
3724,1358.0,94,3.0
3725,1422.0,96,2.95
3726,1418.0,95,2.85
3727,1450.0,94,2.78
3728,1437.0,95,2.82
3729,1433.0,97,2.79
3730,1425.0,92,2.87
3731,1421.0,90,2.87
3732,1448.0,89,2.76
3733,1481.0,91,2.72
3734,1459.0,89,2.74
3735,1438.0,89,2.82
3736,1418.0,89,2.87
3737,1434.0,90,2.99
3738,1476.0,90,3.01
3739,1464.0,88,3.02
3740,1455.0,89,3.08
3741,1473.0,87,3.18
3742,1432.0,87,3.26
3743,1384.0,85,3.31
3744,1332.0,84,3.33
3745,1276.0,83,3.34
3746,1223.0,82,3.37
3747,1146.0,82,3.38
3748,1141.0,82,3.35
3749,1160.0,81,3.3
3750,1156.0,80,3.31
3751,1158.0,81,3.29
3752,1202.0,84,3.3
3753,1238.0,86,3.23
3754,1248.0,84,3.24
3755,1279.0,85,3.12
3756,1304.0,86,3.12
3757,1333.0,87,3.05
3758,1367.0,89,3.03
3759,1375.0,86,2.97
3760,1407.0,85,2.93
3761,1419.0,84,2.95
3762,1447.0,84,3.0
3763,1475.0,83,3.04
3764,1510.0,82,3.03
3765,1545.0,82,3.08
3766,1580.0,82,3.1
3767,1614.0,82,3.12
3768,1642.0,82,3.14
3769,1683.0,78,3.16
3770,1685.0,77,3.2
3771,1684.0,76,3.17
3772,1716.0,76,3.11
3773,1690.0,74,3.21
3774,1663.0,72,3.24
3775,1637.0,67,3.32
3776,1626.0,66,3.4
3777,1621.0,63,3.29
3778,1597.0,61,3.36
3779,1435.0,55,3.32
3780,1299.0,52,3.29
3781,1055.0,47,3.34
3782,882.0,44,3.5
3783,787.0,46,3.61
3784,700.0,45,3.65
3785,670.0,45,3.72
3786,582.0,44,3.86
3787,492.0,43,3.87
3788,450.0,43,3.93
3789,379.0,40,3.88
3790,317.0,41,3.91
3791,272.0,41,4.0
3792,271.0,41,4.06
3793,272.0,40,4.05
3794,291.0,40,4.01
3795,304.0,42,4.09
3796,318.0,42,4.06
3797,334.0,44,3.97
3798,356.0,48,3.92
3799,396.0,50,3.84
3800,409.0,51,3.77
3801,427.0,51,3.68
3802,461.0,54,3.59
3803,498.0,56,3.52
3804,526.0,57,3.47
3805,557.0,58,3.47
3806,617.0,61,3.43
3807,652.0,63,3.39
3808,713.0,66,3.33
3809,749.0,66,3.38
3810,805.0,69,3.33
3811,862.0,70,3.33
3812,933.0,73,3.32
3813,1008.0,76,3.31
3814,1071.0,77,3.36
3815,1140.0,82,3.34
3816,1208.0,82,3.31
3817,1280.0,84,3.32
3818,1368.0,89,3.32
3819,1443.0,88,3.36
3820,1517.0,87,3.35
3821,1594.0,88,3.4
3822,1683.0,89,3.33
3823,1761.0,90,3.34
3824,1837.0,89,3.27
3825,1916.0,91,3.22
3826,1958.0,90,3.25
3827,2002.0,90,3.24
3828,2048.0,90,3.26
3829,2105.0,89,3.29
3830,2051.0,86,3.32
3831,2012.0,87,3.36
3832,1975.0,87,3.45
3833,1939.0,85,3.52
3834,1903.0,84,3.54
3835,1914.0,85,3.6
3836,1881.0,85,3.57
3837,1872.0,87,3.56
3838,1915.0,90,3.55
3839,1912.0,89,3.56
3840,1953.0,90,3.55
3841,1997.0,90,3.6
3842,1970.0,88,3.63
3843,1951.0,87,3.62
3844,1935.0,88,3.62
3845,1921.0,86,3.49
3846,1909.0,86,3.45
3847,1986.0,87,3.43
3848,1987.0,88,3.47
3849,1991.0,90,3.37
3850,1996.0,89,3.3
3851,2007.0,93,3.22
3852,2018.0,95,3.09
3853,1982.0,92,3.09
3854,1957.0,94,3.02
3855,1887.0,92,3.0
3856,1904.0,92,2.87
3857,1880.0,90,2.88
3858,1814.0,88,2.89
3859,1792.0,87,2.86
3860,1724.0,85,2.99
3861,1676.0,83,3.1
3862,1674.0,82,3.18
3863,1671.0,81,3.13
3864,1692.0,80,3.15
3865,1685.0,79,3.15
3866,1674.0,78,3.07
3867,1644.0,77,3.13
3868,1616.0,77,3.13
3869,1589.0,76,3.26
3870,1599.0,75,3.36
3871,1571.0,73,3.34
3872,1545.0,74,3.32
3873,1554.0,73,3.38
3874,1567.0,73,3.51
3875,1540.0,72,3.66
3876,1518.0,71,3.8
3877,1510.0,68,3.84
3878,1539.0,69,3.94
3879,1512.0,68,3.96
3880,1485.0,65,4.12
3881,1459.0,63,4.17
3882,1450.0,63,4.29
3883,1344.0,58,4.25
3884,1271.0,57,4.29
3885,1197.0,54,4.38
3886,1086.0,52,4.51
3887,1026.0,51,4.48
3888,946.0,47,4.57
3889,941.0,46,4.58
3890,857.0,42,4.66
3891,790.0,42,4.67
3892,722.0,40,4.68
3893,660.0,38,4.69
3894,602.0,38,4.63
3895,548.0,37,4.73
3896,566.0,37,4.68
3897,586.0,38,4.63
3898,623.0,38,4.66
3899,664.0,41,4.59
3900,708.0,44,4.51
3901,754.0,46,4.43
3902,802.0,48,4.35
3903,852.0,50,4.19
3904,904.0,52,4.0
3905,959.0,55,3.69
3906,933.0,55,3.39
3907,927.0,57,3.15
3908,922.0,58,3.06
3909,940.0,62,2.89
3910,962.0,66,2.92
3911,990.0,68,2.77
3912,1023.0,69,2.91
3913,1058.0,69,2.83
3914,1122.0,70,2.97
3915,1160.0,72,2.99
3916,1203.0,70,3.0
3917,1179.0,71,2.97
3918,1155.0,68,3.03
3919,1137.0,69,2.97
3920,1132.0,69,3.07
3921,1114.0,68,3.07
3922,1100.0,69,3.13
3923,1100.0,70,3.19
3924,1101.0,71,3.19
3925,1103.0,71,3.17
3926,1143.0,72,3.11
3927,1169.0,74,3.1
3928,1170.0,74,3.16
3929,1171.0,73,3.1
3930,1174.0,73,3.11
3931,1177.0,73,3.03
3932,1182.0,72,2.92
3933,1187.0,72,2.81
3934,1208.0,72,2.74
3935,1188.0,71,2.76
3936,1198.0,73,2.67
3937,1207.0,71,2.69
3938,1217.0,71,2.74
3939,1227.0,72,2.72
3940,1261.0,72,2.75
3941,1276.0,71,2.71
3942,1253.0,70,2.85
3943,1230.0,68,2.99
3944,1208.0,67,3.05
3945,1188.0,66,3.09
3946,1167.0,64,3.17
3947,1146.0,62,3.05
3948,1128.0,62,3.16
3949,1136.0,59,3.21
3950,1124.0,57,3.29
3951,1114.0,57,3.36
3952,1098.0,55,3.36
3953,1101.0,53,3.39
3954,1139.0,53,3.41
3955,1143.0,53,3.41
3956,1181.0,52,3.38
3957,1220.0,52,3.41
3958,1224.0,51,3.46
3959,1227.0,50,3.53
3960,1231.0,50,3.53
3961,1236.0,48,3.57
3962,1205.0,47,3.57
3963,1218.0,48,3.6
3964,1187.0,46,3.59
3965,1156.0,44,3.67
3966,1127.0,44,3.76
3967,1132.0,45,3.91
3968,1102.0,44,4.09
3969,1073.0,43,4.18
3970,980.0,42,4.25
3971,897.0,42,4.34
3972,836.0,40,4.48
3973,748.0,40,4.44
3974,670.0,37,4.51
3975,592.0,34,4.64
3976,516.0,32,4.74
3977,446.0,30,4.97
3978,381.0,28,5.07
3979,385.0,28,5.25
3980,341.0,30,5.27
3981,293.0,28,5.36
3982,251.0,28,5.31
3983,267.0,29,5.31
3984,286.0,32,5.38
3985,304.0,31,5.33
3986,327.0,32,5.34
3987,353.0,33,5.23
3988,381.0,34,5.22
3989,417.0,36,5.2
3990,451.0,35,5.13
3991,480.0,36,5.06
3992,511.0,36,5.01
3993,544.0,37,4.77
3994,579.0,37,4.84
3995,615.0,38,4.79
3996,652.0,38,4.76
3997,692.0,40,4.77
3998,732.0,40,4.7
3999,772.0,40,4.78
4000,812.0,40,4.6
4001,853.0,41,4.63
4002,895.0,42,4.59
4003,938.0,43,4.52
4004,983.0,45,4.59
4005,1029.0,46,4.44
4006,1077.0,48,4.45
4007,1126.0,49,4.28
4008,1175.0,49,4.22
4009,1225.0,50,4.08
4010,1277.0,53,3.93
4011,1332.0,55,3.94
4012,1387.0,56,3.86
4013,1433.0,56,3.8
4014,1480.0,56,3.71
4015,1525.0,55,3.71
4016,1574.0,56,3.74
4017,1602.0,56,3.78
4018,1651.0,56,3.67
4019,1701.0,57,3.81
4020,1754.0,58,3.8
4021,1805.0,57,3.86
4022,1858.0,58,3.75
4023,1794.0,55,3.8
4024,1738.0,56,3.63
4025,1679.0,55,3.72
4026,1617.0,52,3.68
4027,1560.0,52,3.84
4028,1504.0,51,4.06
4029,1447.0,50,4.26
4030,1389.0,48,4.51
4031,1334.0,49,4.65
4032,1335.0,49,4.8
4033,1327.0,48,4.94
4034,1269.0,47,5.04
4035,1211.0,46,5.08
4036,1151.0,44,5.17
4037,1140.0,44,5.36
4038,1128.0,43,5.46
4039,1115.0,42,5.5
4040,1103.0,42,5.59
4041,1090.0,41,5.54
4042,1077.0,41,5.52
4043,1119.0,42,5.4
4044,1108.0,42,5.37
4045,1095.0,41,5.38
4046,1082.0,40,5.32
4047,1069.0,40,5.27
4048,1110.0,41,5.23
4049,1097.0,41,5.25
4050,1084.0,40,5.28
4051,1070.0,40,5.33
4052,1058.0,39,5.32
4053,1045.0,38,5.25
4054,1033.0,38,5.16
4055,1071.0,38,5.22
4056,1057.0,38,5.2
4057,1039.0,36,5.02
4058,1021.0,35,4.99
4059,1004.0,33,4.87
4060,987.0,32,4.84
4061,969.0,31,4.72
4062,1000.0,31,4.84
4063,980.0,30,4.82
4064,961.0,29,4.81
4065,941.0,28,4.77
4066,969.0,28,4.83
4067,948.0,28,4.88
4068,926.0,27,4.96
4069,904.0,27,4.91
4070,884.0,28,4.84
4071,864.0,27,4.71
4072,839.0,25,4.52
4073,786.0,24,4.63
4074,726.0,21,4.52
4075,666.0,19,4.72
4076,599.0,18,4.76
4077,488.0,17,5.0
4078,447.0,14,5.32
4079,358.0,13,5.51
4080,321.0,13,5.79
4081,285.0,14,5.9
4082,249.0,13,6.19
4083,214.0,13,6.26
4084,180.0,13,6.33
4085,193.0,13,6.3
4086,160.0,13,6.37
4087,129.0,14,6.43
4088,98.0,14,6.47
4089,111.0,15,6.46
4090,124.0,14,6.43
4091,139.0,15,6.43
4092,155.0,16,6.28
4093,172.0,17,6.09
4094,191.0,19,6.02
4095,210.0,19,5.78
4096,231.0,21,5.69
4097,253.0,22,5.52
4098,275.0,22,5.53
4099,298.0,23,5.51
4100,323.0,25,5.34
4101,349.0,26,5.1
4102,377.0,28,4.97
4103,406.0,29,4.87
4104,435.0,29,4.9
4105,466.0,31,4.73
4106,497.0,31,4.65
4107,529.0,32,4.49
4108,561.0,33,4.43
4109,594.0,33,4.28
4110,628.0,34,4.28
4111,663.0,35,4.16
4112,698.0,35,4.11
4113,734.0,36,4.11
4114,748.0,36,4.11
4115,762.0,35,4.23
4116,778.0,35,4.26
4117,796.0,35,4.19
4118,815.0,35,4.42
4119,835.0,34,4.46
4120,869.0,34,4.69
4121,903.0,34,4.63
4122,937.0,34,4.69
4123,971.0,34,4.78
4124,1006.0,35,4.69
4125,1041.0,35,4.77
4126,1077.0,36,4.54
4127,1114.0,37,4.26
4128,1152.0,38,4.13
4129,1083.0,36,4.01
4130,1014.0,34,3.75
4131,946.0,34,3.61
4132,879.0,33,3.64
4133,853.0,34,3.54
4134,828.0,33,3.71
4135,804.0,33,3.58
4136,778.0,31,3.68
4137,755.0,32,3.65
4138,782.0,32,3.57
4139,756.0,30,3.6
4140,733.0,29,3.7
4141,714.0,29,3.72
4142,682.0,27,3.81
4143,652.0,26,3.69
4144,620.0,25,3.92
4145,590.0,24,3.94
4146,567.0,23,4.23
4147,544.0,23,4.36
4148,521.0,23,4.48
4149,544.0,23,4.37
4150,519.0,22,4.69
4151,494.0,21,4.51
4152,469.0,20,4.53
4153,444.0,19,4.2
4154,418.0,18,4.08
4155,391.0,17,4.03
4156,364.0,16,3.98
4157,380.0,16,4.01
4158,351.0,15,4.07
4159,322.0,14,4.27
4160,292.0,13,4.59
4161,261.0,12,4.73
4162,273.0,12,4.91
4163,285.0,12,5.13
4164,297.0,12,5.34
4165,309.0,12,5.46
4166,321.0,12,5.6
4167,333.0,12,5.62
4168,345.0,12,5.56
4169,357.0,12,5.59
4170,370.0,13,5.5
4171,381.0,12,5.58
4172,393.0,12,5.55
4173,405.0,12,5.86
4174,417.0,12,5.85
4175,429.0,12,6.03
4176,441.0,12,6.08
4177,453.0,12,6.42
4178,465.0,12,6.57
4179,477.0,12,6.73
4180,489.0,12,6.69
4181,502.0,13,6.71
4182,463.0,12,6.78
4183,424.0,11,6.75
4184,385.0,10,6.67
4185,347.0,10,6.61
4186,309.0,10,6.63
4187,271.0,9,6.75
4188,234.0,9,6.86
4189,197.0,9,6.79
4190,160.0,9,6.61
4191,122.0,8,6.49
4192,86.0,9,6.22
4193,50.0,9,5.86
4194,52.0,8,5.67
4195,62.0,10,5.52
4196,74.0,12,5.27
4197,87.0,13,5.15
4198,94.0,13,5.31
4199,103.0,13,5.41
4200,112.0,13,5.6
4201,121.0,13,5.83
4202,130.0,12,5.92
4203,142.0,12,6.21
4204,154.0,12,6.46
4205,166.0,12,6.86
4206,178.0,12,7.22
4207,190.0,12,7.13
4208,202.0,12,7.2
4209,214.0,12,7.17
4210,226.0,12,7.23
4211,238.0,12,7.34
4212,250.0,12,7.17
4213,262.0,12,7.36
4214,274.0,12,7.23
4215,286.0,12,7.38
4216,298.0,12,7.27
4217,310.0,12,7.41
4218,322.0,12,7.3
4219,334.0,12,7.2
4220,346.0,12,7.01
4221,358.0,12,6.89
4222,370.0,12,6.87
4223,382.0,12,6.88
4224,394.0,12,6.7
4225,406.0,12,6.59
4226,418.0,12,6.65
4227,430.0,12,6.5
4228,442.0,12,6.56
4229,454.0,12,6.61
4230,466.0,12,6.38
4231,478.0,12,6.4
4232,438.0,11,6.26
4233,400.0,10,6.47
4234,361.0,9,6.41
4235,323.0,8,6.62
4236,284.0,7,6.74
4237,245.0,6,7.18
4238,205.0,5,7.08
4239,210.0,5,7.16
4240,169.0,4,7.55
4241,127.0,3,7.57
4242,85.0,2,7.84
4243,43.0,1,7.52
4244,0.0,0,7.66
4245,0.0,0,6.93
4246,1.0,1,6.42
4247,3.0,2,6.42
4248,6.0,3,5.98
4249,5.0,2,5.66
4250,4.0,2,5.12
4251,2.0,1,5.41
4252,1.0,1,4.98
4253,0.0,0,5.07
4254,0.0,0,5.62
4255,0.0,0,5.9
4256,0.0,0,6.23
4257,0.0,0,6.56
4258,0.0,0,7.01
4259,0.0,0,8.03
4260,0.0,0,8.56
4261,0.0,0,8.95
4262,0.0,0,9.19
4263,0.0,0,9.49
4264,0.0,0,9.87
4265,0.0,0,9.94
4266,0.0,0,9.62
4267,0.0,0,9.62
4268,0.0,0,8.77
4269,1.0,1,8.31
4270,2.0,1,7.68
4271,4.0,2,6.87
4272,6.0,2,6.52
4273,8.0,2,5.97
4274,5.0,2,5.96
4275,2.0,1,6.41
4276,1.0,1,7.2
4277,0.0,0,8.13
4278,0.0,0,8.68
4279,0.0,0,9.22
4280,0.0,0,9.46
4281,0.0,0,9.86
4282,0.0,0,10.02
4283,0.0,0,10.16
4284,0.0,0,10.83
4285,0.0,0,11.29
4286,0.0,0,11.56
4287,0.0,0,12.24
4288,0.0,0,12.06
4289,0.0,0,12.06
4290,0.0,0,12.24
4291,0.0,0,12.03
4292,0.0,0,12.14
4293,0.0,0,12.23
4294,0.0,0,12.15
4295,0.0,0,12.1
4296,0.0,0,12.16
4297,0.0,0,12.12
4298,0.0,0,12.15
4299,0.0,0,12.21
4300,0.0,0,12.5
4301,0.0,0,12.69
4302,0.0,0,12.52
4303,0.0,0,12.37
4304,0.0,0,12.36
4305,0.0,0,12.38
4306,0.0,0,12.35
4307,0.0,0,12.29
4308,0.0,0,12.01
4309,0.0,0,12.16
4310,0.0,0,12.22
4311,0.0,0,11.91
4312,0.0,0,12.0
4313,0.0,0,12.08
4314,0.0,0,12.18
4315,0.0,0,11.86
4316,0.0,0,11.48
4317,0.0,0,11.66
4318,0.0,0,11.43
4319,0.0,0,11.47
4320,0.0,0,11.49
4321,0.0,0,11.54
4322,0.0,0,11.72
4323,0.0,0,12.09
4324,0.0,0,11.85
4325,0.0,0,11.45
4326,0.0,0,11.99
4327,0.0,0,11.84
4328,0.0,0,12.25
4329,0.0,0,12.54
4330,0.0,0,13.03
4331,0.0,0,13.09
4332,0.0,0,12.92
4333,0.0,0,12.19
4334,0.0,0,0.0
4335,0.0,0,0.0
4336,0.0,0,0.0
4337,0.0,0,0.0
4338,0.0,0,0.0
4339,0.0,0,0.0
4340,0.0,0,0.0
4341,0.0,0,0.0
4342,0.0,0,0.0
4343,0.0,0,0.0
4344,0.0,0,0.0
4345,0.0,0,0.0
4346,0.0,0,0.0
4347,0.0,0,0.0
4348,0.0,0,0.0
4349,0.0,0,0.0
4350,0.0,0,0.0
4351,0.0,0,0.0
4352,0.0,0,0.0
4353,0.0,0,0.0
4354,0.0,0,0.0
4355,0.0,0,0.0
4356,0.0,0,0.0
4357,0.0,0,0.0
4358,0.0,0,0.0
4359,0.0,0,0.0
4360,0.0,0,0.0
4361,0.0,0,0.0
4362,0.0,0,0.0
4363,0.0,0,0.0
4364,0.0,0,0.0
4365,0.0,0,0.0
4366,0.0,0,0.0
4367,0.0,0,0.0
4368,0.0,0,0.0
4369,0.0,0,0.0
4370,0.0,0,0.0
4371,0.0,0,0.0
4372,0.0,0,0.0
4373,0.0,0,0.0
4374,0.0,0,0.0
4375,0.0,0,0.0
4376,0.0,0,0.0
4377,0.0,0,0.0
4378,0.0,0,0.0
4379,0.0,0,0.0
4380,0.0,0,0.0
4381,0.0,0,0.0
4382,0.0,0,0.0
4383,0.0,0,0.0
4384,0.0,0,0.0
4385,0.0,0,0.0
4386,0.0,0,0.0
4387,0.0,0,0.0
4388,0.0,0,0.0
4389,0.0,0,0.0
4390,0.0,0,0.0
4391,0.0,0,0.0
4392,0.0,0,0.0
4393,0.0,0,0.0
4394,0.0,0,0.0
4395,0.0,0,0.0
4396,0.0,0,0.0
4397,0.0,0,0.0
4398,0.0,0,0.0
4399,0.0,0,0.0
4400,0.0,0,0.0
4401,0.0,0,0.0
4402,0.0,0,0.0
4403,0.0,0,0.0
4404,0.0,0,0.0
4405,0.0,0,0.0
4406,0.0,0,0.0
4407,0.0,0,0.0
4408,0.0,0,0.0
4409,0.0,0,0.0
4410,0.0,0,0.0
4411,0.0,0,0.0
4412,0.0,0,0.0
4413,0.0,0,0.0
4414,0.0,0,0.0
4415,0.0,0,0.0
4416,0.0,0,0.0
4417,0.0,0,0.0
4418,0.0,0,0.0
4419,0.0,0,0.0
4420,0.0,0,0.0
4421,0.0,0,0.0
4422,0.0,0,0.0
4423,0.0,0,0.0
4424,0.0,0,0.0
4425,0.0,0,0.0
4426,0.0,0,0.0
4427,0.0,0,0.0
4428,0.0,0,0.0
4429,0.0,0,0.0
4430,0.0,0,0.0
4431,0.0,0,0.0
4432,0.0,0,0.0
4433,0.0,0,0.0
4434,0.0,0,0.0
4435,0.0,0,0.0
4436,0.0,0,0.0
4437,0.0,0,0.0
4438,0.0,0,0.0
4439,0.0,0,0.0
4440,0.0,0,0.0
4441,0.0,0,0.0
4442,0.0,0,0.0
4443,0.0,0,0.0
4444,0.0,0,0.0
4445,0.0,0,0.0
4446,0.0,0,0.0
4447,0.0,0,0.0
4448,0.0,0,0.0
4449,0.0,0,0.0
4450,0.0,0,0.0
4451,0.0,0,0.0
4452,0.0,0,0.0
4453,0.0,0,0.0
4454,0.0,0,0.0
4455,0.0,0,0.0
4456,0.0,0,0.0
4457,0.0,0,0.0
4458,0.0,0,0.0
4459,0.0,0,0.0
4460,0.0,0,0.0
4461,0.0,0,0.0
4462,0.0,0,0.0
4463,0.0,0,0.0
4464,0.0,0,0.0
4465,0.0,0,0.0
4466,0.0,0,0.0
4467,0.0,0,0.0
4468,0.0,0,0.0
4469,0.0,0,0.0
4470,0.0,0,0.0
4471,0.0,0,0.0
4472,0.0,0,0.0
4473,0.0,0,0.0
4474,0.0,0,0.0
4475,0.0,0,0.0
4476,0.0,0,0.0
4477,0.0,0,0.0
4478,0.0,0,0.0
4479,0.0,0,0.0
4480,0.0,0,0.0
4481,0.0,0,0.0
4482,0.0,0,0.0
4483,0.0,0,0.0
4484,0.0,0,0.0
4485,0.0,0,0.0
4486,0.0,0,0.0
4487,0.0,0,0.0
4488,0.0,0,0.0
4489,0.0,0,0.0
4490,0.0,0,0.0
4491,0.0,0,0.0
4492,0.0,0,0.0
4493,0.0,0,0.0
4494,0.0,0,0.0
4495,0.0,0,0.0
4496,0.0,0,0.0
4497,0.0,0,0.0
4498,0.0,0,0.0
4499,0.0,0,0.0
4500,0.0,0,0.0
4501,0.0,0,0.0
4502,0.0,0,0.0
4503,0.0,0,0.0
4504,0.0,0,0.0
4505,0.0,0,0.0
4506,0.0,0,0.0
4507,0.0,0,0.0
4508,0.0,0,0.0
4509,0.0,0,0.0
4510,0.0,0,0.0
4511,0.0,0,0.0
4512,0.0,0,0.0
4513,0.0,0,0.0
4514,0.0,0,0.0
4515,0.0,0,0.0
4516,0.0,0,0.0
4517,0.0,0,0.0
4518,0.0,0,0.0
4519,0.0,0,0.0
4520,0.0,0,0.0
4521,0.0,0,0.0
4522,0.0,0,0.0
4523,0.0,0,0.0
4524,0.0,0,0.0
4525,0.0,0,0.0
4526,0.0,0,0.0
4527,0.0,0,0.0
4528,0.0,0,0.0
4529,0.0,0,0.0
4530,0.0,0,0.0
4531,0.0,0,0.0
4532,0.0,0,0.0
4533,0.0,0,0.0
4534,0.0,0,0.0
4535,0.0,0,0.0
4536,0.0,0,0.0
4537,0.0,0,0.0
4538,0.0,0,0.0
4539,0.0,0,0.0
4540,0.0,0,0.0
4541,0.0,0,0.0
4542,0.0,0,0.0
4543,0.0,0,0.0
4544,0.0,0,0.0
4545,0.0,0,0.0
4546,0.0,0,0.0
4547,0.0,0,0.0
4548,0.0,0,0.0
4549,0.0,0,0.0
4550,0.0,0,0.0
4551,0.0,0,0.0
4552,0.0,0,0.0
4553,0.0,0,0.0
4554,0.0,0,0.0
4555,0.0,0,0.0
4556,0.0,0,0.0
4557,0.0,0,0.0
4558,0.0,0,0.0
4559,0.0,0,0.0
4560,0.0,0,0.0
4561,0.0,0,0.0
4562,0.0,0,0.0
4563,0.0,0,0.0
4564,0.0,0,0.0
4565,0.0,0,0.0
4566,0.0,0,0.0
4567,0.0,0,0.0
4568,0.0,0,0.0
4569,0.0,0,0.0
4570,0.0,0,0.0
4571,0.0,0,0.0
4572,0.0,0,0.0
4573,0.0,0,0.0
4574,0.0,0,0.0
4575,0.0,0,0.0
4576,0.0,0,0.0
4577,0.0,0,0.0
4578,0.0,0,0.0
4579,0.0,0,0.0
4580,0.0,0,0.0
4581,0.0,0,0.0
4582,0.0,0,0.0
4583,0.0,0,0.0
4584,0.0,0,0.0
4585,0.0,0,0.0
4586,0.0,0,0.0
4587,0.0,0,0.0
4588,0.0,0,0.0
4589,0.0,0,0.0
4590,0.0,0,0.0
4591,0.0,0,0.0
4592,0.0,0,0.0
4593,0.0,0,0.0
4594,0.0,0,0.0
4595,0.0,0,0.0
4596,0.0,0,0.0
4597,0.0,0,0.0
4598,0.0,0,0.0
4599,0.0,0,0.0
4600,0.0,0,0.0
4601,0.0,0,0.0
4602,0.0,0,0.0
4603,0.0,0,0.0
4604,0.0,0,0.0
4605,0.0,0,0.0
4606,0.0,0,0.0
4607,0.0,0,0.0
4608,0.0,0,0.0
4609,0.0,0,0.0
4610,0.0,0,0.0
4611,0.0,0,0.0
4612,0.0,0,0.0
4613,0.0,0,0.0
4614,0.0,0,0.0
4615,0.0,0,0.0
4616,0.0,0,0.0
4617,0.0,0,0.0
4618,0.0,0,0.0
4619,0.0,0,0.0
4620,0.0,0,0.0
4621,0.0,0,0.0
4622,0.0,0,0.0
4623,0.0,0,0.0
4624,0.0,0,0.0
4625,0.0,0,0.0
4626,0.0,0,0.0
4627,0.0,0,0.0
4628,0.0,0,0.0
4629,0.0,0,0.0
4630,0.0,0,0.0
4631,0.0,0,0.0
4632,0.0,0,0.0
4633,0.0,0,0.0
4634,0.0,0,0.0
4635,0.0,0,0.0
4636,0.0,0,0.0
4637,0.0,0,0.0
4638,0.0,0,0.0
4639,0.0,0,0.0
4640,0.0,0,0.0
4641,0.0,0,0.0
4642,0.0,0,0.0
4643,0.0,0,0.0
4644,0.0,0,0.0
4645,0.0,0,0.0
4646,0.0,0,0.0
4647,0.0,0,0.0
4648,0.0,0,0.0
4649,0.0,0,0.0
4650,0.0,0,0.0
4651,0.0,0,0.0
4652,0.0,0,0.0
4653,0.0,0,0.0
4654,0.0,0,0.0
4655,0.0,0,0.0
4656,0.0,0,0.0
4657,0.0,0,0.0
4658,0.0,0,0.0
4659,0.0,0,0.0
4660,0.0,0,0.0
4661,0.0,0,0.0
4662,0.0,0,0.0
4663,0.0,0,0.0
4664,0.0,0,0.0
4665,0.0,0,0.0
4666,0.0,0,0.0
4667,0.0,0,0.0
4668,0.0,0,0.0
4669,0.0,0,0.0
4670,0.0,0,0.0
4671,0.0,0,0.0
4672,0.0,0,0.0
4673,0.0,0,0.0
4674,0.0,0,0.0
4675,0.0,0,0.0
4676,0.0,0,0.0
4677,0.0,0,0.0
4678,0.0,0,0.0
4679,0.0,0,0.0
4680,0.0,0,0.0
4681,0.0,0,0.0
4682,0.0,0,0.0
4683,0.0,0,0.0
4684,0.0,0,0.0
4685,0.0,0,0.0
4686,0.0,0,0.0
4687,0.0,0,0.0
4688,0.0,0,0.0
4689,0.0,0,0.0
4690,0.0,0,0.0
4691,0.0,0,0.0
4692,0.0,0,0.0
4693,0.0,0,0.0
4694,0.0,0,0.0
4695,0.0,0,0.0
4696,0.0,0,0.0
4697,0.0,0,0.0
4698,0.0,0,0.0
4699,0.0,0,0.0
4700,0.0,0,0.0
4701,0.0,0,0.0
4702,0.0,0,0.0
4703,0.0,0,0.0
4704,0.0,0,0.0
4705,0.0,0,0.0
4706,0.0,0,0.0
4707,0.0,0,0.0
4708,0.0,0,0.0
4709,0.0,0,0.0
4710,0.0,0,0.0
4711,0.0,0,0.0
4712,0.0,0,0.0
4713,0.0,0,0.0
4714,0.0,0,0.0
4715,0.0,0,0.0
4716,0.0,0,0.0
4717,0.0,0,0.0
4718,0.0,0,0.0
4719,0.0,0,0.0
4720,0.0,0,0.0
4721,0.0,0,0.0
4722,0.0,0,0.0
4723,0.0,0,0.0
4724,0.0,0,0.0
4725,0.0,0,0.0
4726,0.0,0,0.0
4727,0.0,0,0.0
4728,0.0,0,0.0
4729,0.0,0,0.0
4730,0.0,0,0.0
4731,0.0,0,0.0
4732,0.0,0,0.0
4733,0.0,0,0.0
4734,0.0,0,0.0
4735,0.0,0,0.0
4736,0.0,0,0.0
4737,0.0,0,0.0
4738,0.0,0,0.0
4739,0.0,0,0.0
4740,0.0,0,0.0
4741,0.0,0,0.0
4742,0.0,0,0.0
4743,0.0,0,0.0
4744,0.0,0,0.0
4745,0.0,0,0.0
4746,0.0,0,0.0
4747,0.0,0,0.0
4748,0.0,0,0.0
4749,0.0,0,0.0
4750,0.0,0,0.0
4751,0.0,0,0.0
4752,0.0,0,0.0
4753,0.0,0,0.0
4754,0.0,0,0.0
4755,0.0,0,0.0
4756,0.0,0,0.0
4757,0.0,0,0.0
4758,0.0,0,0.0
4759,0.0,0,0.0
4760,0.0,0,0.0
4761,0.0,0,0.0
4762,0.0,0,0.0
4763,0.0,0,0.0
4764,0.0,0,0.0
4765,0.0,0,0.0
4766,0.0,0,0.0
4767,0.0,0,0.0
4768,0.0,0,0.0
4769,0.0,0,0.0
4770,0.0,0,0.0
4771,0.0,0,0.0
4772,0.0,0,0.0
4773,0.0,0,0.0
4774,0.0,0,0.0
4775,0.0,0,0.0
4776,0.0,0,0.0
4777,0.0,0,0.0
4778,0.0,0,0.0
4779,0.0,0,0.0
4780,0.0,0,0.0
4781,0.0,0,0.0
4782,0.0,0,0.0
4783,0.0,0,0.0
4784,0.0,0,0.0
4785,0.0,0,0.0
4786,0.0,0,0.0
4787,0.0,0,0.0
4788,0.0,0,0.0
4789,0.0,0,0.0
4790,0.0,0,0.0
4791,0.0,0,0.0
4792,0.0,0,0.0
4793,0.0,0,0.0
4794,0.0,0,0.0
4795,0.0,0,0.0
4796,0.0,0,0.0
4797,0.0,0,0.0
4798,0.0,0,0.0
4799,0.0,0,0.0
4800,0.0,0,0.0
4801,0.0,0,0.0
4802,0.0,0,0.0
4803,0.0,0,0.0
4804,0.0,0,0.0
4805,0.0,0,0.0
4806,0.0,0,0.0
4807,0.0,0,0.0
4808,0.0,0,0.0
4809,0.0,0,0.0
4810,0.0,0,0.0
4811,0.0,0,0.0
4812,0.0,0,0.0
4813,0.0,0,0.0
4814,0.0,0,0.0
4815,0.0,0,0.0
4816,0.0,0,0.0
4817,0.0,0,0.0
4818,0.0,0,0.0
4819,0.0,0,0.0
4820,0.0,0,0.0
4821,0.0,0,0.0
4822,0.0,0,0.0
4823,0.0,0,0.0
4824,0.0,0,0.0
4825,0.0,0,0.0
4826,0.0,0,0.0
4827,0.0,0,0.0
4828,0.0,0,0.0
4829,0.0,0,0.0
4830,0.0,0,0.0
4831,0.0,0,0.0
4832,0.0,0,0.0
4833,0.0,0,0.0
4834,0.0,0,0.0
4835,0.0,0,0.0
4836,0.0,0,0.0
4837,0.0,0,0.0
4838,0.0,0,0.0
4839,0.0,0,0.0
4840,0.0,0,0.0
4841,0.0,0,0.0
4842,0.0,0,0.0
4843,0.0,0,0.0
4844,0.0,0,0.0
4845,0.0,0,0.0
4846,0.0,0,0.0
4847,0.0,0,0.0
4848,0.0,0,0.0
4849,0.0,0,0.0
4850,0.0,0,0.0
4851,0.0,0,0.0
4852,0.0,0,0.0
4853,0.0,0,0.0
4854,0.0,0,0.0
4855,0.0,0,0.0
4856,0.0,0,0.0
4857,0.0,0,0.0
4858,0.0,0,0.0
4859,0.0,0,0.0
4860,0.0,0,0.0
4861,0.0,0,0.0
4862,0.0,0,0.0
4863,0.0,0,0.0
4864,0.0,0,0.0
4865,0.0,0,0.0
4866,0.0,0,0.0
4867,0.0,0,0.0
4868,0.0,0,0.0
4869,0.0,0,0.0
4870,0.0,0,0.0
4871,0.0,0,0.0
4872,0.0,0,0.0
4873,0.0,0,0.0
4874,0.0,0,0.0
4875,0.0,0,0.0
4876,0.0,0,0.0
4877,0.0,0,0.0
4878,0.0,0,0.0
4879,0.0,0,0.0
4880,0.0,0,0.0
4881,0.0,0,0.0
4882,0.0,0,0.0
4883,0.0,0,0.0
4884,0.0,0,0.0
4885,0.0,0,0.0
4886,0.0,0,0.0
4887,0.0,0,0.0
4888,0.0,0,0.0
4889,0.0,0,0.0
4890,0.0,0,0.0
4891,0.0,0,0.0
4892,0.0,0,0.0
4893,0.0,0,0.0
4894,0.0,0,0.0
4895,0.0,0,0.0
4896,0.0,0,0.0
4897,0.0,0,0.0
4898,0.0,0,0.0
4899,0.0,0,0.0
4900,0.0,0,0.0
4901,0.0,0,0.0
4902,0.0,0,0.0
4903,0.0,0,0.0
4904,0.0,0,0.0
4905,0.0,0,0.0
4906,0.0,0,0.0
4907,0.0,0,0.0
4908,0.0,0,0.0
4909,0.0,0,0.0
4910,0.0,0,0.0
4911,0.0,0,0.0
4912,0.0,0,0.0
4913,0.0,0,0.0
4914,0.0,0,0.0
4915,0.0,0,0.0
4916,0.0,0,0.0
4917,0.0,0,0.0
4918,0.0,0,0.0
4919,0.0,0,0.0
4920,0.0,0,0.0
4921,0.0,0,0.0
4922,0.0,0,0.0
4923,0.0,0,0.0
4924,0.0,0,0.0
4925,0.0,0,0.0
4926,0.0,0,0.0
4927,0.0,0,0.0
4928,0.0,0,0.0
4929,0.0,0,0.0
4930,0.0,0,0.0
4931,0.0,0,0.0
4932,0.0,0,0.0
4933,0.0,0,0.0
4934,0.0,0,0.0
4935,0.0,0,0.0
4936,0.0,0,0.0
4937,0.0,0,0.0
4938,0.0,0,0.0
4939,0.0,0,0.0
4940,0.0,0,0.0
4941,0.0,0,0.0
4942,0.0,0,0.0
4943,0.0,0,0.0
4944,0.0,0,0.0
4945,0.0,0,0.0
4946,0.0,0,0.0
4947,0.0,0,0.0
4948,0.0,0,0.0
4949,0.0,0,0.0
4950,0.0,0,0.0
4951,0.0,0,0.0
4952,0.0,0,0.0
4953,0.0,0,0.0
4954,0.0,0,0.0
4955,0.0,0,0.0
4956,0.0,0,0.0
4957,0.0,0,0.0
4958,0.0,0,0.0
4959,0.0,0,0.0
4960,0.0,0,0.0
4961,0.0,0,0.0
4962,0.0,0,0.0
4963,0.0,0,0.0
4964,0.0,0,0.0
4965,0.0,0,0.0
4966,0.0,0,0.0
4967,0.0,0,0.0
4968,0.0,0,0.0
4969,0.0,0,0.0
4970,0.0,0,0.0
4971,0.0,0,0.0
4972,0.0,0,0.0
4973,0.0,0,0.0
4974,0.0,0,0.0
4975,0.0,0,0.0
4976,0.0,0,0.0
4977,0.0,0,0.0
4978,0.0,0,0.0
4979,0.0,0,0.0
4980,0.0,0,0.0
4981,0.0,0,0.0
4982,0.0,0,0.0
4983,0.0,0,0.0
4984,0.0,0,0.0
4985,0.0,0,0.0
4986,0.0,0,0.0
4987,0.0,0,0.0
4988,0.0,0,0.0
4989,0.0,0,0.0
4990,0.0,0,0.0
4991,0.0,0,0.0
4992,0.0,0,0.0
4993,0.0,0,0.0
4994,0.0,0,0.0
4995,0.0,0,0.0
4996,0.0,0,0.0
4997,0.0,0,0.0
4998,0.0,0,0.0
4999,0.0,0,0.0
